description;name;graph_f;jobs_f;distribution;jobs_num;workers_num;time_limit;schedule;gap;time;makespan;avg_delta;max_delta;last_delta;all_params
deterministic baseline model;DET;./Data/PrecedenceGraphs/LOVATO_gr_aircraft1.txt;./Data/Tasks/uniform/tasks_uniform_194_0.txt;uniform;194;10;900;[(0, 9, 0), (1, 0, 1), (2, 9, 1), (3, 6, 21), (4, 1, 1), (5, 7, 1), (6, 8, 1), (7, 4, 1), (8, 3, 1), (9, 3, 8), (10, 6, 1), (11, 8, 6), (12, 7, 25), (13, 9, 7), (14, 8, 14), (15, 0, 11), (16, 0, 26), (17, 3, 16), (18, 7, 7), (19, 3, 30), (20, 2, 7), (21, 5, 8), (22, 1, 14), (23, 0, 16), (24, 5, 41), (25, 5, 32), (26, 3, 40), (27, 9, 30), (28, 1, 50), (29, 2, 16), (30, 6, 42), (31, 5, 24), (32, 0, 51), (33, 7, 16), (34, 5, 51), (35, 6, 15), (36, 4, 15), (37, 1, 27), (38, 1, 21), (39, 0, 60), (40, 6, 49), (41, 4, 52), (42, 0, 37), (43, 4, 26), (44, 4, 47), (45, 0, 44), (46, 3, 63), (47, 9, 25), (48, 1, 36), (49, 4, 36), (50, 6, 36), (51, 1, 76), (52, 9, 44), (53, 2, 33), (54, 3, 52), (55, 0, 83), (56, 7, 42), (57, 1, 45), (58, 1, 84), (59, 3, 57), (60, 9, 57), (61, 2, 42), (62, 1, 90), (63, 6, 93), (64, 8, 127), (65, 7, 49), (66, 2, 90), (67, 1, 63), (68, 1, 68), (69, 9, 64), (70, 8, 52), (71, 0, 98), (72, 1, 104), (73, 6, 103), (74, 2, 103), (75, 9, 74), (76, 0, 69), (77, 4, 98), (78, 0, 76), (79, 4, 74), (80, 7, 74), (81, 6, 60), (82, 0, 105), (83, 9, 113), (84, 3, 103), (85, 7, 103), (86, 5, 82), (87, 2, 82), (88, 5, 68), (89, 5, 114), (90, 5, 122), (91, 0, 120), (92, 6, 120), (93, 8, 109), (94, 1, 98), (95, 4, 89), (96, 3, 83), (97, 3, 76), (98, 8, 122), (99, 4, 128), (100, 0, 126), (101, 3, 126), (102, 2, 114), (103, 3, 96), (104, 8, 96), (105, 7, 96), (106, 8, 83), (107, 6, 83), (108, 7, 83), (109, 2, 127), (110, 8, 145), (111, 6, 134), (112, 1, 122), (113, 0, 114), (114, 4, 103), (115, 5, 143), (116, 4, 119), (117, 4, 114), (118, 5, 89), (119, 5, 136), (120, 0, 136), (121, 5, 161), (122, 1, 142), (123, 5, 108), (124, 3, 152), (125, 5, 130), (126, 5, 152), (127, 5, 96), (128, 4, 145), (129, 3, 145), (130, 2, 170), (131, 0, 152), (132, 9, 150), (133, 9, 161), (134, 0, 145), (135, 2, 161), (136, 4, 108), (137, 9, 102), (138, 7, 152), (139, 2, 152), (140, 4, 155), (141, 1, 174), (142, 0, 159), (143, 3, 178), (144, 8, 152), (145, 1, 166), (146, 8, 136), (147, 3, 112), (148, 3, 165), (149, 4, 169), (150, 0, 169), (151, 7, 122), (152, 3, 172), (153, 6, 182), (154, 6, 177), (155, 3, 184), (156, 7, 131), (157, 8, 178), (158, 6, 191), (159, 5, 182), (160, 7, 182), (161, 2, 182), (162, 5, 188), (163, 4, 197), (164, 7, 140), (165, 5, 170), (166, 4, 190), (167, 8, 194), (168, 6, 148), (169, 0, 179), (170, 7, 197), (171, 3, 197), (172, 0, 199), (173, 6, 155), (174, 2, 188), (175, 8, 199), (176, 2, 205), (177, 7, 207), (178, 5, 207), (179, 2, 210), (180, 8, 165), (181, 4, 207), (182, 5, 216), (183, 6, 171), (184, 9, 176), (185, 4, 176), (186, 9, 183), (187, 8, 184), (188, 9, 193), (189, 1, 193), (190, 5, 200), (191, 6, 206), (192, 6, 214), (193, 3, 221)];0;0.5477409362792969;222;7.5548075627369276;21.991100246515327;21.991100246515327;{}
Sensitivity analysis buffer time model (param q);BT10;./Data/PrecedenceGraphs/LOVATO_gr_aircraft1.txt;./Data/Tasks/uniform/tasks_uniform_194_0.txt;uniform;194;10;900;[(0, 3, 0), (1, 0, 1), (2, 4, 40), (3, 5, 1), (4, 9, 1), (5, 3, 1), (6, 4, 1), (7, 7, 60), (8, 9, 9), (9, 8, 1), (10, 1, 12), (11, 1, 1), (12, 2, 1), (13, 7, 1), (14, 3, 12), (15, 0, 12), (16, 3, 21), (17, 5, 12), (18, 3, 48), (19, 1, 180), (20, 4, 10), (21, 2, 130), (22, 4, 22), (23, 2, 252), (24, 1, 161), (25, 0, 21), (26, 8, 35), (27, 3, 36), (28, 1, 84), (29, 7, 19), (30, 3, 30), (31, 2, 22), (32, 6, 22), (33, 1, 22), (34, 8, 22), (35, 4, 141), (36, 4, 246), (37, 4, 30), (38, 9, 30), (39, 8, 61), (40, 8, 72), (41, 1, 45), (42, 7, 45), (43, 7, 31), (44, 1, 36), (45, 4, 48), (46, 0, 51), (47, 5, 32), (48, 3, 149), (49, 5, 87), (50, 1, 52), (51, 5, 62), (52, 7, 54), (53, 0, 39), (54, 6, 43), (55, 2, 39), (56, 0, 61), (57, 1, 174), (58, 5, 71), (59, 4, 92), (60, 2, 91), (61, 5, 51), (62, 9, 49), (63, 6, 50), (64, 8, 50), (65, 6, 124), (66, 7, 78), (67, 4, 120), (68, 9, 136), (69, 5, 100), (70, 4, 62), (71, 2, 58), (72, 1, 62), (73, 5, 78), (74, 4, 100), (75, 6, 146), (76, 7, 136), (77, 8, 88), (78, 7, 145), (79, 6, 113), (80, 8, 149), (81, 2, 71), (82, 1, 74), (83, 4, 74), (84, 7, 128), (85, 4, 111), (86, 3, 161), (87, 5, 124), (88, 6, 80), (89, 6, 90), (90, 8, 95), (91, 2, 84), (92, 4, 84), (93, 3, 139), (94, 1, 202), (95, 6, 136), (96, 5, 113), (97, 7, 90), (98, 7, 108), (99, 0, 92), (100, 1, 92), (101, 3, 92), (102, 2, 160), (103, 0, 146), (104, 2, 198), (105, 9, 183), (106, 2, 100), (107, 7, 100), (108, 3, 101), (109, 1, 117), (110, 9, 104), (111, 6, 101), (112, 7, 187), (113, 0, 204), (114, 8, 189), (115, 3, 189), (116, 1, 129), (117, 2, 112), (118, 1, 108), (119, 2, 207), (120, 4, 129), (121, 0, 111), (122, 3, 110), (123, 0, 233), (124, 3, 200), (125, 4, 149), (126, 9, 126), (127, 9, 117), (128, 4, 156), (129, 2, 150), (130, 2, 215), (131, 7, 119), (132, 2, 119), (133, 5, 211), (134, 2, 180), (135, 8, 141), (136, 1, 143), (137, 3, 126), (138, 6, 192), (139, 6, 171), (140, 6, 160), (141, 2, 223), (142, 8, 130), (143, 7, 237), (144, 0, 220), (145, 3, 169), (146, 4, 167), (147, 2, 139), (148, 7, 178), (149, 5, 141), (150, 9, 162), (151, 9, 150), (152, 4, 228), (153, 1, 151), (154, 7, 172), (155, 2, 172), (156, 8, 162), (157, 3, 246), (158, 0, 161), (159, 8, 178), (160, 4, 192), (161, 4, 201), (162, 9, 189), (163, 2, 188), (164, 9, 172), (165, 5, 172), (166, 6, 201), (167, 4, 220), (168, 4, 183), (169, 6, 182), (170, 6, 209), (171, 4, 209), (172, 1, 228), (173, 0, 192), (174, 5, 192), (175, 1, 192), (176, 8, 220), (177, 4, 237), (178, 3, 220), (179, 3, 230), (180, 9, 204), (181, 4, 255), (182, 3, 238), (183, 0, 213), (184, 7, 220), (185, 6, 220), (186, 9, 230), (187, 7, 230), (188, 2, 243), (189, 9, 243), (190, 1, 253), (191, 1, 262), (192, 5, 272), (193, 1, 282)];0;0.5211832523345947;283;0.0;0.0;0.0;{'threshold': 0.1}
Sensitivity analysis buffer time model (param q);BT20;./Data/PrecedenceGraphs/LOVATO_gr_aircraft1.txt;./Data/Tasks/uniform/tasks_uniform_194_0.txt;uniform;194;10;900;[(0, 3, 0), (1, 0, 1), (2, 4, 38), (3, 5, 1), (4, 9, 1), (5, 3, 1), (6, 4, 1), (7, 7, 57), (8, 9, 8), (9, 8, 1), (10, 1, 11), (11, 1, 1), (12, 2, 1), (13, 7, 1), (14, 3, 12), (15, 0, 12), (16, 3, 21), (17, 5, 12), (18, 3, 45), (19, 1, 191), (20, 4, 9), (21, 2, 122), (22, 4, 20), (23, 2, 246), (24, 1, 162), (25, 0, 21), (26, 8, 32), (27, 3, 35), (28, 1, 110), (29, 7, 18), (30, 3, 29), (31, 2, 21), (32, 6, 21), (33, 1, 20), (34, 8, 20), (35, 4, 130), (36, 4, 225), (37, 4, 28), (38, 9, 28), (39, 8, 57), (40, 8, 67), (41, 1, 49), (42, 7, 43), (43, 7, 29), (44, 1, 35), (45, 4, 45), (46, 0, 31), (47, 5, 30), (48, 3, 140), (49, 5, 104), (50, 1, 41), (51, 5, 59), (52, 7, 51), (53, 0, 37), (54, 6, 41), (55, 2, 36), (56, 0, 49), (57, 1, 79), (58, 5, 68), (59, 4, 85), (60, 2, 85), (61, 5, 48), (62, 9, 47), (63, 6, 47), (64, 8, 47), (65, 6, 58), (66, 7, 75), (67, 4, 110), (68, 9, 118), (69, 5, 92), (70, 4, 59), (71, 2, 56), (72, 1, 58), (73, 5, 75), (74, 4, 92), (75, 6, 69), (76, 7, 102), (77, 8, 84), (78, 7, 133), (79, 6, 112), (80, 8, 144), (81, 2, 68), (82, 1, 69), (83, 4, 69), (84, 7, 126), (85, 4, 102), (86, 3, 151), (87, 5, 122), (88, 6, 77), (89, 6, 103), (90, 8, 90), (91, 2, 78), (92, 4, 78), (93, 3, 133), (94, 1, 174), (95, 6, 130), (96, 5, 142), (97, 7, 86), (98, 7, 120), (99, 0, 85), (100, 1, 85), (101, 3, 85), (102, 2, 168), (103, 0, 139), (104, 2, 195), (105, 9, 172), (106, 2, 95), (107, 7, 95), (108, 3, 158), (109, 1, 126), (110, 9, 96), (111, 6, 94), (112, 7, 177), (113, 0, 191), (114, 8, 178), (115, 3, 178), (116, 1, 152), (117, 2, 106), (118, 1, 102), (119, 2, 203), (120, 4, 137), (121, 0, 103), (122, 3, 103), (123, 0, 217), (124, 3, 188), (125, 4, 162), (126, 9, 127), (127, 9, 110), (128, 4, 148), (129, 2, 148), (130, 2, 211), (131, 7, 112), (132, 2, 112), (133, 5, 198), (134, 2, 177), (135, 8, 137), (136, 1, 118), (137, 3, 118), (138, 6, 182), (139, 6, 223), (140, 6, 157), (141, 2, 234), (142, 8, 122), (143, 7, 220), (144, 0, 205), (145, 3, 165), (146, 4, 215), (147, 2, 130), (148, 7, 168), (149, 5, 133), (150, 9, 152), (151, 9, 141), (152, 4, 242), (153, 1, 142), (154, 7, 161), (155, 2, 161), (156, 8, 152), (157, 3, 250), (158, 0, 152), (159, 8, 167), (160, 4, 180), (161, 4, 189), (162, 9, 178), (163, 2, 185), (164, 9, 162), (165, 5, 162), (166, 6, 189), (167, 4, 208), (168, 4, 172), (169, 6, 172), (170, 6, 213), (171, 4, 197), (172, 1, 215), (173, 0, 180), (174, 5, 182), (175, 1, 182), (176, 8, 223), (177, 4, 234), (178, 3, 208), (179, 3, 225), (180, 9, 191), (181, 4, 250), (182, 3, 218), (183, 0, 199), (184, 7, 205), (185, 6, 205), (186, 9, 214), (187, 7, 214), (188, 2, 226), (189, 9, 226), (190, 1, 235), (191, 1, 243), (192, 5, 252), (193, 1, 261)];0;0.5244431495666504;262;0.18081286084865397;0.459584;0.2966914286336469;{'threshold': 0.2}
Sensitivity analysis buffer time model (param q);BT30;./Data/PrecedenceGraphs/LOVATO_gr_aircraft1.txt;./Data/Tasks/uniform/tasks_uniform_194_0.txt;uniform;194;10;900;[(0, 6, 0), (1, 0, 1), (2, 0, 12), (3, 3, 1), (4, 4, 1), (5, 2, 1), (6, 9, 1), (7, 3, 11), (8, 7, 1), (9, 8, 18), (10, 2, 47), (11, 2, 29), (12, 9, 7), (13, 0, 35), (14, 7, 12), (15, 2, 12), (16, 7, 21), (17, 6, 12), (18, 3, 19), (19, 6, 51), (20, 8, 8), (21, 3, 25), (22, 8, 38), (23, 8, 131), (24, 5, 119), (25, 7, 110), (26, 5, 21), (27, 0, 21), (28, 5, 47), (29, 2, 18), (30, 8, 29), (31, 8, 83), (32, 0, 177), (33, 9, 18), (34, 9, 28), (35, 9, 45), (36, 2, 116), (37, 4, 46), (38, 2, 95), (39, 2, 85), (40, 4, 31), (41, 0, 29), (42, 7, 41), (43, 6, 29), (44, 7, 35), (45, 6, 114), (46, 6, 187), (47, 9, 39), (48, 1, 72), (49, 0, 214), (50, 9, 56), (51, 3, 35), (52, 7, 49), (53, 5, 37), (54, 2, 41), (55, 3, 45), (56, 9, 63), (57, 8, 100), (58, 6, 44), (59, 3, 56), (60, 2, 77), (61, 0, 47), (62, 7, 67), (63, 7, 56), (64, 2, 56), (65, 0, 93), (66, 8, 51), (67, 3, 63), (68, 1, 63), (69, 8, 63), (70, 5, 58), (71, 7, 76), (72, 2, 67), (73, 5, 76), (74, 0, 67), (75, 7, 104), (76, 2, 109), (77, 7, 84), (78, 0, 196), (79, 8, 74), (80, 3, 74), (81, 5, 67), (82, 6, 84), (83, 0, 77), (84, 4, 100), (85, 2, 125), (86, 1, 83), (87, 4, 92), (88, 9, 76), (89, 3, 94), (90, 7, 94), (91, 4, 85), (92, 3, 85), (93, 6, 108), (94, 8, 185), (95, 1, 100), (96, 0, 224), (97, 0, 85), (98, 2, 103), (99, 3, 109), (100, 5, 92), (101, 9, 92), (102, 8, 115), (103, 5, 189), (104, 8, 124), (105, 0, 129), (106, 0, 135), (107, 8, 93), (108, 2, 132), (109, 5, 109), (110, 3, 103), (111, 9, 101), (112, 7, 124), (113, 7, 135), (114, 1, 151), (115, 0, 146), (116, 4, 146), (117, 5, 154), (118, 6, 100), (119, 4, 119), (120, 0, 119), (121, 3, 163), (122, 0, 110), (123, 2, 179), (124, 6, 156), (125, 7, 156), (126, 7, 206), (127, 8, 108), (128, 4, 129), (129, 3, 129), (130, 7, 234), (131, 3, 119), (132, 1, 119), (133, 9, 174), (134, 3, 173), (135, 9, 216), (136, 1, 128), (137, 9, 115), (138, 1, 145), (139, 9, 148), (140, 0, 166), (141, 3, 190), (142, 6, 128), (143, 3, 183), (144, 4, 188), (145, 2, 222), (146, 1, 135), (147, 9, 126), (148, 8, 177), (149, 3, 139), (150, 9, 139), (151, 5, 137), (152, 2, 192), (153, 0, 156), (154, 5, 148), (155, 2, 148), (156, 8, 147), (157, 9, 199), (158, 5, 166), (159, 2, 161), (160, 3, 154), (161, 6, 166), (162, 2, 154), (163, 7, 224), (164, 8, 157), (165, 4, 157), (166, 7, 163), (167, 2, 173), (168, 9, 166), (169, 8, 167), (170, 5, 172), (171, 7, 185), (172, 4, 179), (173, 7, 174), (174, 5, 181), (175, 0, 187), (176, 2, 199), (177, 1, 196), (178, 0, 204), (179, 1, 242), (180, 2, 185), (181, 1, 203), (182, 1, 214), (183, 8, 192), (184, 6, 198), (185, 7, 198), (186, 5, 206), (187, 9, 206), (188, 7, 217), (189, 6, 217), (190, 4, 225), (191, 1, 232), (192, 2, 241), (193, 8, 249)];0;0.5161721706390381;250;0.5053501356984822;1.6113146011695225;1.51428990360002;{'threshold': 0.3}
Sensitivity analysis buffer time model (param q);BT40;./Data/PrecedenceGraphs/LOVATO_gr_aircraft1.txt;./Data/Tasks/uniform/tasks_uniform_194_0.txt;uniform;194;10;900;[(0, 3, 0), (1, 0, 1), (2, 4, 34), (3, 5, 1), (4, 9, 1), (5, 3, 1), (6, 4, 1), (7, 7, 50), (8, 9, 7), (9, 8, 1), (10, 1, 10), (11, 1, 1), (12, 2, 1), (13, 7, 1), (14, 3, 11), (15, 0, 11), (16, 3, 19), (17, 5, 11), (18, 3, 40), (19, 1, 171), (20, 4, 8), (21, 2, 109), (22, 4, 18), (23, 2, 220), (24, 1, 145), (25, 0, 19), (26, 8, 29), (27, 3, 31), (28, 1, 98), (29, 7, 16), (30, 3, 26), (31, 2, 19), (32, 6, 19), (33, 1, 18), (34, 8, 18), (35, 4, 116), (36, 4, 201), (37, 4, 25), (38, 9, 25), (39, 8, 51), (40, 8, 60), (41, 1, 43), (42, 7, 38), (43, 7, 26), (44, 1, 31), (45, 4, 40), (46, 0, 28), (47, 5, 27), (48, 3, 124), (49, 5, 93), (50, 1, 36), (51, 5, 53), (52, 7, 45), (53, 0, 33), (54, 6, 36), (55, 2, 32), (56, 0, 43), (57, 1, 71), (58, 5, 61), (59, 4, 76), (60, 2, 76), (61, 5, 43), (62, 9, 41), (63, 6, 42), (64, 8, 42), (65, 6, 52), (66, 7, 67), (67, 4, 98), (68, 9, 114), (69, 5, 82), (70, 4, 53), (71, 2, 49), (72, 1, 52), (73, 5, 67), (74, 4, 82), (75, 6, 62), (76, 7, 91), (77, 8, 75), (78, 7, 122), (79, 6, 100), (80, 8, 103), (81, 2, 61), (82, 1, 62), (83, 4, 62), (84, 7, 112), (85, 4, 91), (86, 3, 140), (87, 5, 109), (88, 6, 69), (89, 6, 92), (90, 8, 80), (91, 2, 70), (92, 4, 70), (93, 3, 118), (94, 1, 156), (95, 6, 116), (96, 5, 127), (97, 7, 77), (98, 7, 107), (99, 0, 76), (100, 1, 76), (101, 3, 76), (102, 2, 150), (103, 0, 124), (104, 2, 181), (105, 9, 154), (106, 2, 85), (107, 7, 85), (108, 3, 134), (109, 1, 112), (110, 9, 86), (111, 6, 84), (112, 7, 158), (113, 0, 171), (114, 8, 159), (115, 3, 159), (116, 1, 136), (117, 2, 95), (118, 1, 91), (119, 2, 174), (120, 4, 122), (121, 0, 92), (122, 3, 92), (123, 0, 194), (124, 3, 168), (125, 4, 145), (126, 9, 105), (127, 9, 98), (128, 4, 132), (129, 2, 132), (130, 2, 188), (131, 7, 100), (132, 2, 100), (133, 5, 177), (134, 2, 158), (135, 8, 119), (136, 1, 105), (137, 3, 105), (138, 6, 163), (139, 6, 199), (140, 6, 140), (141, 2, 209), (142, 8, 109), (143, 7, 196), (144, 0, 183), (145, 3, 146), (146, 4, 192), (147, 2, 116), (148, 7, 150), (149, 5, 119), (150, 9, 136), (151, 9, 126), (152, 4, 216), (153, 1, 127), (154, 7, 144), (155, 2, 144), (156, 8, 136), (157, 3, 223), (158, 0, 136), (159, 8, 149), (160, 4, 161), (161, 4, 169), (162, 9, 159), (163, 2, 165), (164, 9, 145), (165, 5, 145), (166, 6, 169), (167, 4, 186), (168, 4, 154), (169, 6, 154), (170, 6, 190), (171, 4, 176), (172, 1, 192), (173, 0, 161), (174, 5, 163), (175, 1, 163), (176, 8, 199), (177, 4, 209), (178, 3, 186), (179, 3, 201), (180, 9, 171), (181, 4, 223), (182, 3, 195), (183, 0, 178), (184, 7, 183), (185, 6, 183), (186, 9, 191), (187, 7, 191), (188, 2, 202), (189, 9, 202), (190, 1, 210), (191, 1, 217), (192, 5, 225), (193, 1, 233)];0;0.4950716495513916;234;3.859431377554507;9.52698173422985;9.52698173422985;{'threshold': 0.4}
Sensitivity analysis buffer time model (param q);BT50;./Data/PrecedenceGraphs/LOVATO_gr_aircraft1.txt;./Data/Tasks/uniform/tasks_uniform_194_0.txt;uniform;194;10;900;[(0, 6, 0), (1, 0, 1), (2, 0, 11), (3, 3, 1), (4, 4, 1), (5, 2, 1), (6, 9, 1), (7, 3, 10), (8, 7, 1), (9, 8, 16), (10, 2, 41), (11, 2, 26), (12, 9, 6), (13, 0, 31), (14, 7, 11), (15, 2, 11), (16, 7, 19), (17, 6, 11), (18, 3, 17), (19, 6, 45), (20, 8, 7), (21, 3, 22), (22, 8, 34), (23, 8, 116), (24, 5, 106), (25, 7, 98), (26, 5, 19), (27, 0, 19), (28, 5, 42), (29, 2, 16), (30, 8, 26), (31, 8, 74), (32, 0, 158), (33, 9, 16), (34, 9, 25), (35, 9, 40), (36, 2, 103), (37, 4, 41), (38, 2, 111), (39, 2, 76), (40, 4, 28), (41, 0, 26), (42, 7, 36), (43, 6, 26), (44, 7, 31), (45, 6, 101), (46, 6, 167), (47, 9, 35), (48, 1, 47), (49, 0, 191), (50, 9, 50), (51, 3, 31), (52, 7, 43), (53, 5, 33), (54, 2, 36), (55, 3, 40), (56, 9, 56), (57, 8, 89), (58, 6, 39), (59, 3, 50), (60, 2, 69), (61, 0, 42), (62, 7, 60), (63, 7, 50), (64, 2, 50), (65, 0, 83), (66, 8, 45), (67, 3, 56), (68, 1, 56), (69, 8, 56), (70, 5, 52), (71, 7, 68), (72, 2, 60), (73, 5, 68), (74, 0, 60), (75, 7, 93), (76, 2, 97), (77, 7, 75), (78, 0, 184), (79, 8, 66), (80, 3, 66), (81, 5, 60), (82, 6, 75), (83, 0, 69), (84, 4, 89), (85, 2, 85), (86, 1, 74), (87, 4, 82), (88, 9, 68), (89, 3, 84), (90, 7, 84), (91, 4, 76), (92, 3, 76), (93, 6, 96), (94, 8, 165), (95, 1, 89), (96, 0, 200), (97, 0, 76), (98, 2, 92), (99, 3, 97), (100, 5, 82), (101, 9, 82), (102, 8, 102), (103, 5, 168), (104, 8, 110), (105, 0, 115), (106, 0, 120), (107, 8, 83), (108, 2, 117), (109, 5, 97), (110, 3, 92), (111, 9, 90), (112, 7, 110), (113, 7, 120), (114, 1, 134), (115, 0, 130), (116, 4, 130), (117, 5, 137), (118, 6, 89), (119, 4, 106), (120, 0, 106), (121, 3, 145), (122, 0, 98), (123, 2, 149), (124, 6, 139), (125, 7, 139), (126, 7, 183), (127, 8, 96), (128, 4, 115), (129, 3, 115), (130, 7, 208), (131, 3, 106), (132, 1, 106), (133, 9, 155), (134, 3, 154), (135, 9, 192), (136, 1, 114), (137, 9, 102), (138, 1, 129), (139, 9, 132), (140, 0, 148), (141, 3, 169), (142, 6, 114), (143, 3, 163), (144, 4, 167), (145, 2, 197), (146, 1, 120), (147, 9, 112), (148, 8, 158), (149, 3, 124), (150, 9, 124), (151, 5, 122), (152, 2, 171), (153, 0, 139), (154, 5, 132), (155, 2, 132), (156, 8, 131), (157, 9, 177), (158, 5, 148), (159, 2, 143), (160, 3, 137), (161, 6, 148), (162, 2, 137), (163, 7, 199), (164, 8, 140), (165, 4, 140), (166, 7, 145), (167, 2, 154), (168, 9, 148), (169, 8, 149), (170, 5, 153), (171, 7, 165), (172, 4, 159), (173, 7, 155), (174, 5, 161), (175, 0, 167), (176, 2, 177), (177, 1, 175), (178, 0, 175), (179, 1, 215), (180, 2, 165), (181, 1, 181), (182, 1, 191), (183, 8, 171), (184, 6, 176), (185, 7, 176), (186, 5, 183), (187, 9, 183), (188, 7, 193), (189, 6, 193), (190, 4, 200), (191, 1, 206), (192, 2, 214), (193, 8, 221)];0;0.5172123908996582;222;7.838024888573064;22.345576609156648;22.345576609156648;{'threshold': 0.5}
Sensitivity analysis transitions time model (param q);TR40;./Data/PrecedenceGraphs/LOVATO_gr_aircraft1.txt;./Data/Tasks/uniform/tasks_uniform_194_0.txt;uniform;194;10;900;[(0, 8, 0), (1, 8, 1), (2, 1, 1), (3, 4, 1), (4, 9, 1), (5, 2, 1), (6, 0, 1), (7, 3, 1), (8, 7, 24), (9, 2, 10), (10, 4, 28), (11, 5, 1), (12, 7, 1), (13, 6, 1), (14, 6, 11), (15, 4, 11), (16, 8, 12), (17, 7, 14), (18, 3, 10), (19, 5, 11), (20, 0, 9), (21, 1, 8), (22, 9, 9), (23, 9, 135), (24, 5, 41), (25, 2, 147), (26, 8, 20), (27, 5, 22), (28, 2, 20), (29, 1, 16), (30, 0, 20), (31, 4, 36), (32, 3, 41), (33, 4, 18), (34, 6, 20), (35, 1, 28), (36, 3, 17), (37, 9, 17), (38, 1, 67), (39, 2, 69), (40, 5, 30), (41, 3, 34), (42, 8, 30), (43, 3, 26), (44, 0, 26), (45, 1, 58), (46, 8, 58), (47, 9, 27), (48, 3, 69), (49, 5, 127), (50, 2, 28), (51, 7, 39), (52, 2, 37), (53, 0, 33), (54, 7, 33), (55, 6, 32), (56, 9, 34), (57, 1, 35), (58, 7, 48), (59, 2, 43), (60, 0, 44), (61, 9, 42), (62, 8, 38), (63, 6, 43), (64, 8, 47), (65, 1, 41), (66, 7, 55), (67, 1, 52), (68, 2, 50), (69, 4, 54), (70, 0, 52), (71, 4, 46), (72, 9, 53), (73, 6, 54), (74, 3, 58), (75, 0, 61), (76, 3, 51), (77, 9, 65), (78, 8, 64), (79, 7, 65), (80, 8, 142), (81, 2, 60), (82, 5, 53), (83, 5, 63), (84, 7, 76), (85, 6, 80), (86, 5, 91), (87, 5, 73), (88, 4, 68), (89, 6, 63), (90, 0, 69), (91, 9, 71), (92, 6, 72), (93, 0, 87), (94, 3, 80), (95, 2, 80), (96, 6, 129), (97, 1, 76), (98, 8, 72), (99, 0, 78), (100, 4, 78), (101, 9, 78), (102, 2, 97), (103, 3, 146), (104, 9, 87), (105, 3, 87), (106, 7, 84), (107, 5, 83), (108, 5, 99), (109, 8, 79), (110, 4, 90), (111, 1, 86), (112, 6, 119), (113, 1, 120), (114, 4, 96), (115, 3, 93), (116, 9, 95), (117, 1, 95), (118, 6, 89), (119, 2, 89), (120, 8, 91), (121, 6, 98), (122, 0, 94), (123, 2, 106), (124, 5, 107), (125, 8, 109), (126, 3, 103), (127, 7, 96), (128, 7, 104), (129, 1, 101), (130, 8, 115), (131, 0, 103), (132, 9, 105), (133, 9, 116), (134, 4, 114), (135, 7, 115), (136, 8, 102), (137, 4, 102), (138, 0, 111), (139, 0, 117), (140, 6, 108), (141, 0, 128), (142, 3, 113), (143, 3, 124), (144, 1, 128), (145, 7, 122), (146, 1, 110), (147, 2, 112), (148, 5, 118), (149, 8, 123), (150, 2, 123), (151, 4, 122), (152, 9, 126), (153, 8, 132), (154, 3, 131), (155, 4, 134), (156, 7, 131), (157, 2, 132), (158, 7, 141), (159, 5, 138), (160, 3, 137), (161, 2, 139), (162, 1, 141), (163, 4, 141), (164, 6, 140), (165, 0, 140), (166, 5, 145), (167, 9, 147), (168, 7, 148), (169, 8, 149), (170, 1, 152), (171, 0, 152), (172, 6, 152), (173, 5, 155), (174, 9, 158), (175, 7, 158), (176, 4, 160), (177, 8, 162), (178, 2, 162), (179, 6, 162), (180, 1, 165), (181, 3, 166), (182, 0, 171), (183, 6, 171), (184, 2, 176), (185, 4, 176), (186, 9, 183), (187, 0, 183), (188, 5, 193), (189, 7, 193), (190, 9, 200), (191, 5, 206), (192, 8, 214), (193, 4, 221)];0;1.2702467441558838;222;2.816899641253175;12.751757289025585;12.751757289025585;{'threshold': 0.4}
Sensitivity analysis transitions time model (param q);TR45;./Data/PrecedenceGraphs/LOVATO_gr_aircraft1.txt;./Data/Tasks/uniform/tasks_uniform_194_0.txt;uniform;194;10;900;[(0, 0, 0), (1, 4, 1), (2, 3, 1), (3, 0, 1), (4, 2, 1), (5, 8, 1), (6, 1, 1), (7, 9, 1), (8, 2, 15), (9, 8, 9), (10, 6, 22), (11, 7, 1), (12, 6, 1), (13, 5, 1), (14, 4, 11), (15, 7, 11), (16, 5, 11), (17, 6, 13), (18, 2, 8), (19, 0, 10), (20, 1, 8), (21, 3, 8), (22, 9, 9), (23, 4, 72), (24, 9, 82), (25, 1, 64), (26, 0, 20), (27, 1, 19), (28, 4, 24), (29, 3, 16), (30, 4, 19), (31, 2, 30), (32, 1, 33), (33, 7, 17), (34, 8, 19), (35, 5, 19), (36, 9, 25), (37, 9, 16), (38, 0, 72), (39, 3, 35), (40, 0, 29), (41, 1, 27), (42, 3, 27), (43, 7, 26), (44, 2, 24), (45, 2, 52), (46, 2, 46), (47, 5, 26), (48, 0, 61), (49, 2, 130), (50, 4, 32), (51, 9, 33), (52, 7, 34), (53, 5, 33), (54, 6, 29), (55, 8, 31), (56, 4, 40), (57, 7, 39), (58, 8, 41), (59, 2, 39), (60, 0, 39), (61, 9, 42), (62, 6, 34), (63, 1, 43), (64, 5, 44), (65, 8, 48), (66, 4, 48), (67, 0, 46), (68, 3, 45), (69, 7, 45), (70, 0, 52), (71, 6, 42), (72, 9, 53), (73, 3, 53), (74, 1, 54), (75, 9, 64), (76, 8, 59), (77, 4, 57), (78, 5, 54), (79, 7, 57), (80, 5, 128), (81, 2, 60), (82, 6, 49), (83, 5, 62), (84, 3, 62), (85, 6, 119), (86, 8, 72), (87, 7, 67), (88, 6, 68), (89, 6, 58), (90, 4, 63), (91, 3, 69), (92, 2, 69), (93, 5, 71), (94, 1, 74), (95, 5, 78), (96, 9, 124), (97, 7, 76), (98, 8, 66), (99, 8, 79), (100, 2, 76), (101, 3, 75), (102, 6, 77), (103, 2, 114), (104, 0, 110), (105, 7, 85), (106, 5, 87), (107, 4, 83), (108, 2, 87), (109, 9, 71), (110, 6, 86), (111, 3, 83), (112, 8, 88), (113, 9, 94), (114, 7, 100), (115, 4, 90), (116, 8, 97), (117, 1, 97), (118, 1, 89), (119, 1, 80), (120, 0, 80), (121, 6, 92), (122, 3, 91), (123, 7, 105), (124, 2, 104), (125, 8, 107), (126, 1, 102), (127, 2, 96), (128, 7, 90), (129, 0, 91), (130, 3, 104), (131, 4, 100), (132, 0, 100), (133, 8, 113), (134, 3, 112), (135, 7, 111), (136, 6, 102), (137, 9, 102), (138, 3, 99), (139, 9, 114), (140, 5, 98), (141, 1, 123), (142, 6, 108), (143, 2, 122), (144, 8, 123), (145, 4, 116), (146, 5, 108), (147, 1, 112), (148, 4, 108), (149, 7, 118), (150, 5, 118), (151, 3, 122), (152, 0, 118), (153, 7, 127), (154, 0, 126), (155, 6, 127), (156, 0, 131), (157, 4, 124), (158, 8, 136), (159, 3, 133), (160, 4, 131), (161, 6, 134), (162, 9, 134), (163, 7, 136), (164, 3, 140), (165, 4, 140), (166, 5, 139), (167, 1, 140), (168, 5, 148), (169, 2, 149), (170, 8, 146), (171, 7, 146), (172, 9, 145), (173, 4, 155), (174, 1, 158), (175, 5, 158), (176, 3, 154), (177, 9, 156), (178, 0, 156), (179, 8, 156), (180, 3, 165), (181, 9, 166), (182, 2, 165), (183, 7, 171), (184, 4, 176), (185, 5, 176), (186, 0, 183), (187, 3, 183), (188, 3, 193), (189, 7, 193), (190, 0, 200), (191, 5, 206), (192, 7, 214), (193, 2, 221)];0;1.244262933731079;222;4.516216663514151;15.967035115251349;15.967018977473241;{'threshold': 0.45}
Sensitivity analysis transitions time model (param q);TR50;./Data/PrecedenceGraphs/LOVATO_gr_aircraft1.txt;./Data/Tasks/uniform/tasks_uniform_194_0.txt;uniform;194;10;900;[(0, 0, 0), (1, 0, 1), (2, 1, 1), (3, 2, 1), (4, 7, 1), (5, 4, 1), (6, 6, 1), (7, 3, 1), (8, 5, 10), (9, 4, 8), (10, 2, 10), (11, 5, 1), (12, 8, 1), (13, 9, 1), (14, 0, 11), (15, 9, 11), (16, 8, 12), (17, 6, 13), (18, 6, 7), (19, 8, 74), (20, 7, 7), (21, 1, 8), (22, 3, 9), (23, 0, 50), (24, 4, 32), (25, 2, 72), (26, 6, 22), (27, 8, 20), (28, 2, 25), (29, 3, 16), (30, 0, 19), (31, 1, 22), (32, 5, 25), (33, 4, 17), (34, 7, 17), (35, 1, 15), (36, 2, 17), (37, 9, 17), (38, 5, 18), (39, 2, 32), (40, 2, 62), (41, 8, 28), (42, 3, 27), (43, 9, 26), (44, 0, 24), (45, 1, 31), (46, 4, 43), (47, 4, 26), (48, 0, 40), (49, 5, 62), (50, 7, 28), (51, 3, 35), (52, 8, 34), (53, 9, 33), (54, 0, 30), (55, 6, 31), (56, 7, 35), (57, 0, 35), (58, 5, 43), (59, 1, 39), (60, 8, 39), (61, 2, 42), (62, 5, 35), (63, 6, 41), (64, 3, 43), (65, 9, 43), (66, 4, 49), (67, 5, 49), (68, 1, 46), (69, 8, 46), (70, 6, 52), (71, 7, 43), (72, 2, 52), (73, 5, 54), (74, 9, 54), (75, 1, 54), (76, 3, 53), (77, 4, 58), (78, 7, 59), (79, 8, 57), (80, 4, 71), (81, 1, 60), (82, 7, 50), (83, 0, 61), (84, 4, 64), (85, 9, 64), (86, 7, 66), (87, 8, 66), (88, 1, 68), (89, 3, 59), (90, 6, 60), (91, 6, 69), (92, 0, 69), (93, 9, 71), (94, 3, 73), (95, 7, 73), (96, 3, 79), (97, 0, 76), (98, 3, 67), (99, 9, 77), (100, 1, 77), (101, 6, 75), (102, 4, 77), (103, 2, 97), (104, 2, 82), (105, 7, 81), (106, 0, 84), (107, 6, 83), (108, 6, 90), (109, 5, 72), (110, 3, 88), (111, 8, 84), (112, 9, 85), (113, 7, 86), (114, 6, 97), (115, 4, 86), (116, 0, 95), (117, 3, 94), (118, 2, 89), (119, 1, 88), (120, 5, 82), (121, 9, 93), (122, 5, 92), (123, 2, 110), (124, 1, 95), (125, 0, 104), (126, 9, 103), (127, 4, 96), (128, 7, 93), (129, 8, 92), (130, 0, 110), (131, 8, 100), (132, 5, 100), (133, 1, 105), (134, 4, 109), (135, 7, 112), (136, 4, 103), (137, 6, 102), (138, 2, 105), (139, 7, 103), (140, 3, 99), (141, 1, 114), (142, 8, 108), (143, 6, 113), (144, 2, 116), (145, 0, 117), (146, 3, 109), (147, 9, 112), (148, 5, 109), (149, 7, 118), (150, 8, 118), (151, 6, 122), (152, 4, 116), (153, 9, 125), (154, 3, 126), (155, 0, 126), (156, 5, 131), (157, 5, 122), (158, 0, 134), (159, 1, 131), (160, 3, 131), (161, 4, 131), (162, 7, 131), (163, 2, 134), (164, 0, 140), (165, 1, 140), (166, 3, 139), (167, 8, 137), (168, 2, 148), (169, 3, 149), (170, 5, 146), (171, 9, 146), (172, 4, 142), (173, 1, 155), (174, 3, 158), (175, 7, 158), (176, 8, 154), (177, 2, 156), (178, 0, 156), (179, 4, 156), (180, 6, 165), (181, 9, 166), (182, 0, 165), (183, 1, 171), (184, 4, 176), (185, 7, 176), (186, 0, 183), (187, 1, 183), (188, 2, 193), (189, 9, 193), (190, 8, 200), (191, 9, 206), (192, 2, 214), (193, 3, 221)];0;0.6450381278991699;222;4.781787922074955;15.958180129928595;15.958165285057765;{'threshold': 0.5}
Sensitivity analysis transitions time model (param q);TR55;./Data/PrecedenceGraphs/LOVATO_gr_aircraft1.txt;./Data/Tasks/uniform/tasks_uniform_194_0.txt;uniform;194;10;900;[(0, 3, 0), (1, 0, 1), (2, 1, 1), (3, 5, 1), (4, 9, 1), (5, 2, 1), (6, 7, 1), (7, 6, 1), (8, 6, 8), (9, 3, 10), (10, 6, 32), (11, 3, 1), (12, 8, 1), (13, 4, 1), (14, 5, 11), (15, 1, 11), (16, 2, 11), (17, 9, 11), (18, 4, 10), (19, 1, 74), (20, 8, 12), (21, 7, 8), (22, 0, 11), (23, 2, 65), (24, 4, 28), (25, 9, 71), (26, 4, 19), (27, 5, 19), (28, 3, 30), (29, 7, 16), (30, 9, 19), (31, 0, 19), (32, 1, 19), (33, 3, 21), (34, 6, 21), (35, 0, 32), (36, 2, 34), (37, 2, 18), (38, 4, 39), (39, 5, 34), (40, 2, 75), (41, 8, 26), (42, 2, 27), (43, 9, 26), (44, 0, 27), (45, 1, 42), (46, 8, 48), (47, 8, 31), (48, 8, 38), (49, 7, 77), (50, 5, 27), (51, 7, 31), (52, 1, 37), (53, 9, 33), (54, 1, 32), (55, 6, 38), (56, 3, 37), (57, 4, 57), (58, 2, 42), (59, 5, 43), (60, 9, 43), (61, 7, 42), (62, 0, 38), (63, 2, 48), (64, 3, 48), (65, 1, 49), (66, 5, 49), (67, 0, 49), (68, 4, 49), (69, 9, 50), (70, 7, 52), (71, 6, 48), (72, 9, 61), (73, 4, 62), (74, 6, 62), (75, 2, 59), (76, 5, 64), (77, 6, 57), (78, 5, 57), (79, 8, 60), (80, 9, 103), (81, 0, 60), (82, 3, 57), (83, 3, 70), (84, 1, 62), (85, 7, 62), (86, 1, 68), (87, 4, 70), (88, 0, 68), (89, 5, 70), (90, 7, 69), (91, 9, 80), (92, 5, 78), (93, 8, 69), (94, 2, 104), (95, 3, 78), (96, 6, 76), (97, 8, 76), (98, 4, 78), (99, 6, 86), (100, 8, 86), (101, 4, 89), (102, 0, 76), (103, 7, 96), (104, 1, 85), (105, 3, 86), (106, 2, 85), (107, 4, 83), (108, 5, 84), (109, 9, 86), (110, 4, 97), (111, 0, 100), (112, 0, 84), (113, 3, 91), (114, 3, 97), (115, 2, 95), (116, 1, 95), (117, 0, 95), (118, 7, 89), (119, 6, 95), (120, 5, 95), (121, 5, 111), (122, 7, 112), (123, 4, 114), (124, 1, 104), (125, 6, 104), (126, 8, 100), (127, 9, 96), (128, 4, 104), (129, 7, 104), (130, 1, 120), (131, 3, 122), (132, 9, 122), (133, 2, 113), (134, 1, 113), (135, 9, 116), (136, 5, 105), (137, 3, 102), (138, 9, 111), (139, 3, 113), (140, 6, 111), (141, 6, 135), (142, 1, 138), (143, 6, 121), (144, 1, 127), (145, 6, 127), (146, 0, 111), (147, 8, 112), (148, 2, 121), (149, 0, 148), (150, 4, 148), (151, 8, 122), (152, 2, 128), (153, 7, 161), (154, 7, 156), (155, 3, 156), (156, 0, 131), (157, 2, 135), (158, 2, 172), (159, 8, 161), (160, 5, 161), (161, 0, 161), (162, 9, 165), (163, 6, 177), (164, 9, 140), (165, 6, 146), (166, 9, 172), (167, 6, 171), (168, 1, 148), (169, 3, 162), (170, 8, 184), (171, 2, 185), (172, 0, 176), (173, 9, 155), (174, 5, 171), (175, 2, 177), (176, 8, 193), (177, 3, 195), (178, 4, 195), (179, 1, 195), (180, 2, 165), (181, 6, 191), (182, 8, 207), (183, 3, 171), (184, 8, 176), (185, 3, 176), (186, 7, 183), (187, 6, 186), (188, 7, 194), (189, 5, 193), (190, 8, 200), (191, 5, 206), (192, 5, 214), (193, 8, 221)];0;0.7061829566955566;222;4.789392588888811;15.346358651379232;15.346358651379232;{'threshold': 0.55}
Sensitivity analysis transitions time model (param q);TR60;./Data/PrecedenceGraphs/LOVATO_gr_aircraft1.txt;./Data/Tasks/uniform/tasks_uniform_194_0.txt;uniform;194;10;900;[(0, 6, 0), (1, 0, 1), (2, 0, 11), (3, 3, 1), (4, 4, 1), (5, 2, 1), (6, 9, 1), (7, 3, 10), (8, 7, 1), (9, 8, 16), (10, 2, 41), (11, 2, 26), (12, 9, 6), (13, 0, 31), (14, 7, 11), (15, 2, 11), (16, 7, 19), (17, 6, 11), (18, 3, 17), (19, 6, 45), (20, 8, 7), (21, 3, 22), (22, 8, 34), (23, 8, 116), (24, 5, 106), (25, 7, 98), (26, 5, 19), (27, 0, 19), (28, 5, 42), (29, 2, 16), (30, 8, 26), (31, 8, 74), (32, 0, 158), (33, 9, 16), (34, 9, 25), (35, 9, 40), (36, 2, 103), (37, 4, 41), (38, 2, 111), (39, 2, 76), (40, 4, 28), (41, 0, 26), (42, 7, 36), (43, 6, 26), (44, 7, 31), (45, 6, 101), (46, 6, 167), (47, 9, 35), (48, 1, 47), (49, 0, 191), (50, 9, 50), (51, 3, 31), (52, 7, 43), (53, 5, 33), (54, 2, 36), (55, 3, 40), (56, 9, 56), (57, 8, 89), (58, 6, 39), (59, 3, 50), (60, 2, 69), (61, 0, 42), (62, 7, 60), (63, 7, 50), (64, 2, 50), (65, 0, 83), (66, 8, 45), (67, 3, 56), (68, 1, 56), (69, 8, 56), (70, 5, 52), (71, 7, 68), (72, 2, 60), (73, 5, 68), (74, 0, 60), (75, 7, 93), (76, 2, 97), (77, 7, 75), (78, 0, 184), (79, 8, 66), (80, 3, 66), (81, 5, 60), (82, 6, 75), (83, 0, 69), (84, 4, 89), (85, 2, 85), (86, 1, 74), (87, 4, 82), (88, 9, 68), (89, 3, 84), (90, 7, 84), (91, 4, 76), (92, 3, 76), (93, 6, 96), (94, 8, 165), (95, 1, 89), (96, 0, 200), (97, 0, 76), (98, 2, 92), (99, 3, 97), (100, 5, 82), (101, 9, 82), (102, 8, 102), (103, 5, 168), (104, 8, 110), (105, 0, 115), (106, 0, 120), (107, 8, 83), (108, 2, 117), (109, 5, 97), (110, 3, 92), (111, 9, 90), (112, 7, 110), (113, 7, 120), (114, 1, 134), (115, 0, 130), (116, 4, 130), (117, 5, 137), (118, 6, 89), (119, 4, 106), (120, 0, 106), (121, 3, 145), (122, 0, 98), (123, 2, 149), (124, 6, 139), (125, 7, 139), (126, 7, 183), (127, 8, 96), (128, 4, 115), (129, 3, 115), (130, 7, 208), (131, 3, 106), (132, 1, 106), (133, 9, 155), (134, 3, 154), (135, 9, 192), (136, 1, 114), (137, 9, 102), (138, 1, 129), (139, 9, 132), (140, 0, 148), (141, 3, 169), (142, 6, 114), (143, 3, 163), (144, 4, 167), (145, 2, 197), (146, 1, 120), (147, 9, 112), (148, 8, 158), (149, 3, 124), (150, 9, 124), (151, 5, 122), (152, 2, 171), (153, 0, 139), (154, 5, 132), (155, 2, 132), (156, 8, 131), (157, 9, 177), (158, 5, 148), (159, 2, 143), (160, 3, 137), (161, 6, 148), (162, 2, 137), (163, 7, 199), (164, 8, 140), (165, 4, 140), (166, 7, 145), (167, 2, 154), (168, 9, 148), (169, 8, 149), (170, 5, 153), (171, 7, 165), (172, 4, 159), (173, 7, 155), (174, 5, 161), (175, 0, 167), (176, 2, 177), (177, 1, 175), (178, 0, 175), (179, 1, 215), (180, 2, 165), (181, 1, 181), (182, 1, 191), (183, 8, 171), (184, 6, 176), (185, 7, 176), (186, 5, 183), (187, 9, 183), (188, 7, 193), (189, 6, 193), (190, 4, 200), (191, 1, 206), (192, 2, 214), (193, 8, 221)];0;0.564934492111206;222;7.838024888573064;22.345576609156648;22.345576609156648;{'threshold': 0.6}
Obj. F. analysis SAA model (RM);STr;./Data/PrecedenceGraphs/LOVATO_gr_aircraft1.txt;./Data/Tasks/uniform/tasks_uniform_194_0.txt;uniform;194;10;900;[(0, 8, 0), (1, 4, 1), (2, 3, 1), (3, 8, 1), (4, 2, 1), (5, 5, 1), (6, 7, 1), (7, 6, 1), (8, 2, 6), (9, 7, 6), (10, 1, 10), (11, 9, 1), (12, 0, 1), (13, 1, 1), (14, 0, 11), (15, 4, 11), (16, 5, 12), (17, 2, 13), (18, 5, 7), (19, 7, 14), (20, 3, 7), (21, 6, 8), (22, 9, 9), (23, 8, 10), (24, 8, 29), (25, 5, 55), (26, 8, 20), (27, 0, 19), (28, 7, 24), (29, 4, 16), (30, 5, 19), (31, 2, 21), (32, 6, 21), (33, 9, 16), (34, 1, 16), (35, 6, 15), (36, 7, 36), (37, 3, 16), (38, 2, 29), (39, 9, 45), (40, 1, 60), (41, 1, 26), (42, 0, 26), (43, 4, 26), (44, 5, 24), (45, 6, 30), (46, 7, 31), (47, 3, 25), (48, 6, 37), (49, 7, 61), (50, 9, 25), (51, 9, 31), (52, 0, 33), (53, 4, 33), (54, 5, 29), (55, 3, 30), (56, 1, 31), (57, 2, 35), (58, 9, 39), (59, 1, 38), (60, 0, 38), (61, 4, 42), (62, 5, 34), (63, 3, 40), (64, 2, 40), (65, 8, 39), (66, 0, 45), (67, 6, 46), (68, 1, 44), (69, 7, 44), (70, 4, 52), (71, 5, 42), (72, 3, 50), (73, 1, 52), (74, 6, 51), (75, 8, 49), (76, 5, 49), (77, 0, 53), (78, 7, 54), (79, 9, 54), (80, 8, 54), (81, 4, 60), (82, 2, 49), (83, 3, 59), (84, 0, 58), (85, 8, 59), (86, 0, 64), (87, 9, 62), (88, 4, 68), (89, 2, 58), (90, 6, 60), (91, 3, 66), (92, 8, 66), (93, 5, 64), (94, 5, 69), (95, 9, 69), (96, 5, 76), (97, 4, 76), (98, 2, 66), (99, 0, 72), (100, 1, 72), (101, 8, 72), (102, 6, 69), (103, 2, 76), (104, 9, 76), (105, 3, 76), (106, 2, 83), (107, 4, 83), (108, 5, 84), (109, 7, 71), (110, 1, 82), (111, 0, 80), (112, 6, 77), (113, 9, 82), (114, 6, 84), (115, 3, 81), (116, 5, 93), (117, 2, 93), (118, 4, 89), (119, 7, 80), (120, 8, 80), (121, 0, 88), (122, 9, 88), (123, 8, 89), (124, 3, 90), (125, 9, 102), (126, 2, 98), (127, 4, 96), (128, 7, 89), (129, 1, 89), (130, 7, 99), (131, 8, 96), (132, 1, 96), (133, 3, 99), (134, 0, 107), (135, 2, 107), (136, 5, 102), (137, 4, 102), (138, 9, 96), (139, 0, 97), (140, 6, 96), (141, 8, 103), (142, 1, 104), (143, 7, 107), (144, 5, 114), (145, 3, 112), (146, 9, 108), (147, 4, 112), (148, 6, 106), (149, 2, 114), (150, 7, 114), (151, 4, 122), (152, 8, 113), (153, 6, 121), (154, 7, 122), (155, 9, 122), (156, 4, 131), (157, 8, 119), (158, 5, 130), (159, 9, 127), (160, 1, 127), (161, 7, 127), (162, 8, 127), (163, 3, 130), (164, 4, 140), (165, 1, 140), (166, 0, 135), (167, 9, 133), (168, 6, 148), (169, 8, 149), (170, 0, 142), (171, 3, 142), (172, 2, 138), (173, 4, 155), (174, 2, 158), (175, 9, 158), (176, 9, 150), (177, 0, 152), (178, 5, 152), (179, 3, 152), (180, 4, 165), (181, 8, 166), (182, 1, 161), (183, 6, 171), (184, 6, 176), (185, 4, 176), (186, 2, 183), (187, 4, 183), (188, 4, 193), (189, 2, 193), (190, 5, 200), (191, 8, 206), (192, 0, 214), (193, 0, 221)];0;198.3999059200287;222;6.419848323772261;18.65193479460519;9.514458092355031;{'N': 30, 'obj': 'avg_rm'}
Obj. F. analysis SAA model (S1);STs1;./Data/PrecedenceGraphs/LOVATO_gr_aircraft1.txt;./Data/Tasks/uniform/tasks_uniform_194_0.txt;uniform;194;10;900;[(0, 3, 0), (1, 1, 1), (2, 8, 11), (3, 5, 8), (4, 3, 1), (5, 2, 1), (6, 7, 1), (7, 5, 1), (8, 0, 35), (9, 7, 64), (10, 4, 1), (11, 0, 1), (12, 8, 1), (13, 4, 7), (14, 2, 16), (15, 2, 11), (16, 3, 11), (17, 6, 31), (18, 3, 18), (19, 4, 25), (20, 9, 7), (21, 1, 11), (22, 7, 9), (23, 5, 17), (24, 5, 36), (25, 2, 24), (26, 0, 26), (27, 6, 24), (28, 1, 42), (29, 0, 16), (30, 9, 18), (31, 5, 46), (32, 6, 69), (33, 4, 16), (34, 1, 18), (35, 6, 39), (36, 7, 18), (37, 3, 23), (38, 3, 32), (39, 6, 60), (40, 3, 43), (41, 5, 31), (42, 7, 31), (43, 9, 26), (44, 8, 23), (45, 8, 119), (46, 0, 78), (47, 9, 38), (48, 7, 46), (49, 9, 144), (50, 1, 49), (51, 7, 38), (52, 3, 38), (53, 1, 33), (54, 9, 33), (55, 0, 43), (56, 9, 62), (57, 8, 55), (58, 9, 69), (59, 2, 52), (60, 7, 72), (61, 2, 42), (62, 8, 38), (63, 2, 68), (64, 7, 55), (65, 3, 75), (66, 2, 78), (67, 3, 85), (68, 0, 58), (69, 1, 83), (70, 6, 52), (71, 4, 46), (72, 8, 78), (73, 1, 93), (74, 5, 78), (75, 7, 96), (76, 4, 91), (77, 4, 86), (78, 8, 70), (79, 6, 93), (80, 9, 93), (81, 2, 60), (82, 9, 53), (83, 2, 87), (84, 5, 91), (85, 3, 100), (86, 0, 102), (87, 2, 102), (88, 1, 68), (89, 4, 62), (90, 8, 62), (91, 3, 94), (92, 1, 101), (93, 3, 139), (94, 0, 155), (95, 7, 112), (96, 2, 94), (97, 1, 76), (98, 3, 70), (99, 4, 108), (100, 3, 129), (101, 0, 108), (102, 5, 144), (103, 7, 119), (104, 5, 119), (105, 4, 119), (106, 0, 83), (107, 7, 83), (108, 9, 83), (109, 8, 87), (110, 9, 139), (111, 2, 122), (112, 4, 177), (113, 4, 131), (114, 2, 130), (115, 7, 138), (116, 8, 105), (117, 6, 101), (118, 7, 89), (119, 6, 130), (120, 8, 96), (121, 6, 146), (122, 7, 130), (123, 2, 169), (124, 8, 147), (125, 8, 114), (126, 6, 121), (127, 0, 96), (128, 6, 106), (129, 7, 105), (130, 7, 155), (131, 2, 144), (132, 6, 138), (133, 1, 156), (134, 4, 124), (135, 8, 130), (136, 4, 102), (137, 9, 102), (138, 6, 116), (139, 3, 112), (140, 2, 112), (141, 4, 151), (142, 2, 151), (143, 2, 174), (144, 5, 131), (145, 0, 189), (146, 1, 108), (147, 9, 112), (148, 3, 122), (149, 5, 161), (150, 2, 161), (151, 1, 122), (152, 4, 137), (153, 0, 168), (154, 1, 169), (155, 1, 174), (156, 1, 131), (157, 4, 171), (158, 2, 180), (159, 3, 174), (160, 9, 174), (161, 5, 174), (162, 8, 176), (163, 4, 189), (164, 0, 140), (165, 1, 140), (166, 0, 182), (167, 4, 184), (168, 0, 148), (169, 9, 153), (170, 1, 189), (171, 1, 197), (172, 4, 198), (173, 3, 155), (174, 2, 185), (175, 6, 188), (176, 0, 197), (177, 5, 208), (178, 0, 207), (179, 3, 213), (180, 4, 165), (181, 7, 196), (182, 2, 216), (183, 8, 171), (184, 6, 176), (185, 7, 176), (186, 3, 183), (187, 6, 183), (188, 9, 193), (189, 3, 193), (190, 8, 200), (191, 6, 206), (192, 6, 214), (193, 4, 221)];0;903.2078619003296;222;4.74160763974639;15.53416313937555;15.53416313937555;{'N': 30, 'obj': 'avg_exp_ovp'}
Obj. F. analysis SAA model (S2);STs2;./Data/PrecedenceGraphs/LOVATO_gr_aircraft1.txt;./Data/Tasks/uniform/tasks_uniform_194_0.txt;uniform;194;10;900;[(0, 4, 0), (1, 1, 1), (2, 9, 1), (3, 2, 1), (4, 3, 1), (5, 7, 1), (6, 4, 9), (7, 0, 1), (8, 5, 1), (9, 9, 25), (10, 2, 16), (11, 4, 1), (12, 6, 1), (13, 8, 1), (14, 4, 14), (15, 2, 11), (16, 7, 12), (17, 1, 51), (18, 7, 7), (19, 0, 10), (20, 9, 7), (21, 2, 22), (22, 5, 9), (23, 1, 11), (24, 6, 26), (25, 5, 22), (26, 4, 22), (27, 0, 22), (28, 7, 22), (29, 6, 16), (30, 1, 21), (31, 1, 59), (32, 9, 65), (33, 9, 16), (34, 3, 16), (35, 2, 29), (36, 2, 35), (37, 3, 26), (38, 5, 16), (39, 5, 31), (40, 2, 43), (41, 7, 29), (42, 0, 34), (43, 8, 26), (44, 1, 26), (45, 1, 67), (46, 9, 74), (47, 0, 29), (48, 6, 36), (49, 9, 35), (50, 0, 41), (51, 7, 34), (52, 3, 41), (53, 8, 33), (54, 1, 31), (55, 4, 34), (56, 7, 47), (57, 9, 47), (58, 0, 47), (59, 5, 46), (60, 6, 46), (61, 8, 42), (62, 1, 36), (63, 3, 46), (64, 4, 44), (65, 7, 54), (66, 6, 53), (67, 2, 53), (68, 0, 53), (69, 5, 52), (70, 8, 52), (71, 1, 44), (72, 3, 56), (73, 2, 58), (74, 9, 56), (75, 2, 66), (76, 7, 64), (77, 6, 61), (78, 0, 61), (79, 5, 62), (80, 7, 76), (81, 8, 60), (82, 4, 53), (83, 3, 65), (84, 6, 66), (85, 0, 76), (86, 7, 70), (87, 5, 70), (88, 8, 68), (89, 4, 62), (90, 0, 68), (91, 4, 72), (92, 3, 72), (93, 2, 72), (94, 7, 81), (95, 6, 77), (96, 9, 79), (97, 8, 76), (98, 6, 72), (99, 2, 78), (100, 3, 78), (101, 1, 89), (102, 4, 78), (103, 6, 84), (104, 5, 86), (105, 0, 84), (106, 0, 98), (107, 1, 83), (108, 9, 87), (109, 5, 77), (110, 3, 88), (111, 4, 97), (112, 7, 87), (113, 6, 91), (114, 5, 92), (115, 0, 89), (116, 5, 108), (117, 0, 108), (118, 8, 89), (119, 4, 86), (120, 2, 86), (121, 9, 105), (122, 7, 117), (123, 1, 129), (124, 7, 98), (125, 2, 117), (126, 0, 113), (127, 8, 96), (128, 7, 107), (129, 3, 95), (130, 9, 147), (131, 9, 140), (132, 6, 131), (133, 8, 108), (134, 1, 122), (135, 5, 122), (136, 8, 102), (137, 1, 102), (138, 4, 105), (139, 2, 102), (140, 3, 102), (141, 0, 155), (142, 6, 147), (143, 8, 116), (144, 5, 129), (145, 1, 134), (146, 3, 112), (147, 6, 112), (148, 7, 125), (149, 3, 157), (150, 7, 157), (151, 6, 122), (152, 8, 149), (153, 0, 165), (154, 7, 171), (155, 4, 165), (156, 9, 131), (157, 7, 165), (158, 8, 176), (159, 3, 176), (160, 9, 176), (161, 2, 176), (162, 4, 176), (163, 0, 174), (164, 4, 140), (165, 8, 140), (166, 4, 184), (167, 6, 182), (168, 0, 148), (169, 9, 154), (170, 6, 191), (171, 3, 191), (172, 5, 187), (173, 4, 155), (174, 9, 163), (175, 6, 163), (176, 1, 199), (177, 6, 201), (178, 8, 201), (179, 0, 201), (180, 5, 165), (181, 6, 171), (182, 6, 210), (183, 8, 171), (184, 1, 176), (185, 5, 176), (186, 1, 183), (187, 7, 183), (188, 0, 193), (189, 7, 193), (190, 9, 200), (191, 7, 206), (192, 3, 214), (193, 0, 221)];0;308.1186180114746;222;4.227844373177006;10.263214336089685;10.263214336089685;{'N': 30, 'obj': 'max_exp_ovp'}
Obj. F. analysis SAA model (additional Obj F 1);STmR;./Data/PrecedenceGraphs/LOVATO_gr_aircraft1.txt;./Data/Tasks/uniform/tasks_uniform_194_0.txt;uniform;194;10;900;[(0, 1, 0), (1, 7, 1), (2, 6, 1), (3, 1, 1), (4, 0, 1), (5, 5, 1), (6, 9, 1), (7, 2, 1), (8, 9, 6), (9, 0, 6), (10, 8, 10), (11, 4, 1), (12, 3, 1), (13, 8, 1), (14, 3, 11), (15, 7, 11), (16, 5, 12), (17, 9, 13), (18, 5, 7), (19, 1, 10), (20, 6, 7), (21, 2, 8), (22, 4, 9), (23, 0, 14), (24, 2, 35), (25, 3, 57), (26, 1, 20), (27, 3, 19), (28, 9, 21), (29, 7, 16), (30, 5, 19), (31, 2, 21), (32, 0, 24), (33, 6, 16), (34, 8, 16), (35, 2, 15), (36, 5, 29), (37, 4, 16), (38, 2, 29), (39, 9, 37), (40, 9, 60), (41, 3, 26), (42, 8, 26), (43, 7, 26), (44, 5, 24), (45, 3, 45), (46, 7, 33), (47, 6, 25), (48, 9, 28), (49, 2, 60), (50, 4, 25), (51, 3, 31), (52, 8, 33), (53, 0, 33), (54, 1, 29), (55, 6, 30), (56, 4, 31), (57, 5, 37), (58, 3, 39), (59, 7, 38), (60, 4, 38), (61, 0, 42), (62, 1, 34), (63, 6, 40), (64, 5, 42), (65, 8, 38), (66, 4, 45), (67, 9, 46), (68, 2, 45), (69, 7, 44), (70, 0, 52), (71, 1, 42), (72, 6, 50), (73, 5, 51), (74, 9, 51), (75, 3, 52), (76, 8, 48), (77, 4, 53), (78, 2, 53), (79, 8, 54), (80, 7, 54), (81, 0, 60), (82, 1, 49), (83, 6, 59), (84, 1, 58), (85, 5, 59), (86, 5, 65), (87, 8, 62), (88, 0, 68), (89, 4, 58), (90, 7, 59), (91, 4, 66), (92, 6, 66), (93, 1, 64), (94, 8, 69), (95, 1, 69), (96, 1, 76), (97, 9, 76), (98, 3, 66), (99, 4, 72), (100, 7, 72), (101, 5, 72), (102, 2, 69), (103, 0, 76), (104, 8, 76), (105, 6, 76), (106, 0, 83), (107, 9, 83), (108, 2, 84), (109, 3, 71), (110, 8, 82), (111, 5, 80), (112, 2, 77), (113, 7, 82), (114, 1, 84), (115, 6, 81), (116, 6, 93), (117, 3, 93), (118, 9, 89), (119, 4, 80), (120, 3, 80), (121, 5, 88), (122, 4, 88), (123, 7, 89), (124, 2, 90), (125, 0, 102), (126, 3, 98), (127, 9, 96), (128, 1, 89), (129, 8, 89), (130, 1, 99), (131, 7, 96), (132, 8, 96), (133, 2, 99), (134, 4, 107), (135, 1, 107), (136, 6, 102), (137, 9, 102), (138, 0, 96), (139, 5, 97), (140, 4, 96), (141, 7, 103), (142, 8, 104), (143, 0, 107), (144, 4, 114), (145, 1, 112), (146, 6, 108), (147, 3, 112), (148, 5, 106), (149, 8, 114), (150, 9, 114), (151, 5, 122), (152, 7, 113), (153, 1, 121), (154, 6, 122), (155, 0, 122), (156, 2, 131), (157, 7, 119), (158, 6, 130), (159, 3, 127), (160, 4, 127), (161, 9, 127), (162, 7, 127), (163, 8, 130), (164, 1, 140), (165, 0, 140), (166, 7, 135), (167, 0, 133), (168, 6, 148), (169, 4, 149), (170, 3, 142), (171, 7, 142), (172, 5, 138), (173, 6, 155), (174, 3, 158), (175, 9, 158), (176, 8, 150), (177, 1, 152), (178, 7, 152), (179, 9, 152), (180, 4, 165), (181, 2, 166), (182, 7, 161), (183, 8, 171), (184, 1, 176), (185, 5, 176), (186, 3, 183), (187, 6, 183), (188, 5, 193), (189, 7, 193), (190, 2, 200), (191, 4, 206), (192, 1, 214), (193, 4, 221)];0;83.40687394142151;222;6.372458006873363;16.04333756563099;13.535499308773153;{'N': 30, 'obj': 'max_rm'}
Obj. F. analysis SAA model (additional Obj F 2);STmS;./Data/PrecedenceGraphs/LOVATO_gr_aircraft1.txt;./Data/Tasks/uniform/tasks_uniform_194_0.txt;uniform;194;10;900;[(0, 7, 0), (1, 5, 1), (2, 6, 1), (3, 4, 1), (4, 3, 1), (5, 7, 1), (6, 2, 1), (7, 0, 1), (8, 3, 6), (9, 2, 6), (10, 4, 10), (11, 9, 1), (12, 1, 1), (13, 8, 1), (14, 5, 11), (15, 1, 11), (16, 7, 12), (17, 3, 13), (18, 7, 7), (19, 2, 14), (20, 6, 7), (21, 0, 8), (22, 9, 9), (23, 8, 10), (24, 8, 35), (25, 1, 64), (26, 8, 20), (27, 7, 19), (28, 0, 21), (29, 4, 16), (30, 5, 19), (31, 3, 21), (32, 2, 24), (33, 1, 16), (34, 6, 16), (35, 0, 15), (36, 5, 29), (37, 9, 16), (38, 8, 29), (39, 4, 45), (40, 8, 59), (41, 6, 26), (42, 4, 26), (43, 7, 26), (44, 5, 24), (45, 5, 37), (46, 7, 33), (47, 1, 25), (48, 0, 28), (49, 5, 54), (50, 9, 25), (51, 6, 31), (52, 4, 33), (53, 2, 33), (54, 3, 29), (55, 1, 30), (56, 9, 31), (57, 0, 37), (58, 6, 39), (59, 9, 38), (60, 4, 38), (61, 0, 42), (62, 3, 34), (63, 1, 40), (64, 2, 42), (65, 7, 38), (66, 6, 45), (67, 8, 45), (68, 9, 44), (69, 5, 44), (70, 0, 52), (71, 3, 42), (72, 1, 50), (73, 2, 51), (74, 8, 50), (75, 7, 54), (76, 7, 48), (77, 6, 53), (78, 9, 52), (79, 4, 54), (80, 1, 59), (81, 0, 60), (82, 3, 49), (83, 7, 59), (84, 3, 58), (85, 9, 59), (86, 5, 63), (87, 4, 62), (88, 0, 68), (89, 6, 58), (90, 2, 59), (91, 6, 66), (92, 7, 66), (93, 3, 64), (94, 2, 69), (95, 3, 69), (96, 2, 76), (97, 8, 76), (98, 9, 66), (99, 6, 72), (100, 9, 72), (101, 7, 72), (102, 4, 69), (103, 3, 76), (104, 0, 76), (105, 1, 76), (106, 3, 83), (107, 8, 83), (108, 2, 84), (109, 5, 71), (110, 9, 82), (111, 6, 80), (112, 4, 77), (113, 0, 82), (114, 4, 84), (115, 1, 81), (116, 3, 93), (117, 1, 93), (118, 8, 89), (119, 5, 80), (120, 7, 80), (121, 6, 88), (122, 5, 88), (123, 0, 89), (124, 2, 90), (125, 6, 102), (126, 1, 98), (127, 8, 96), (128, 4, 89), (129, 9, 89), (130, 4, 99), (131, 0, 96), (132, 5, 96), (133, 2, 99), (134, 7, 107), (135, 1, 107), (136, 3, 102), (137, 8, 102), (138, 6, 97), (139, 9, 96), (140, 7, 96), (141, 0, 103), (142, 9, 104), (143, 2, 107), (144, 0, 114), (145, 3, 112), (146, 6, 108), (147, 8, 112), (148, 5, 106), (149, 1, 114), (150, 9, 114), (151, 8, 122), (152, 5, 113), (153, 5, 121), (154, 6, 122), (155, 9, 122), (156, 8, 131), (157, 2, 119), (158, 1, 130), (159, 0, 127), (160, 9, 127), (161, 2, 127), (162, 3, 127), (163, 6, 130), (164, 5, 140), (165, 9, 140), (166, 7, 135), (167, 4, 133), (168, 8, 148), (169, 7, 149), (170, 0, 142), (171, 1, 142), (172, 4, 138), (173, 9, 155), (174, 6, 158), (175, 3, 158), (176, 6, 150), (177, 0, 152), (178, 1, 152), (179, 3, 152), (180, 9, 165), (181, 8, 166), (182, 2, 161), (183, 1, 171), (184, 0, 176), (185, 9, 176), (186, 0, 183), (187, 2, 183), (188, 9, 193), (189, 1, 193), (190, 8, 200), (191, 5, 206), (192, 0, 214), (193, 5, 221)];0;95.45080041885376;222;6.781186696638212;16.770700247956878;13.425826826388024;{'N': 30, 'obj': 'max_max_ovp'}
Obj. F. analysis Model With Bounded Makespan (RM);MBr;./Data/PrecedenceGraphs/LOVATO_gr_aircraft1.txt;./Data/Tasks/uniform/tasks_uniform_194_0.txt;uniform;194;10;900;[(0, 2, 0), (1, 8, 1), (2, 9, 1), (3, 5, 1), (4, 1, 1), (5, 2, 1), (6, 0, 1), (7, 6, 1), (8, 0, 6), (9, 1, 6), (10, 4, 1), (11, 3, 1), (12, 4, 27), (13, 7, 1), (14, 7, 11), (15, 8, 11), (16, 5, 11), (17, 6, 11), (18, 2, 7), (19, 3, 57), (20, 3, 9), (21, 9, 8), (22, 4, 9), (23, 8, 60), (24, 6, 27), (25, 3, 39), (26, 2, 23), (27, 7, 19), (28, 4, 37), (29, 8, 16), (30, 2, 18), (31, 6, 19), (32, 1, 19), (33, 4, 18), (34, 0, 18), (35, 3, 18), (36, 7, 42), (37, 5, 18), (38, 9, 16), (39, 9, 53), (40, 2, 37), (41, 0, 28), (42, 5, 27), (43, 8, 26), (44, 9, 23), (45, 0, 33), (46, 2, 32), (47, 9, 28), (48, 7, 26), (49, 3, 48), (50, 1, 28), (51, 1, 34), (52, 1, 42), (53, 8, 33), (54, 3, 28), (55, 9, 33), (56, 7, 35), (57, 3, 34), (58, 0, 42), (59, 1, 47), (60, 7, 50), (61, 5, 42), (62, 6, 37), (63, 9, 43), (64, 4, 44), (65, 8, 42), (66, 8, 52), (67, 4, 59), (68, 0, 53), (69, 2, 53), (70, 5, 52), (71, 6, 45), (72, 9, 73), (73, 1, 58), (74, 7, 57), (75, 1, 53), (76, 4, 53), (77, 9, 62), (78, 0, 61), (79, 2, 63), (80, 7, 66), (81, 5, 60), (82, 6, 52), (83, 8, 82), (84, 1, 67), (85, 9, 67), (86, 8, 71), (87, 7, 71), (88, 5, 68), (89, 6, 61), (90, 4, 64), (91, 3, 89), (92, 0, 89), (93, 6, 73), (94, 3, 78), (95, 2, 78), (96, 7, 78), (97, 5, 76), (98, 2, 71), (99, 4, 112), (100, 0, 95), (101, 9, 95), (102, 6, 78), (103, 8, 89), (104, 3, 95), (105, 2, 85), (106, 2, 90), (107, 1, 83), (108, 6, 93), (109, 1, 96), (110, 0, 105), (111, 9, 103), (112, 6, 86), (113, 4, 127), (114, 1, 114), (115, 7, 90), (116, 7, 100), (117, 1, 119), (118, 1, 89), (119, 4, 120), (120, 1, 105), (121, 8, 111), (122, 9, 111), (123, 8, 120), (124, 3, 121), (125, 2, 132), (126, 1, 124), (127, 4, 96), (128, 6, 114), (129, 3, 114), (130, 4, 133), (131, 9, 119), (132, 7, 119), (133, 5, 132), (134, 5, 140), (135, 3, 133), (136, 2, 126), (137, 4, 102), (138, 2, 121), (139, 6, 166), (140, 5, 122), (141, 7, 127), (142, 6, 127), (143, 1, 140), (144, 8, 147), (145, 4, 149), (146, 4, 140), (147, 5, 112), (148, 8, 132), (149, 6, 137), (150, 3, 138), (151, 0, 122), (152, 9, 139), (153, 4, 157), (154, 6, 146), (155, 1, 146), (156, 0, 131), (157, 5, 147), (158, 9, 166), (159, 6, 151), (160, 2, 155), (161, 7, 151), (162, 8, 157), (163, 7, 166), (164, 0, 140), (165, 6, 157), (166, 2, 163), (167, 4, 166), (168, 2, 148), (169, 3, 166), (170, 9, 171), (171, 4, 171), (172, 7, 175), (173, 9, 155), (174, 2, 175), (175, 6, 175), (176, 4, 181), (177, 3, 181), (178, 2, 182), (179, 8, 181), (180, 0, 165), (181, 5, 183), (182, 1, 193), (183, 0, 171), (184, 5, 176), (185, 0, 176), (186, 1, 183), (187, 9, 183), (188, 0, 193), (189, 4, 193), (190, 9, 200), (191, 7, 206), (192, 0, 214), (193, 6, 226)];0;265.3194811344147;227;4.280440082955647;12.140339321129726;4.994692315312638;{'N': 30, 'makespan_delta': 5, 'first_runner': <function run_cp_simp at 0x000001C36DD3C4A0>, 'first_runner_params': {}, 'first_time_limit': 60, 'obj': 'avg_rm'}
Obj. F. analysis Model With Bounded Makespan (S1);MBs1;./Data/PrecedenceGraphs/LOVATO_gr_aircraft1.txt;./Data/Tasks/uniform/tasks_uniform_194_0.txt;uniform;194;10;900;[(0, 4, 0), (1, 2, 1), (2, 7, 6), (3, 2, 24), (4, 7, 1), (5, 5, 1), (6, 9, 1), (7, 6, 1), (8, 0, 1), (9, 1, 1), (10, 1, 9), (11, 2, 16), (12, 5, 7), (13, 8, 1), (14, 3, 15), (15, 2, 11), (16, 8, 11), (17, 5, 17), (18, 0, 12), (19, 2, 33), (20, 6, 8), (21, 3, 8), (22, 9, 32), (23, 4, 24), (24, 8, 108), (25, 1, 23), (26, 9, 23), (27, 8, 37), (28, 0, 39), (29, 0, 17), (30, 0, 34), (31, 9, 39), (32, 9, 104), (33, 8, 18), (34, 8, 27), (35, 4, 15), (36, 1, 15), (37, 9, 57), (38, 3, 39), (39, 8, 44), (40, 4, 34), (41, 7, 44), (42, 6, 44), (43, 0, 27), (44, 1, 47), (45, 1, 52), (46, 3, 127), (47, 1, 32), (48, 6, 21), (49, 2, 66), (50, 4, 73), (51, 5, 65), (52, 4, 51), (53, 6, 34), (54, 8, 53), (55, 1, 37), (56, 4, 79), (57, 6, 88), (58, 8, 76), (59, 0, 56), (60, 3, 56), (61, 9, 47), (62, 3, 63), (63, 5, 47), (64, 8, 58), (65, 9, 94), (66, 5, 87), (67, 1, 76), (68, 1, 68), (69, 6, 62), (70, 7, 57), (71, 9, 87), (72, 1, 59), (73, 3, 71), (74, 8, 67), (75, 0, 106), (76, 7, 120), (77, 5, 95), (78, 0, 76), (79, 5, 73), (80, 2, 81), (81, 4, 65), (82, 7, 101), (83, 0, 68), (84, 7, 136), (85, 0, 100), (86, 4, 86), (87, 3, 81), (88, 9, 73), (89, 8, 118), (90, 6, 127), (91, 5, 81), (92, 9, 81), (93, 9, 150), (94, 2, 88), (95, 4, 92), (96, 6, 93), (97, 6, 81), (98, 0, 126), (99, 3, 88), (100, 7, 110), (101, 8, 94), (102, 1, 165), (103, 6, 152), (104, 8, 102), (105, 2, 110), (106, 7, 126), (107, 8, 88), (108, 4, 99), (109, 5, 131), (110, 5, 120), (111, 2, 102), (112, 3, 179), (113, 8, 126), (114, 1, 145), (115, 3, 118), (116, 9, 141), (117, 3, 136), (118, 7, 94), (119, 2, 140), (120, 4, 140), (121, 0, 131), (122, 3, 110), (123, 2, 155), (124, 9, 132), (125, 2, 150), (126, 4, 156), (127, 1, 101), (128, 8, 149), (129, 4, 149), (130, 4, 171), (131, 2, 125), (132, 1, 118), (133, 8, 141), (134, 9, 155), (135, 6, 165), (136, 9, 126), (137, 6, 107), (138, 7, 158), (139, 8, 173), (140, 5, 158), (141, 7, 142), (142, 6, 135), (143, 7, 152), (144, 7, 163), (145, 7, 176), (146, 1, 150), (147, 6, 117), (148, 0, 176), (149, 6, 145), (150, 5, 145), (151, 1, 127), (152, 6, 183), (153, 8, 164), (154, 5, 153), (155, 8, 159), (156, 1, 136), (157, 8, 192), (158, 3, 173), (159, 4, 165), (160, 5, 168), (161, 1, 159), (162, 0, 170), (163, 2, 174), (164, 3, 145), (165, 3, 153), (166, 0, 183), (167, 1, 176), (168, 0, 153), (169, 9, 176), (170, 1, 198), (171, 9, 190), (172, 1, 181), (173, 0, 160), (174, 5, 190), (175, 1, 189), (176, 7, 207), (177, 6, 200), (178, 6, 209), (179, 4, 200), (180, 9, 170), (181, 0, 211), (182, 0, 221), (183, 5, 176), (184, 5, 181), (185, 8, 185), (186, 7, 188), (187, 6, 193), (188, 0, 198), (189, 7, 198), (190, 0, 205), (191, 8, 211), (192, 7, 219), (193, 7, 226)];30.8039;905.803528547287;227;4.182138905776622;15.602875754012175;15.602875754012175;{'N': 30, 'makespan_delta': 5, 'first_runner': <function run_cp_simp at 0x000001C36DD3C4A0>, 'first_runner_params': {}, 'first_time_limit': 60, 'obj': 'avg_exp_ovp'}
Obj. F. analysis Model With Bounded Makespan (S2);MBs2;./Data/PrecedenceGraphs/LOVATO_gr_aircraft1.txt;./Data/Tasks/uniform/tasks_uniform_194_0.txt;uniform;194;10;900;[(0, 4, 0), (1, 3, 1), (2, 8, 1), (3, 7, 1), (4, 5, 1), (5, 4, 1), (6, 3, 11), (7, 0, 1), (8, 4, 20), (9, 6, 1), (10, 2, 1), (11, 1, 1), (12, 7, 19), (13, 5, 6), (14, 8, 11), (15, 0, 11), (16, 0, 23), (17, 8, 19), (18, 5, 15), (19, 4, 10), (20, 7, 10), (21, 9, 8), (22, 0, 16), (23, 2, 9), (24, 4, 27), (25, 1, 19), (26, 7, 38), (27, 2, 19), (28, 3, 28), (29, 6, 16), (30, 4, 37), (31, 8, 27), (32, 1, 28), (33, 3, 19), (34, 6, 26), (35, 9, 15), (36, 2, 35), (37, 7, 29), (38, 6, 61), (39, 2, 47), (40, 4, 47), (41, 9, 26), (42, 0, 35), (43, 5, 26), (44, 5, 42), (45, 8, 136), (46, 4, 42), (47, 0, 30), (48, 2, 26), (49, 8, 38), (50, 1, 38), (51, 9, 31), (52, 0, 42), (53, 5, 33), (54, 1, 47), (55, 7, 47), (56, 6, 44), (57, 3, 44), (58, 1, 60), (59, 3, 49), (60, 4, 57), (61, 9, 42), (62, 1, 52), (63, 3, 57), (64, 8, 60), (65, 6, 51), (66, 9, 66), (67, 7, 57), (68, 3, 75), (69, 2, 56), (70, 8, 52), (71, 5, 68), (72, 7, 76), (73, 5, 75), (74, 8, 69), (75, 6, 67), (76, 2, 66), (77, 6, 74), (78, 3, 97), (79, 3, 67), (80, 4, 66), (81, 5, 60), (82, 1, 83), (83, 6, 86), (84, 6, 79), (85, 3, 90), (86, 1, 92), (87, 2, 76), (88, 7, 68), (89, 9, 92), (90, 4, 92), (91, 1, 98), (92, 5, 93), (93, 6, 93), (94, 3, 84), (95, 4, 100), (96, 7, 85), (97, 1, 76), (98, 0, 100), (99, 7, 113), (100, 5, 104), (101, 8, 104), (102, 8, 128), (103, 8, 121), (104, 5, 114), (105, 9, 124), (106, 0, 105), (107, 4, 83), (108, 8, 83), (109, 1, 105), (110, 3, 114), (111, 8, 112), (112, 0, 168), (113, 5, 139), (114, 8, 151), (115, 2, 136), (116, 9, 115), (117, 0, 115), (118, 0, 89), (119, 1, 114), (120, 0, 120), (121, 0, 150), (122, 2, 121), (123, 8, 156), (124, 2, 145), (125, 1, 124), (126, 6, 123), (127, 8, 96), (128, 5, 129), (129, 7, 129), (130, 9, 159), (131, 2, 129), (132, 3, 129), (133, 5, 158), (134, 1, 129), (135, 6, 132), (136, 4, 107), (137, 7, 102), (138, 9, 166), (139, 6, 137), (140, 7, 136), (141, 0, 176), (142, 1, 139), (143, 2, 200), (144, 6, 146), (145, 8, 143), (146, 3, 119), (147, 6, 113), (148, 4, 170), (149, 1, 149), (150, 5, 149), (151, 4, 123), (152, 3, 187), (153, 0, 159), (154, 2, 158), (155, 7, 158), (156, 0, 133), (157, 3, 193), (158, 1, 170), (159, 6, 163), (160, 4, 177), (161, 1, 163), (162, 4, 163), (163, 3, 169), (164, 0, 142), (165, 9, 171), (166, 2, 185), (167, 5, 170), (168, 4, 150), (169, 7, 181), (170, 4, 192), (171, 6, 192), (172, 3, 179), (173, 3, 157), (174, 2, 193), (175, 7, 190), (176, 6, 202), (177, 9, 204), (178, 0, 205), (179, 4, 202), (180, 2, 168), (181, 7, 198), (182, 9, 214), (183, 7, 175), (184, 8, 180), (185, 5, 180), (186, 9, 187), (187, 1, 188), (188, 9, 197), (189, 0, 197), (190, 3, 205), (191, 1, 211), (192, 7, 219), (193, 1, 226)];0;533.7813084125519;227;3.2936858376033364;7.166085441418964;7.166085441418964;{'N': 30, 'makespan_delta': 5, 'first_runner': <function run_cp_simp at 0x000001C36DD3C4A0>, 'first_runner_params': {}, 'first_time_limit': 60, 'obj': 'max_exp_ovp'}
Obj. F. analysis Model With Bounded Makespan (additional Obj F 1);MBmR;./Data/PrecedenceGraphs/LOVATO_gr_aircraft1.txt;./Data/Tasks/uniform/tasks_uniform_194_0.txt;uniform;194;10;900;[(0, 0, 0), (1, 1, 1), (2, 9, 1), (3, 0, 1), (4, 3, 1), (5, 4, 1), (6, 7, 1), (7, 5, 1), (8, 7, 6), (9, 3, 6), (10, 0, 10), (11, 6, 1), (12, 8, 1), (13, 2, 1), (14, 8, 11), (15, 1, 11), (16, 4, 12), (17, 7, 13), (18, 4, 7), (19, 2, 10), (20, 9, 7), (21, 5, 8), (22, 6, 9), (23, 3, 14), (24, 5, 42), (25, 4, 55), (26, 2, 20), (27, 4, 19), (28, 5, 21), (29, 0, 16), (30, 8, 19), (31, 7, 21), (32, 8, 24), (33, 6, 16), (34, 9, 16), (35, 5, 15), (36, 2, 29), (37, 1, 16), (38, 3, 29), (39, 3, 35), (40, 1, 59), (41, 0, 26), (42, 4, 26), (43, 9, 26), (44, 3, 24), (45, 4, 33), (46, 2, 37), (47, 6, 25), (48, 5, 28), (49, 8, 54), (50, 1, 25), (51, 0, 31), (52, 8, 33), (53, 9, 33), (54, 7, 29), (55, 6, 30), (56, 1, 31), (57, 5, 37), (58, 9, 42), (59, 8, 38), (60, 1, 38), (61, 2, 42), (62, 7, 34), (63, 6, 40), (64, 4, 40), (65, 0, 39), (66, 9, 48), (67, 1, 45), (68, 3, 44), (69, 8, 44), (70, 2, 52), (71, 7, 42), (72, 1, 50), (73, 6, 50), (74, 5, 52), (75, 0, 49), (76, 4, 49), (77, 9, 56), (78, 3, 52), (79, 0, 54), (80, 4, 64), (81, 2, 60), (82, 7, 49), (83, 3, 59), (84, 5, 61), (85, 9, 61), (86, 8, 63), (87, 0, 62), (88, 2, 68), (89, 7, 58), (90, 6, 58), (91, 7, 66), (92, 3, 66), (93, 5, 67), (94, 8, 69), (95, 4, 69), (96, 4, 76), (97, 2, 76), (98, 6, 66), (99, 6, 72), (100, 3, 72), (101, 9, 72), (102, 7, 72), (103, 8, 76), (104, 5, 76), (105, 1, 76), (106, 8, 83), (107, 2, 83), (108, 4, 84), (109, 0, 71), (110, 5, 82), (111, 7, 80), (112, 9, 80), (113, 3, 82), (114, 5, 87), (115, 1, 81), (116, 8, 93), (117, 5, 93), (118, 2, 89), (119, 0, 80), (120, 6, 80), (121, 7, 88), (122, 3, 88), (123, 4, 92), (124, 9, 90), (125, 8, 102), (126, 5, 98), (127, 2, 96), (128, 0, 89), (129, 6, 89), (130, 0, 99), (131, 3, 96), (132, 1, 96), (133, 9, 99), (134, 7, 107), (135, 9, 107), (136, 4, 102), (137, 2, 102), (138, 4, 97), (139, 7, 97), (140, 6, 96), (141, 3, 103), (142, 1, 104), (143, 6, 107), (144, 3, 114), (145, 4, 112), (146, 8, 108), (147, 2, 112), (148, 0, 106), (149, 1, 114), (150, 9, 114), (151, 2, 122), (152, 5, 113), (153, 1, 121), (154, 7, 122), (155, 9, 122), (156, 2, 131), (157, 5, 119), (158, 1, 130), (159, 6, 127), (160, 3, 127), (161, 9, 127), (162, 0, 127), (163, 7, 130), (164, 2, 140), (165, 7, 140), (166, 0, 135), (167, 4, 133), (168, 3, 148), (169, 0, 149), (170, 1, 142), (171, 9, 142), (172, 5, 138), (173, 3, 155), (174, 5, 158), (175, 4, 158), (176, 5, 150), (177, 2, 152), (178, 6, 152), (179, 9, 152), (180, 3, 165), (181, 6, 166), (182, 7, 161), (183, 9, 171), (184, 2, 176), (185, 5, 176), (186, 9, 183), (187, 4, 183), (188, 6, 193), (189, 0, 193), (190, 8, 200), (191, 3, 206), (192, 8, 214), (193, 4, 226)];0;91.62706971168518;227;6.845225297877024;17.297350926757893;6.378344971295479;{'N': 30, 'makespan_delta': 5, 'first_runner': <function run_cp_simp at 0x000001C36DD3C4A0>, 'first_runner_params': {}, 'first_time_limit': 60, 'obj': 'max_rm'}
Obj. F. analysis Model With Bounded Makespan (additional Obj F 2);MBmS;./Data/PrecedenceGraphs/LOVATO_gr_aircraft1.txt;./Data/Tasks/uniform/tasks_uniform_194_0.txt;uniform;194;10;900;[(0, 2, 0), (1, 2, 1), (2, 4, 1), (3, 0, 1), (4, 3, 1), (5, 6, 1), (6, 1, 1), (7, 9, 1), (8, 1, 6), (9, 3, 6), (10, 8, 10), (11, 7, 1), (12, 5, 1), (13, 8, 1), (14, 5, 11), (15, 2, 11), (16, 4, 12), (17, 1, 13), (18, 4, 7), (19, 0, 10), (20, 6, 7), (21, 9, 8), (22, 7, 9), (23, 3, 14), (24, 3, 33), (25, 0, 55), (26, 0, 20), (27, 4, 19), (28, 9, 21), (29, 2, 16), (30, 5, 19), (31, 1, 21), (32, 3, 24), (33, 8, 16), (34, 7, 16), (35, 9, 15), (36, 9, 28), (37, 6, 16), (38, 5, 29), (39, 5, 35), (40, 1, 59), (41, 7, 26), (42, 2, 26), (43, 4, 26), (44, 5, 24), (45, 1, 29), (46, 9, 45), (47, 6, 25), (48, 9, 36), (49, 9, 55), (50, 8, 25), (51, 7, 31), (52, 2, 33), (53, 4, 33), (54, 0, 29), (55, 6, 30), (56, 8, 31), (57, 1, 36), (58, 3, 43), (59, 2, 38), (60, 8, 38), (61, 4, 42), (62, 0, 34), (63, 6, 40), (64, 1, 41), (65, 7, 39), (66, 7, 49), (67, 8, 45), (68, 5, 44), (69, 2, 44), (70, 5, 52), (71, 0, 42), (72, 6, 50), (73, 8, 50), (74, 1, 50), (75, 9, 50), (76, 0, 49), (77, 7, 57), (78, 4, 52), (79, 2, 54), (80, 4, 59), (81, 5, 60), (82, 3, 49), (83, 6, 59), (84, 7, 62), (85, 9, 64), (86, 4, 64), (87, 2, 62), (88, 5, 68), (89, 8, 58), (90, 3, 58), (91, 3, 66), (92, 8, 66), (93, 0, 68), (94, 2, 69), (95, 1, 69), (96, 2, 76), (97, 5, 76), (98, 6, 66), (99, 9, 72), (100, 7, 72), (101, 8, 72), (102, 0, 73), (103, 1, 76), (104, 3, 76), (105, 4, 76), (106, 1, 83), (107, 5, 83), (108, 2, 84), (109, 6, 71), (110, 3, 82), (111, 6, 80), (112, 0, 81), (113, 7, 82), (114, 3, 87), (115, 4, 81), (116, 2, 93), (117, 1, 93), (118, 5, 89), (119, 8, 80), (120, 9, 80), (121, 6, 88), (122, 0, 88), (123, 4, 92), (124, 9, 90), (125, 6, 102), (126, 1, 98), (127, 5, 96), (128, 7, 89), (129, 8, 89), (130, 9, 99), (131, 8, 96), (132, 3, 96), (133, 7, 99), (134, 1, 107), (135, 0, 107), (136, 2, 102), (137, 5, 102), (138, 6, 97), (139, 4, 97), (140, 0, 96), (141, 8, 103), (142, 3, 104), (143, 7, 109), (144, 9, 115), (145, 4, 113), (146, 2, 108), (147, 6, 112), (148, 9, 107), (149, 3, 114), (150, 5, 114), (151, 2, 122), (152, 0, 115), (153, 6, 122), (154, 1, 122), (155, 3, 122), (156, 4, 131), (157, 0, 121), (158, 6, 131), (159, 9, 127), (160, 5, 127), (161, 7, 127), (162, 0, 127), (163, 1, 131), (164, 3, 140), (165, 6, 140), (166, 7, 136), (167, 9, 135), (168, 0, 148), (169, 1, 149), (170, 9, 144), (171, 7, 144), (172, 5, 143), (173, 6, 155), (174, 7, 158), (175, 9, 158), (176, 5, 154), (177, 8, 154), (178, 3, 154), (179, 4, 154), (180, 5, 165), (181, 6, 166), (182, 4, 163), (183, 3, 172), (184, 3, 178), (185, 5, 178), (186, 9, 187), (187, 3, 187), (188, 9, 197), (189, 8, 197), (190, 1, 204), (191, 3, 210), (192, 1, 218), (193, 5, 226)];0;124.54286551475525;227;6.284690617364126;14.508737764284144;9.261613378586008;{'N': 30, 'makespan_delta': 5, 'first_runner': <function run_cp_simp at 0x000001C36DD3C4A0>, 'first_runner_params': {}, 'first_time_limit': 60, 'obj': 'max_max_ovp'}
Obj. F. analysis Model With Bounded Number of Buffer Times (RM);BBr;./Data/PrecedenceGraphs/LOVATO_gr_aircraft1.txt;./Data/Tasks/uniform/tasks_uniform_194_0.txt;uniform;194;10;900;[(0, 4, 0), (1, 0, 1), (2, 8, 7), (3, 6, 1), (4, 9, 1), (5, 8, 1), (6, 4, 1), (7, 3, 10), (8, 2, 1), (9, 5, 1), (10, 2, 8), (11, 3, 1), (12, 7, 1), (13, 1, 1), (14, 5, 11), (15, 0, 11), (16, 6, 20), (17, 4, 18), (18, 4, 13), (19, 0, 16), (20, 6, 10), (21, 3, 17), (22, 2, 14), (23, 0, 26), (24, 6, 27), (25, 8, 40), (26, 5, 37), (27, 7, 20), (28, 0, 43), (29, 9, 16), (30, 9, 33), (31, 4, 27), (32, 3, 27), (33, 1, 20), (34, 5, 20), (35, 5, 47), (36, 2, 24), (37, 8, 21), (38, 5, 30), (39, 1, 47), (40, 1, 56), (41, 6, 37), (42, 0, 51), (43, 9, 26), (44, 9, 39), (45, 0, 59), (46, 2, 37), (47, 0, 37), (48, 4, 54), (49, 8, 31), (50, 7, 31), (51, 6, 42), (52, 3, 59), (53, 1, 33), (54, 9, 44), (55, 7, 60), (56, 7, 42), (57, 7, 37), (58, 3, 52), (59, 3, 64), (60, 2, 64), (61, 3, 42), (62, 9, 50), (63, 1, 70), (64, 4, 71), (65, 7, 50), (66, 6, 58), (67, 9, 70), (68, 6, 70), (69, 8, 70), (70, 2, 52), (71, 9, 59), (72, 4, 80), (73, 1, 80), (74, 3, 80), (75, 7, 70), (76, 5, 60), (77, 4, 66), (78, 5, 84), (79, 8, 80), (80, 3, 113), (81, 8, 60), (82, 5, 66), (83, 7, 89), (84, 3, 71), (85, 6, 78), (86, 8, 88), (87, 0, 88), (88, 0, 68), (89, 7, 75), (90, 5, 75), (91, 7, 97), (92, 3, 99), (93, 9, 77), (94, 6, 96), (95, 9, 96), (96, 0, 76), (97, 2, 76), (98, 7, 83), (99, 2, 106), (100, 5, 112), (101, 1, 106), (102, 9, 82), (103, 2, 130), (104, 8, 104), (105, 7, 104), (106, 6, 84), (107, 2, 83), (108, 0, 144), (109, 3, 90), (110, 5, 123), (111, 9, 122), (112, 8, 123), (113, 2, 115), (114, 5, 128), (115, 2, 121), (116, 1, 95), (117, 7, 109), (118, 2, 89), (119, 7, 114), (120, 4, 99), (121, 9, 130), (122, 0, 130), (123, 1, 140), (124, 8, 130), (125, 0, 105), (126, 6, 114), (127, 2, 96), (128, 6, 123), (129, 3, 118), (130, 5, 155), (131, 9, 140), (132, 4, 138), (133, 6, 139), (134, 4, 111), (135, 0, 138), (136, 3, 106), (137, 5, 102), (138, 2, 137), (139, 8, 139), (140, 7, 126), (141, 4, 147), (142, 9, 147), (143, 9, 176), (144, 0, 150), (145, 5, 162), (146, 8, 113), (147, 9, 112), (148, 2, 142), (149, 7, 157), (150, 9, 157), (151, 1, 122), (152, 1, 165), (153, 0, 164), (154, 2, 165), (155, 4, 166), (156, 1, 131), (157, 8, 171), (158, 7, 173), (159, 9, 170), (160, 5, 170), (161, 2, 170), (162, 3, 170), (163, 7, 178), (164, 5, 140), (165, 3, 140), (166, 2, 178), (167, 8, 177), (168, 5, 148), (169, 3, 149), (170, 2, 185), (171, 0, 185), (172, 8, 182), (173, 1, 155), (174, 5, 178), (175, 4, 158), (176, 6, 199), (177, 4, 195), (178, 8, 195), (179, 7, 195), (180, 6, 165), (181, 6, 176), (182, 2, 204), (183, 6, 171), (184, 1, 176), (185, 4, 176), (186, 1, 183), (187, 4, 183), (188, 6, 193), (189, 3, 193), (190, 9, 200), (191, 1, 206), (192, 5, 214), (193, 0, 221)];0;319.2119131088257;222;3.435447979578361;10.39200786912468;9.80244880564835;{'N': 30, 'max_b': 1, 'sum_of_buf': 50, 'obj': 'avg_rm'}
Obj. F. analysis Model With Bounded Number of Buffer Times (S1);BBs1;./Data/PrecedenceGraphs/LOVATO_gr_aircraft1.txt;./Data/Tasks/uniform/tasks_uniform_194_0.txt;uniform;194;10;900;[(0, 8, 0), (1, 6, 1), (2, 7, 1), (3, 2, 1), (4, 9, 8), (5, 5, 1), (6, 4, 1), (7, 9, 1), (8, 6, 19), (9, 5, 7), (10, 4, 6), (11, 0, 1), (12, 1, 1), (13, 3, 1), (14, 6, 11), (15, 3, 11), (16, 2, 11), (17, 4, 12), (18, 8, 8), (19, 7, 15), (20, 9, 14), (21, 7, 8), (22, 1, 11), (23, 6, 42), (24, 2, 64), (25, 0, 26), (26, 2, 19), (27, 3, 27), (28, 2, 28), (29, 0, 16), (30, 1, 18), (31, 4, 20), (32, 6, 26), (33, 8, 23), (34, 7, 25), (35, 5, 15), (36, 9, 33), (37, 3, 18), (38, 4, 35), (39, 2, 45), (40, 6, 52), (41, 3, 34), (42, 5, 34), (43, 9, 26), (44, 5, 24), (45, 6, 35), (46, 3, 47), (47, 1, 34), (48, 2, 35), (49, 9, 53), (50, 4, 28), (51, 0, 57), (52, 5, 41), (53, 8, 33), (54, 1, 29), (55, 0, 39), (56, 3, 40), (57, 3, 53), (58, 0, 65), (59, 9, 46), (60, 5, 46), (61, 1, 42), (62, 0, 49), (63, 1, 52), (64, 8, 49), (65, 1, 62), (66, 4, 78), (67, 7, 53), (68, 9, 63), (69, 2, 54), (70, 4, 52), (71, 5, 57), (72, 5, 64), (73, 3, 62), (74, 0, 71), (75, 1, 89), (76, 1, 72), (77, 0, 87), (78, 4, 71), (79, 6, 64), (80, 9, 71), (81, 8, 60), (82, 2, 74), (83, 9, 76), (84, 5, 93), (85, 4, 93), (86, 7, 73), (87, 6, 73), (88, 8, 68), (89, 0, 93), (90, 2, 122), (91, 5, 83), (92, 9, 83), (93, 4, 100), (94, 9, 89), (95, 6, 81), (96, 1, 94), (97, 3, 76), (98, 0, 101), (99, 5, 114), (100, 3, 89), (101, 8, 89), (102, 4, 106), (103, 0, 115), (104, 9, 95), (105, 3, 99), (106, 2, 83), (107, 1, 83), (108, 8, 83), (109, 0, 106), (110, 9, 101), (111, 8, 98), (112, 4, 158), (113, 7, 132), (114, 7, 104), (115, 3, 104), (116, 2, 112), (117, 5, 99), (118, 7, 89), (119, 6, 141), (120, 7, 115), (121, 6, 108), (122, 4, 114), (123, 8, 140), (124, 4, 131), (125, 6, 125), (126, 5, 104), (127, 7, 96), (128, 6, 131), (129, 7, 124), (130, 6, 117), (131, 1, 122), (132, 4, 122), (133, 4, 140), (134, 2, 139), (135, 9, 114), (136, 6, 102), (137, 2, 102), (138, 9, 163), (139, 8, 132), (140, 3, 132), (141, 1, 129), (142, 9, 131), (143, 2, 157), (144, 2, 147), (145, 2, 130), (146, 4, 149), (147, 8, 112), (148, 3, 143), (149, 9, 142), (150, 7, 142), (151, 8, 122), (152, 0, 158), (153, 9, 149), (154, 7, 151), (155, 8, 151), (156, 0, 131), (157, 5, 171), (158, 9, 158), (159, 6, 156), (160, 3, 156), (161, 7, 156), (162, 3, 164), (163, 8, 158), (164, 1, 140), (165, 0, 140), (166, 6, 164), (167, 3, 170), (168, 5, 148), (169, 0, 149), (170, 0, 171), (171, 8, 171), (172, 2, 175), (173, 5, 155), (174, 2, 184), (175, 9, 176), (176, 4, 179), (177, 3, 181), (178, 8, 181), (179, 4, 184), (180, 5, 165), (181, 0, 184), (182, 3, 196), (183, 9, 171), (184, 6, 176), (185, 1, 176), (186, 6, 183), (187, 1, 184), (188, 7, 193), (189, 9, 193), (190, 6, 200), (191, 9, 206), (192, 3, 214), (193, 3, 221)];0;904.7109544277191;222;2.7040154690294926;10.6565525627554;10.6565525627554;{'N': 30, 'max_b': 1, 'sum_of_buf': 50, 'obj': 'avg_exp_ovp'}
Obj. F. analysis Model With Bounded Number of Buffer Times (S2);BBs2;./Data/PrecedenceGraphs/LOVATO_gr_aircraft1.txt;./Data/Tasks/uniform/tasks_uniform_194_0.txt;uniform;194;10;900;[(0, 4, 0), (1, 3, 1), (2, 9, 6), (3, 6, 1), (4, 1, 1), (5, 2, 1), (6, 9, 1), (7, 5, 1), (8, 4, 1), (9, 3, 58), (10, 8, 1), (11, 7, 1), (12, 8, 47), (13, 1, 6), (14, 3, 11), (15, 4, 11), (16, 8, 11), (17, 6, 11), (18, 4, 32), (19, 2, 59), (20, 0, 7), (21, 1, 35), (22, 4, 16), (23, 0, 127), (24, 2, 31), (25, 9, 19), (26, 1, 19), (27, 8, 19), (28, 1, 42), (29, 5, 16), (30, 3, 19), (31, 0, 19), (32, 4, 23), (33, 2, 16), (34, 7, 16), (35, 4, 58), (36, 9, 46), (37, 6, 23), (38, 3, 66), (39, 1, 49), (40, 6, 46), (41, 8, 26), (42, 1, 28), (43, 5, 26), (44, 3, 24), (45, 0, 27), (46, 6, 41), (47, 2, 25), (48, 4, 64), (49, 6, 32), (50, 5, 33), (51, 0, 34), (52, 8, 35), (53, 7, 33), (54, 3, 29), (55, 9, 31), (56, 5, 39), (57, 9, 41), (58, 7, 71), (59, 4, 40), (60, 8, 40), (61, 7, 42), (62, 3, 34), (63, 2, 41), (64, 3, 49), (65, 5, 46), (66, 8, 84), (67, 4, 127), (68, 9, 54), (69, 7, 52), (70, 0, 52), (71, 3, 42), (72, 7, 62), (73, 2, 51), (74, 5, 62), (75, 6, 56), (76, 5, 56), (77, 8, 101), (78, 5, 71), (79, 1, 62), (80, 7, 132), (81, 0, 60), (82, 4, 49), (83, 2, 71), (84, 8, 124), (85, 8, 106), (86, 1, 70), (87, 6, 70), (88, 8, 68), (89, 9, 62), (90, 4, 78), (91, 6, 83), (92, 2, 78), (93, 6, 130), (94, 6, 77), (95, 1, 77), (96, 8, 76), (97, 9, 76), (98, 4, 73), (99, 6, 89), (100, 5, 89), (101, 7, 89), (102, 3, 136), (103, 1, 84), (104, 4, 86), (105, 3, 84), (106, 2, 84), (107, 7, 83), (108, 0, 83), (109, 5, 78), (110, 6, 99), (111, 7, 97), (112, 7, 145), (113, 7, 122), (114, 3, 89), (115, 0, 89), (116, 4, 94), (117, 2, 94), (118, 9, 89), (119, 5, 99), (120, 8, 92), (121, 0, 108), (122, 7, 105), (123, 1, 94), (124, 0, 98), (125, 4, 103), (126, 2, 99), (127, 9, 96), (128, 3, 101), (129, 8, 112), (130, 8, 130), (131, 7, 114), (132, 2, 114), (133, 3, 111), (134, 4, 109), (135, 1, 109), (136, 1, 102), (137, 9, 102), (138, 8, 119), (139, 5, 119), (140, 6, 119), (141, 2, 123), (142, 1, 124), (143, 3, 120), (144, 4, 117), (145, 1, 115), (146, 0, 117), (147, 9, 112), (148, 5, 130), (149, 4, 135), (150, 1, 135), (151, 9, 122), (152, 7, 138), (153, 6, 143), (154, 4, 144), (155, 1, 144), (156, 9, 131), (157, 5, 145), (158, 1, 153), (159, 2, 155), (160, 8, 150), (161, 7, 153), (162, 4, 150), (163, 6, 153), (164, 2, 140), (165, 9, 140), (166, 8, 159), (167, 5, 160), (168, 2, 148), (169, 9, 150), (170, 5, 166), (171, 8, 166), (172, 7, 166), (173, 3, 155), (174, 9, 160), (175, 4, 160), (176, 3, 175), (177, 7, 177), (178, 5, 177), (179, 4, 177), (180, 2, 165), (181, 6, 169), (182, 2, 187), (183, 2, 171), (184, 9, 176), (185, 1, 176), (186, 8, 183), (187, 6, 184), (188, 8, 193), (189, 3, 193), (190, 4, 200), (191, 4, 206), (192, 8, 214), (193, 5, 221)];0;326.7730805873871;222;3.1432332864300836;9.676987618948411;9.676987618948411;{'N': 30, 'max_b': 1, 'sum_of_buf': 50, 'obj': 'max_exp_ovp'}
Obj. F. analysis Model With Bounded Number of Buffer Times (additional Obj F 1);BBmR;./Data/PrecedenceGraphs/LOVATO_gr_aircraft1.txt;./Data/Tasks/uniform/tasks_uniform_194_0.txt;uniform;194;10;900;[(0, 8, 0), (1, 6, 1), (2, 1, 1), (3, 2, 1), (4, 8, 1), (5, 5, 1), (6, 4, 1), (7, 0, 1), (8, 8, 7), (9, 5, 8), (10, 6, 11), (11, 3, 1), (12, 9, 1), (13, 7, 1), (14, 4, 14), (15, 7, 11), (16, 9, 12), (17, 2, 11), (18, 4, 8), (19, 3, 49), (20, 0, 9), (21, 1, 9), (22, 3, 10), (23, 8, 15), (24, 9, 30), (25, 2, 69), (26, 4, 23), (27, 7, 24), (28, 3, 26), (29, 5, 16), (30, 3, 20), (31, 0, 20), (32, 1, 20), (33, 9, 20), (34, 2, 20), (35, 7, 17), (36, 5, 35), (37, 6, 18), (38, 1, 40), (39, 4, 33), (40, 1, 59), (41, 2, 31), (42, 7, 31), (43, 8, 26), (44, 6, 28), (45, 9, 41), (46, 3, 43), (47, 0, 30), (48, 1, 30), (49, 5, 62), (50, 5, 28), (51, 2, 37), (52, 7, 39), (53, 8, 33), (54, 0, 36), (55, 6, 36), (56, 3, 35), (57, 9, 48), (58, 5, 46), (59, 1, 47), (60, 6, 47), (61, 0, 42), (62, 8, 42), (63, 7, 47), (64, 2, 47), (65, 4, 43), (66, 4, 54), (67, 2, 57), (68, 5, 54), (69, 6, 55), (70, 8, 52), (71, 0, 52), (72, 9, 60), (73, 3, 59), (74, 0, 59), (75, 1, 54), (76, 9, 54), (77, 4, 62), (78, 2, 62), (79, 6, 65), (80, 0, 68), (81, 7, 60), (82, 8, 60), (83, 1, 69), (84, 4, 67), (85, 3, 67), (86, 3, 73), (87, 5, 73), (88, 7, 68), (89, 9, 69), (90, 8, 69), (91, 4, 76), (92, 7, 76), (93, 0, 73), (94, 5, 80), (95, 8, 80), (96, 1, 76), (97, 6, 76), (98, 9, 77), (99, 3, 82), (100, 4, 82), (101, 9, 82), (102, 0, 78), (103, 3, 90), (104, 5, 87), (105, 2, 89), (106, 6, 83), (107, 2, 83), (108, 1, 84), (109, 7, 82), (110, 5, 93), (111, 1, 90), (112, 8, 87), (113, 6, 94), (114, 3, 97), (115, 4, 94), (116, 2, 94), (117, 9, 93), (118, 0, 89), (119, 0, 96), (120, 8, 94), (121, 9, 98), (122, 5, 98), (123, 7, 102), (124, 2, 103), (125, 4, 103), (126, 1, 98), (127, 7, 96), (128, 0, 103), (129, 8, 103), (130, 9, 107), (131, 7, 107), (132, 1, 107), (133, 2, 112), (134, 3, 108), (135, 5, 107), (136, 3, 102), (137, 6, 102), (138, 0, 113), (139, 6, 112), (140, 8, 110), (141, 4, 117), (142, 0, 118), (143, 6, 120), (144, 7, 115), (145, 1, 115), (146, 4, 108), (147, 5, 112), (148, 9, 120), (149, 9, 128), (150, 7, 128), (151, 8, 122), (152, 5, 127), (153, 7, 136), (154, 5, 136), (155, 6, 136), (156, 1, 131), (157, 9, 135), (158, 7, 145), (159, 3, 141), (160, 4, 141), (161, 6, 141), (162, 5, 141), (163, 1, 145), (164, 2, 140), (165, 9, 141), (166, 5, 149), (167, 4, 149), (168, 8, 148), (169, 9, 150), (170, 2, 156), (171, 3, 156), (172, 5, 156), (173, 7, 155), (174, 6, 159), (175, 0, 159), (176, 6, 166), (177, 1, 166), (178, 0, 167), (179, 5, 166), (180, 7, 165), (181, 8, 167), (182, 2, 176), (183, 2, 171), (184, 9, 176), (185, 3, 176), (186, 6, 183), (187, 3, 183), (188, 8, 193), (189, 2, 193), (190, 0, 200), (191, 9, 206), (192, 5, 214), (193, 3, 221)];0;174.8053560256958;222;4.990584027364017;14.804932835301011;14.804932835301011;{'N': 30, 'max_b': 1, 'sum_of_buf': 50, 'obj': 'max_rm'}
Obj. F. analysis Model With Bounded Number of Buffer Times (additional Obj F 2);BBmS;./Data/PrecedenceGraphs/LOVATO_gr_aircraft1.txt;./Data/Tasks/uniform/tasks_uniform_194_0.txt;uniform;194;10;900;[(0, 4, 0), (1, 1, 1), (2, 2, 1), (3, 0, 1), (4, 7, 1), (5, 9, 1), (6, 3, 1), (7, 5, 1), (8, 3, 15), (9, 7, 33), (10, 8, 60), (11, 8, 1), (12, 6, 1), (13, 1, 18), (14, 4, 11), (15, 6, 11), (16, 1, 11), (17, 0, 11), (18, 8, 10), (19, 6, 68), (20, 9, 7), (21, 3, 8), (22, 7, 10), (23, 1, 95), (24, 5, 37), (25, 4, 84), (26, 5, 28), (27, 5, 21), (28, 8, 23), (29, 2, 16), (30, 8, 18), (31, 3, 22), (32, 0, 30), (33, 6, 17), (34, 0, 19), (35, 5, 15), (36, 7, 17), (37, 2, 26), (38, 4, 19), (39, 4, 37), (40, 0, 66), (41, 6, 28), (42, 9, 28), (43, 7, 26), (44, 1, 28), (45, 0, 40), (46, 7, 141), (47, 4, 26), (48, 7, 68), (49, 6, 79), (50, 2, 35), (51, 6, 34), (52, 9, 35), (53, 8, 33), (54, 1, 34), (55, 3, 31), (56, 1, 41), (57, 4, 46), (58, 7, 42), (59, 9, 41), (60, 5, 47), (61, 8, 42), (62, 2, 41), (63, 3, 41), (64, 6, 42), (65, 1, 48), (66, 7, 49), (67, 5, 54), (68, 0, 48), (69, 9, 47), (70, 4, 52), (71, 2, 49), (72, 3, 51), (73, 8, 52), (74, 0, 56), (75, 3, 92), (76, 3, 60), (77, 6, 57), (78, 7, 106), (79, 9, 57), (80, 5, 60), (81, 7, 60), (82, 2, 56), (83, 1, 60), (84, 6, 62), (85, 7, 134), (86, 3, 66), (87, 9, 65), (88, 4, 68), (89, 2, 65), (90, 4, 76), (91, 5, 67), (92, 2, 74), (93, 3, 73), (94, 9, 72), (95, 1, 72), (96, 2, 80), (97, 8, 76), (98, 8, 92), (99, 5, 80), (100, 7, 89), (101, 8, 83), (102, 9, 79), (103, 6, 88), (104, 1, 79), (105, 3, 79), (106, 8, 97), (107, 7, 83), (108, 3, 85), (109, 6, 97), (110, 7, 99), (111, 2, 92), (112, 1, 87), (113, 4, 93), (114, 9, 102), (115, 0, 96), (116, 5, 122), (117, 8, 108), (118, 0, 89), (119, 0, 106), (120, 3, 106), (121, 5, 132), (122, 4, 112), (123, 7, 160), (124, 1, 106), (125, 8, 140), (126, 2, 131), (127, 9, 96), (128, 7, 124), (129, 7, 116), (130, 5, 142), (131, 4, 121), (132, 0, 121), (133, 1, 116), (134, 1, 146), (135, 2, 148), (136, 6, 106), (137, 4, 102), (138, 3, 133), (139, 3, 124), (140, 6, 124), (141, 5, 181), (142, 4, 130), (143, 2, 153), (144, 3, 159), (145, 9, 157), (146, 8, 114), (147, 5, 112), (148, 2, 141), (149, 4, 140), (150, 6, 140), (151, 2, 122), (152, 5, 149), (153, 8, 147), (154, 3, 148), (155, 7, 148), (156, 8, 131), (157, 3, 180), (158, 1, 165), (159, 0, 155), (160, 8, 156), (161, 7, 153), (162, 3, 153), (163, 5, 156), (164, 9, 140), (165, 9, 148), (166, 5, 165), (167, 1, 170), (168, 0, 148), (169, 5, 172), (170, 3, 172), (171, 2, 172), (172, 8, 175), (173, 1, 155), (174, 7, 181), (175, 6, 183), (176, 0, 180), (177, 1, 192), (178, 1, 182), (179, 9, 193), (180, 2, 165), (181, 0, 191), (182, 1, 198), (183, 4, 171), (184, 4, 176), (185, 6, 176), (186, 9, 183), (187, 4, 183), (188, 8, 193), (189, 4, 193), (190, 2, 200), (191, 3, 206), (192, 9, 214), (193, 8, 221)];0;235.88618230819702;222;3.7483452853390946;10.99288250406729;10.99288250406729;{'N': 30, 'max_b': 1, 'sum_of_buf': 50, 'obj': 'max_max_ovp'}
Sensitivity analysis SAA model (N);STr2;./Data/PrecedenceGraphs/LOVATO_gr_aircraft1.txt;./Data/Tasks/uniform/tasks_uniform_194_0.txt;uniform;194;10;900;[(0, 4, 0), (1, 0, 1), (2, 6, 1), (3, 9, 1), (4, 5, 1), (5, 8, 1), (6, 3, 1), (7, 7, 1), (8, 5, 6), (9, 3, 6), (10, 9, 10), (11, 1, 1), (12, 2, 1), (13, 4, 1), (14, 2, 11), (15, 0, 11), (16, 8, 12), (17, 5, 13), (18, 8, 7), (19, 4, 10), (20, 6, 7), (21, 7, 8), (22, 1, 9), (23, 3, 14), (24, 7, 34), (25, 7, 59), (26, 4, 20), (27, 8, 19), (28, 5, 21), (29, 1, 16), (30, 2, 19), (31, 7, 21), (32, 3, 24), (33, 6, 16), (34, 9, 16), (35, 7, 15), (36, 4, 29), (37, 0, 16), (38, 5, 28), (39, 9, 33), (40, 9, 56), (41, 8, 26), (42, 9, 26), (43, 1, 26), (44, 2, 24), (45, 2, 29), (46, 4, 37), (47, 6, 25), (48, 5, 42), (49, 2, 59), (50, 0, 25), (51, 8, 31), (52, 3, 33), (53, 1, 33), (54, 7, 29), (55, 6, 30), (56, 0, 31), (57, 2, 36), (58, 9, 42), (59, 3, 38), (60, 0, 38), (61, 4, 42), (62, 5, 34), (63, 6, 40), (64, 2, 41), (65, 8, 39), (66, 9, 48), (67, 0, 45), (68, 7, 44), (69, 3, 44), (70, 4, 52), (71, 1, 42), (72, 6, 50), (73, 0, 50), (74, 2, 50), (75, 5, 51), (76, 1, 49), (77, 5, 56), (78, 7, 52), (79, 3, 54), (80, 1, 55), (81, 1, 60), (82, 8, 49), (83, 6, 59), (84, 5, 61), (85, 4, 61), (86, 9, 66), (87, 3, 62), (88, 5, 68), (89, 8, 58), (90, 0, 58), (91, 8, 66), (92, 6, 66), (93, 4, 67), (94, 2, 69), (95, 7, 69), (96, 2, 76), (97, 9, 76), (98, 0, 66), (99, 6, 72), (100, 0, 72), (101, 3, 72), (102, 4, 72), (103, 7, 76), (104, 8, 76), (105, 5, 76), (106, 7, 83), (107, 9, 83), (108, 2, 84), (109, 1, 71), (110, 0, 82), (111, 6, 80), (112, 3, 80), (113, 8, 82), (114, 4, 87), (115, 5, 81), (116, 7, 93), (117, 5, 93), (118, 9, 89), (119, 4, 80), (120, 1, 80), (121, 3, 88), (122, 0, 88), (123, 8, 92), (124, 2, 90), (125, 3, 102), (126, 5, 98), (127, 9, 96), (128, 6, 89), (129, 1, 89), (130, 2, 99), (131, 1, 96), (132, 4, 96), (133, 6, 99), (134, 2, 107), (135, 3, 107), (136, 7, 102), (137, 9, 102), (138, 3, 97), (139, 8, 97), (140, 0, 96), (141, 1, 103), (142, 4, 104), (143, 5, 107), (144, 5, 114), (145, 0, 112), (146, 6, 108), (147, 9, 112), (148, 8, 106), (149, 8, 114), (150, 4, 114), (151, 9, 122), (152, 3, 113), (153, 2, 121), (154, 3, 122), (155, 0, 122), (156, 8, 131), (157, 7, 119), (158, 2, 130), (159, 6, 127), (160, 0, 127), (161, 4, 127), (162, 7, 127), (163, 1, 130), (164, 2, 140), (165, 1, 140), (166, 6, 135), (167, 4, 133), (168, 9, 148), (169, 1, 149), (170, 8, 142), (171, 7, 142), (172, 0, 138), (173, 2, 155), (174, 0, 158), (175, 1, 158), (176, 5, 150), (177, 3, 152), (178, 4, 152), (179, 0, 152), (180, 6, 165), (181, 5, 166), (182, 9, 161), (183, 6, 171), (184, 1, 176), (185, 4, 176), (186, 1, 183), (187, 7, 183), (188, 3, 193), (189, 4, 193), (190, 3, 200), (191, 0, 206), (192, 3, 214), (193, 0, 221)];0;4.085655212402344;222;7.305691570764683;16.77052323868306;16.118260375874904;{'N': 2, 'obj': 'avg_rm'}
Sensitivity analysis SAA model (N);STr10;./Data/PrecedenceGraphs/LOVATO_gr_aircraft1.txt;./Data/Tasks/uniform/tasks_uniform_194_0.txt;uniform;194;10;900;[(0, 4, 0), (1, 5, 1), (2, 8, 23), (3, 5, 11), (4, 9, 1), (5, 6, 1), (6, 2, 1), (7, 0, 1), (8, 9, 6), (9, 2, 6), (10, 7, 10), (11, 3, 1), (12, 4, 1), (13, 7, 1), (14, 1, 11), (15, 8, 11), (16, 8, 16), (17, 9, 13), (18, 8, 63), (19, 5, 39), (20, 6, 7), (21, 0, 8), (22, 3, 9), (23, 2, 14), (24, 7, 26), (25, 3, 19), (26, 5, 30), (27, 8, 29), (28, 0, 29), (29, 4, 16), (30, 1, 33), (31, 9, 21), (32, 1, 38), (33, 4, 26), (34, 7, 16), (35, 0, 15), (36, 0, 21), (37, 6, 16), (38, 9, 29), (39, 0, 39), (40, 4, 69), (41, 8, 36), (42, 3, 36), (43, 1, 26), (44, 2, 42), (45, 9, 35), (46, 7, 57), (47, 4, 35), (48, 5, 21), (49, 7, 62), (50, 6, 25), (51, 8, 41), (52, 7, 52), (53, 2, 33), (54, 2, 47), (55, 4, 40), (56, 6, 31), (57, 3, 43), (58, 8, 49), (59, 6, 57), (60, 5, 57), (61, 7, 42), (62, 2, 52), (63, 4, 50), (64, 9, 50), (65, 3, 48), (66, 8, 55), (67, 5, 79), (68, 0, 73), (69, 6, 63), (70, 1, 52), (71, 2, 60), (72, 4, 60), (73, 9, 60), (74, 5, 64), (75, 8, 84), (76, 3, 58), (77, 0, 68), (78, 7, 81), (79, 6, 73), (80, 3, 120), (81, 0, 60), (82, 2, 67), (83, 9, 69), (84, 8, 73), (85, 5, 73), (86, 5, 84), (87, 6, 81), (88, 1, 68), (89, 0, 81), (90, 2, 82), (91, 2, 76), (92, 9, 76), (93, 8, 79), (94, 8, 97), (95, 6, 88), (96, 6, 101), (97, 1, 76), (98, 0, 89), (99, 1, 96), (100, 4, 82), (101, 9, 82), (102, 7, 88), (103, 3, 113), (104, 8, 116), (105, 2, 117), (106, 3, 89), (107, 3, 83), (108, 6, 95), (109, 5, 94), (110, 8, 92), (111, 9, 90), (112, 7, 96), (113, 4, 126), (114, 7, 122), (115, 2, 122), (116, 2, 102), (117, 3, 99), (118, 1, 89), (119, 4, 107), (120, 5, 103), (121, 4, 98), (122, 8, 103), (123, 9, 127), (124, 1, 131), (125, 8, 111), (126, 3, 104), (127, 2, 96), (128, 5, 118), (129, 0, 120), (130, 9, 107), (131, 6, 111), (132, 0, 112), (133, 1, 140), (134, 3, 125), (135, 5, 113), (136, 2, 111), (137, 0, 102), (138, 8, 127), (139, 4, 132), (140, 9, 132), (141, 6, 118), (142, 0, 127), (143, 6, 155), (144, 3, 132), (145, 2, 131), (146, 4, 117), (147, 1, 112), (148, 0, 142), (149, 5, 137), (150, 3, 142), (151, 1, 122), (152, 2, 149), (153, 5, 144), (154, 0, 150), (155, 9, 150), (156, 7, 131), (157, 8, 155), (158, 7, 176), (159, 6, 161), (160, 9, 155), (161, 0, 155), (162, 4, 155), (163, 5, 155), (164, 7, 140), (165, 8, 140), (166, 7, 181), (167, 4, 161), (168, 6, 148), (169, 3, 150), (170, 5, 193), (171, 7, 188), (172, 0, 166), (173, 7, 155), (174, 3, 159), (175, 8, 161), (176, 4, 201), (177, 8, 199), (178, 7, 198), (179, 9, 198), (180, 7, 165), (181, 6, 169), (182, 5, 207), (183, 7, 171), (184, 2, 176), (185, 9, 176), (186, 5, 183), (187, 6, 183), (188, 8, 193), (189, 1, 193), (190, 6, 200), (191, 8, 206), (192, 7, 214), (193, 9, 221)];0;39.64932060241699;222;3.7524852580025905;11.545581620365622;11.545581620365622;{'N': 10, 'obj': 'avg_rm'}
Sensitivity analysis SAA model (N);STr30;./Data/PrecedenceGraphs/LOVATO_gr_aircraft1.txt;./Data/Tasks/uniform/tasks_uniform_194_0.txt;uniform;194;10;900;[(0, 8, 0), (1, 6, 1), (2, 0, 1), (3, 2, 1), (4, 5, 1), (5, 7, 1), (6, 9, 1), (7, 8, 1), (8, 1, 1), (9, 0, 7), (10, 4, 1), (11, 3, 1), (12, 5, 6), (13, 9, 6), (14, 2, 11), (15, 1, 11), (16, 6, 11), (17, 9, 15), (18, 4, 7), (19, 3, 10), (20, 7, 7), (21, 8, 8), (22, 4, 12), (23, 2, 71), (24, 8, 28), (25, 0, 25), (26, 2, 19), (27, 7, 19), (28, 3, 20), (29, 1, 16), (30, 4, 19), (31, 6, 25), (32, 4, 24), (33, 0, 16), (34, 5, 16), (35, 5, 62), (36, 5, 54), (37, 8, 19), (38, 6, 19), (39, 2, 28), (40, 9, 96), (41, 7, 26), (42, 5, 26), (43, 1, 26), (44, 9, 24), (45, 9, 106), (46, 7, 39), (47, 4, 33), (48, 3, 68), (49, 4, 62), (50, 0, 34), (51, 7, 31), (52, 3, 34), (53, 9, 33), (54, 3, 29), (55, 4, 38), (56, 5, 40), (57, 2, 40), (58, 0, 40), (59, 8, 39), (60, 5, 47), (61, 9, 42), (62, 1, 34), (63, 1, 48), (64, 4, 48), (65, 3, 47), (66, 0, 46), (67, 4, 57), (68, 7, 45), (69, 8, 45), (70, 9, 52), (71, 6, 42), (72, 1, 66), (73, 0, 59), (74, 7, 58), (75, 2, 60), (76, 3, 57), (77, 0, 54), (78, 2, 53), (79, 8, 55), (80, 3, 63), (81, 9, 60), (82, 6, 49), (83, 8, 75), (84, 6, 59), (85, 2, 65), (86, 4, 71), (87, 8, 63), (88, 9, 68), (89, 5, 68), (90, 1, 58), (91, 4, 89), (92, 1, 82), (93, 6, 65), (94, 8, 88), (95, 7, 70), (96, 2, 81), (97, 9, 76), (98, 5, 76), (99, 9, 113), (100, 6, 108), (101, 2, 98), (102, 6, 70), (103, 0, 77), (104, 8, 82), (105, 5, 81), (106, 5, 86), (107, 4, 83), (108, 1, 88), (109, 3, 81), (110, 0, 118), (111, 2, 106), (112, 1, 94), (113, 8, 132), (114, 1, 138), (115, 2, 89), (116, 6, 127), (117, 3, 99), (118, 9, 89), (119, 9, 121), (120, 3, 90), (121, 8, 123), (122, 0, 123), (123, 1, 143), (124, 5, 98), (125, 6, 136), (126, 3, 104), (127, 6, 96), (128, 9, 128), (129, 1, 101), (130, 9, 143), (131, 1, 131), (132, 4, 131), (133, 5, 107), (134, 3, 141), (135, 9, 138), (136, 6, 102), (137, 0, 102), (138, 4, 108), (139, 0, 131), (140, 2, 114), (141, 2, 143), (142, 0, 139), (143, 4, 115), (144, 6, 148), (145, 5, 143), (146, 6, 118), (147, 7, 112), (148, 2, 124), (149, 5, 151), (150, 8, 155), (151, 3, 122), (152, 2, 131), (153, 2, 158), (154, 7, 163), (155, 4, 165), (156, 7, 131), (157, 2, 137), (158, 6, 171), (159, 7, 168), (160, 4, 170), (161, 3, 168), (162, 5, 168), (163, 2, 170), (164, 7, 140), (165, 9, 150), (166, 7, 178), (167, 5, 174), (168, 8, 148), (169, 0, 159), (170, 3, 185), (171, 2, 188), (172, 5, 179), (173, 4, 155), (174, 0, 168), (175, 1, 168), (176, 4, 193), (177, 8, 198), (178, 2, 198), (179, 3, 198), (180, 6, 165), (181, 1, 176), (182, 4, 207), (183, 9, 171), (184, 9, 176), (185, 8, 176), (186, 6, 183), (187, 2, 183), (188, 1, 193), (189, 9, 193), (190, 9, 200), (191, 7, 206), (192, 0, 214), (193, 7, 221)];0;268.5878987312317;222;3.924629693932803;10.496868174410478;10.496868174410478;{'N': 30, 'obj': 'avg_rm'}
Sensitivity analysis SAA model (N);STr50;./Data/PrecedenceGraphs/LOVATO_gr_aircraft1.txt;./Data/Tasks/uniform/tasks_uniform_194_0.txt;uniform;194;10;900;[(0, 4, 0), (1, 8, 1), (2, 0, 1), (3, 1, 1), (4, 4, 1), (5, 9, 1), (6, 2, 1), (7, 6, 1), (8, 5, 1), (9, 0, 7), (10, 3, 1), (11, 7, 1), (12, 2, 6), (13, 4, 6), (14, 3, 12), (15, 8, 11), (16, 4, 15), (17, 0, 15), (18, 3, 7), (19, 1, 10), (20, 9, 7), (21, 6, 8), (22, 5, 9), (23, 7, 9), (24, 6, 21), (25, 9, 58), (26, 7, 20), (27, 1, 20), (28, 3, 20), (29, 8, 16), (30, 4, 22), (31, 0, 23), (32, 4, 27), (33, 2, 16), (34, 5, 16), (35, 6, 15), (36, 9, 30), (37, 9, 16), (38, 5, 34), (39, 0, 31), (40, 8, 49), (41, 7, 29), (42, 5, 27), (43, 8, 26), (44, 3, 27), (45, 4, 41), (46, 4, 48), (47, 9, 25), (48, 3, 32), (49, 9, 49), (50, 2, 25), (51, 7, 34), (52, 9, 38), (53, 1, 33), (54, 4, 36), (55, 2, 31), (56, 6, 31), (57, 0, 40), (58, 5, 42), (59, 9, 43), (60, 7, 43), (61, 1, 42), (62, 8, 41), (63, 6, 41), (64, 3, 41), (65, 2, 41), (66, 3, 50), (67, 4, 53), (68, 7, 50), (69, 5, 49), (70, 1, 52), (71, 0, 49), (72, 0, 56), (73, 4, 58), (74, 8, 59), (75, 2, 57), (76, 2, 51), (77, 5, 59), (78, 7, 58), (79, 3, 59), (80, 0, 65), (81, 1, 60), (82, 6, 56), (83, 2, 65), (84, 7, 65), (85, 8, 68), (86, 0, 70), (87, 3, 67), (88, 1, 68), (89, 4, 66), (90, 6, 65), (91, 8, 74), (92, 4, 74), (93, 7, 71), (94, 7, 76), (95, 2, 74), (96, 3, 76), (97, 1, 76), (98, 0, 76), (99, 4, 80), (100, 1, 83), (101, 6, 80), (102, 5, 76), (103, 7, 82), (104, 8, 81), (105, 0, 81), (106, 3, 84), (107, 9, 83), (108, 4, 88), (109, 2, 81), (110, 1, 93), (111, 6, 88), (112, 5, 84), (113, 8, 87), (114, 7, 89), (115, 0, 86), (116, 7, 94), (117, 4, 94), (118, 9, 89), (119, 5, 91), (120, 2, 90), (121, 8, 98), (122, 0, 96), (123, 3, 94), (124, 1, 98), (125, 5, 103), (126, 3, 99), (127, 9, 96), (128, 6, 99), (129, 2, 99), (130, 5, 108), (131, 0, 104), (132, 6, 109), (133, 1, 107), (134, 8, 108), (135, 3, 108), (136, 4, 102), (137, 9, 102), (138, 2, 114), (139, 2, 106), (140, 7, 106), (141, 3, 113), (142, 6, 117), (143, 0, 115), (144, 5, 115), (145, 7, 116), (146, 4, 108), (147, 9, 112), (148, 1, 116), (149, 2, 127), (150, 1, 127), (151, 9, 122), (152, 5, 125), (153, 9, 140), (154, 0, 135), (155, 1, 135), (156, 9, 131), (157, 3, 131), (158, 3, 149), (159, 0, 140), (160, 2, 140), (161, 5, 140), (162, 3, 140), (163, 8, 149), (164, 8, 140), (165, 1, 140), (166, 2, 148), (167, 6, 146), (168, 4, 148), (169, 2, 155), (170, 0, 155), (171, 4, 176), (172, 3, 154), (173, 4, 155), (174, 3, 164), (175, 4, 186), (176, 9, 163), (177, 5, 186), (178, 8, 186), (179, 9, 186), (180, 4, 165), (181, 5, 194), (182, 1, 200), (183, 4, 171), (184, 1, 176), (185, 0, 176), (186, 2, 183), (187, 0, 183), (188, 2, 193), (189, 1, 193), (190, 9, 200), (191, 8, 206), (192, 4, 214), (193, 5, 221)];0;632.3617305755615;222;5.099988215150658;13.911327932876793;9.056710153652087;{'N': 50, 'obj': 'avg_rm'}
Sensitivity analysis SAA model (N);STr100;./Data/PrecedenceGraphs/LOVATO_gr_aircraft1.txt;./Data/Tasks/uniform/tasks_uniform_194_0.txt;uniform;194;10;900;[(0, 4, 0), (1, 5, 1), (2, 6, 1), (3, 0, 1), (4, 9, 1), (5, 4, 1), (6, 1, 1), (7, 2, 1), (8, 1, 6), (9, 4, 7), (10, 5, 11), (11, 7, 1), (12, 8, 1), (13, 3, 1), (14, 1, 13), (15, 0, 11), (16, 9, 12), (17, 8, 11), (18, 9, 7), (19, 2, 52), (20, 2, 8), (21, 6, 8), (22, 7, 9), (23, 3, 10), (24, 5, 26), (25, 8, 56), (26, 9, 21), (27, 8, 21), (28, 4, 23), (29, 7, 16), (30, 1, 21), (31, 3, 20), (32, 0, 22), (33, 2, 17), (34, 6, 17), (35, 0, 16), (36, 4, 15), (37, 5, 17), (38, 5, 36), (39, 1, 32), (40, 8, 41), (41, 2, 28), (42, 6, 28), (43, 7, 26), (44, 3, 28), (45, 9, 30), (46, 1, 41), (47, 8, 28), (48, 0, 31), (49, 2, 62), (50, 1, 26), (51, 8, 33), (52, 6, 35), (53, 7, 33), (54, 2, 33), (55, 3, 33), (56, 4, 32), (57, 2, 38), (58, 7, 42), (59, 0, 40), (60, 6, 40), (61, 5, 42), (62, 4, 39), (63, 3, 43), (64, 2, 43), (65, 9, 39), (66, 7, 48), (67, 8, 51), (68, 0, 46), (69, 1, 46), (70, 5, 52), (71, 9, 49), (72, 0, 54), (73, 3, 53), (74, 6, 54), (75, 6, 49), (76, 4, 49), (77, 9, 56), (78, 4, 55), (79, 7, 56), (80, 4, 62), (81, 5, 60), (82, 1, 56), (83, 6, 63), (84, 3, 61), (85, 9, 61), (86, 7, 64), (87, 1, 65), (88, 5, 68), (89, 0, 65), (90, 8, 65), (91, 9, 70), (92, 3, 70), (93, 4, 67), (94, 7, 72), (95, 1, 72), (96, 6, 76), (97, 3, 76), (98, 0, 73), (99, 9, 76), (100, 8, 76), (101, 5, 76), (102, 4, 72), (103, 0, 79), (104, 7, 79), (105, 4, 80), (106, 7, 85), (107, 3, 83), (108, 5, 84), (109, 2, 78), (110, 1, 87), (111, 4, 85), (112, 1, 80), (113, 9, 85), (114, 2, 87), (115, 6, 85), (116, 7, 95), (117, 2, 95), (118, 3, 89), (119, 0, 87), (120, 8, 87), (121, 0, 94), (122, 6, 94), (123, 4, 93), (124, 5, 94), (125, 7, 104), (126, 1, 102), (127, 1, 96), (128, 8, 96), (129, 4, 98), (130, 0, 103), (131, 9, 102), (132, 6, 102), (133, 5, 103), (134, 7, 109), (135, 5, 111), (136, 2, 102), (137, 3, 102), (138, 9, 109), (139, 8, 106), (140, 4, 105), (141, 6, 110), (142, 1, 111), (143, 0, 111), (144, 2, 117), (145, 5, 116), (146, 2, 108), (147, 3, 112), (148, 0, 117), (149, 4, 121), (150, 3, 122), (151, 7, 122), (152, 6, 124), (153, 3, 130), (154, 1, 130), (155, 0, 130), (156, 7, 131), (157, 2, 130), (158, 8, 139), (159, 5, 135), (160, 1, 135), (161, 6, 135), (162, 4, 135), (163, 2, 139), (164, 0, 140), (165, 7, 140), (166, 8, 144), (167, 4, 141), (168, 0, 148), (169, 3, 149), (170, 7, 151), (171, 2, 151), (172, 6, 146), (173, 9, 155), (174, 0, 158), (175, 8, 158), (176, 5, 159), (177, 7, 161), (178, 6, 161), (179, 3, 161), (180, 9, 165), (181, 3, 167), (182, 5, 170), (183, 4, 171), (184, 1, 176), (185, 7, 176), (186, 1, 183), (187, 3, 183), (188, 1, 193), (189, 6, 193), (190, 7, 200), (191, 1, 206), (192, 2, 214), (193, 6, 221)];0;923.9116265773773;222;7.010541559507292;15.79802458741895;15.67677024060288;{'N': 100, 'obj': 'avg_rm'}
Sensitivity analysis SAA model (N);STr150;./Data/PrecedenceGraphs/LOVATO_gr_aircraft1.txt;./Data/Tasks/uniform/tasks_uniform_194_0.txt;uniform;194;10;900;[(0, 5, 0), (1, 1, 1), (2, 7, 1), (3, 9, 16), (4, 0, 1), (5, 3, 1), (6, 9, 1), (7, 1, 11), (8, 7, 19), (9, 8, 78), (10, 9, 34), (11, 5, 1), (12, 8, 68), (13, 6, 1), (14, 7, 11), (15, 6, 11), (16, 5, 26), (17, 7, 31), (18, 0, 7), (19, 3, 31), (20, 8, 7), (21, 2, 25), (22, 9, 9), (23, 8, 180), (24, 9, 47), (25, 0, 19), (26, 9, 25), (27, 8, 19), (28, 6, 19), (29, 5, 16), (30, 8, 33), (31, 5, 42), (32, 8, 136), (33, 3, 16), (34, 4, 16), (35, 4, 42), (36, 8, 145), (37, 2, 16), (38, 1, 18), (39, 3, 96), (40, 1, 48), (41, 7, 26), (42, 1, 30), (43, 6, 26), (44, 2, 38), (45, 5, 50), (46, 2, 145), (47, 1, 25), (48, 0, 48), (49, 7, 49), (50, 3, 25), (51, 6, 33), (52, 5, 37), (53, 4, 33), (54, 6, 43), (55, 0, 30), (56, 8, 38), (57, 6, 48), (58, 9, 41), (59, 1, 42), (60, 7, 42), (61, 3, 42), (62, 3, 62), (63, 3, 52), (64, 8, 45), (65, 3, 80), (66, 2, 60), (67, 3, 105), (68, 4, 48), (69, 3, 70), (70, 2, 52), (71, 7, 98), (72, 5, 76), (73, 5, 102), (74, 5, 93), (75, 5, 206), (76, 0, 90), (77, 6, 68), (78, 0, 57), (79, 5, 85), (80, 4, 110), (81, 8, 60), (82, 2, 118), (83, 1, 85), (84, 3, 90), (85, 5, 147), (86, 2, 133), (87, 4, 93), (88, 5, 68), (89, 1, 131), (90, 7, 201), (91, 7, 92), (92, 8, 92), (93, 0, 96), (94, 5, 221), (95, 1, 100), (96, 2, 76), (97, 7, 76), (98, 0, 140), (99, 1, 191), (100, 8, 112), (101, 2, 102), (102, 5, 121), (103, 7, 209), (104, 0, 112), (105, 0, 107), (106, 1, 107), (107, 7, 83), (108, 7, 105), (109, 1, 145), (110, 3, 122), (111, 2, 110), (112, 0, 145), (113, 8, 153), (114, 3, 112), (115, 5, 112), (116, 8, 122), (117, 9, 117), (118, 9, 89), (119, 5, 199), (120, 6, 154), (121, 3, 138), (122, 7, 122), (123, 3, 117), (124, 7, 130), (125, 8, 131), (126, 0, 122), (127, 2, 96), (128, 1, 181), (129, 3, 163), (130, 3, 155), (131, 5, 130), (132, 3, 130), (133, 5, 139), (134, 7, 194), (135, 0, 152), (136, 2, 127), (137, 8, 102), (138, 3, 185), (139, 0, 170), (140, 1, 171), (141, 8, 190), (142, 7, 148), (143, 4, 147), (144, 6, 209), (145, 0, 157), (146, 5, 165), (147, 7, 112), (148, 9, 188), (149, 1, 158), (150, 4, 158), (151, 1, 122), (152, 9, 203), (153, 8, 171), (154, 8, 166), (155, 4, 166), (156, 0, 131), (157, 3, 226), (158, 9, 183), (159, 3, 179), (160, 7, 171), (161, 6, 176), (162, 7, 188), (163, 3, 200), (164, 7, 140), (165, 7, 158), (166, 4, 179), (167, 6, 198), (168, 3, 148), (169, 3, 170), (170, 2, 188), (171, 6, 188), (172, 3, 209), (173, 5, 155), (174, 1, 199), (175, 9, 195), (176, 2, 196), (177, 6, 203), (178, 3, 217), (179, 0, 206), (180, 1, 165), (181, 5, 211), (182, 1, 226), (183, 6, 171), (184, 5, 176), (185, 9, 176), (186, 5, 183), (187, 7, 183), (188, 5, 193), (189, 3, 193), (190, 0, 200), (191, 1, 206), (192, 2, 217), (193, 2, 232)];0.0472103;966.6669256687164;233;6.595584024737235;17.779830236213993;17.779830236213993;{'N': 150, 'obj': 'avg_rm'}
Sensitivity analysis Model With Bounded Number of Buffer Times (|b_j|);BBr1;./Data/PrecedenceGraphs/LOVATO_gr_aircraft1.txt;./Data/Tasks/uniform/tasks_uniform_194_0.txt;uniform;194;10;900;[(0, 5, 0), (1, 6, 1), (2, 5, 16), (3, 3, 1), (4, 1, 1), (5, 2, 1), (6, 4, 1), (7, 7, 1), (8, 5, 1), (9, 1, 6), (10, 3, 10), (11, 0, 1), (12, 8, 1), (13, 9, 1), (14, 8, 11), (15, 5, 11), (16, 6, 11), (17, 0, 11), (18, 7, 25), (19, 2, 34), (20, 4, 7), (21, 9, 10), (22, 2, 9), (23, 3, 16), (24, 7, 52), (25, 1, 64), (26, 8, 20), (27, 0, 20), (28, 3, 26), (29, 1, 16), (30, 9, 18), (31, 8, 29), (32, 5, 22), (33, 6, 18), (34, 4, 17), (35, 6, 124), (36, 7, 17), (37, 2, 16), (38, 9, 28), (39, 4, 37), (40, 8, 51), (41, 0, 27), (42, 2, 27), (43, 1, 26), (44, 9, 23), (45, 9, 37), (46, 7, 42), (47, 4, 27), (48, 7, 130), (49, 0, 77), (50, 1, 41), (51, 1, 33), (52, 3, 34), (53, 6, 33), (54, 4, 32), (55, 7, 32), (56, 6, 57), (57, 5, 47), (58, 5, 41), (59, 3, 39), (60, 6, 73), (61, 0, 42), (62, 6, 42), (63, 2, 44), (64, 8, 42), (65, 6, 80), (66, 6, 65), (67, 7, 47), (68, 4, 46), (69, 0, 52), (70, 3, 52), (71, 6, 50), (72, 1, 55), (73, 2, 55), (74, 5, 55), (75, 8, 115), (76, 6, 95), (77, 6, 90), (78, 9, 54), (79, 0, 62), (80, 4, 68), (81, 4, 60), (82, 3, 60), (83, 7, 64), (84, 4, 95), (85, 2, 123), (86, 3, 85), (87, 0, 70), (88, 9, 68), (89, 8, 69), (90, 3, 69), (91, 5, 71), (92, 7, 71), (93, 4, 101), (94, 0, 94), (95, 7, 80), (96, 9, 76), (97, 1, 76), (98, 8, 77), (99, 5, 92), (100, 5, 77), (101, 3, 77), (102, 4, 106), (103, 0, 87), (104, 2, 87), (105, 7, 87), (106, 9, 84), (107, 1, 83), (108, 2, 93), (109, 8, 82), (110, 5, 87), (111, 8, 91), (112, 4, 159), (113, 2, 99), (114, 7, 92), (115, 9, 94), (116, 3, 94), (117, 9, 103), (118, 1, 89), (119, 3, 103), (120, 6, 101), (121, 5, 100), (122, 8, 99), (123, 7, 97), (124, 2, 105), (125, 7, 103), (126, 4, 114), (127, 1, 96), (128, 0, 110), (129, 6, 110), (130, 0, 120), (131, 6, 117), (132, 8, 107), (133, 2, 114), (134, 7, 108), (135, 4, 140), (136, 0, 102), (137, 1, 102), (138, 3, 117), (139, 4, 123), (140, 5, 117), (141, 3, 124), (142, 8, 124), (143, 7, 139), (144, 6, 130), (145, 9, 157), (146, 9, 108), (147, 1, 112), (148, 4, 132), (149, 3, 135), (150, 0, 135), (151, 1, 122), (152, 4, 145), (153, 8, 143), (154, 9, 144), (155, 3, 144), (156, 1, 131), (157, 0, 152), (158, 8, 153), (159, 9, 150), (160, 5, 150), (161, 6, 150), (162, 4, 152), (163, 2, 153), (164, 2, 140), (165, 7, 146), (166, 4, 166), (167, 6, 159), (168, 1, 148), (169, 7, 156), (170, 3, 174), (171, 6, 174), (172, 8, 165), (173, 1, 155), (174, 5, 166), (175, 7, 166), (176, 5, 183), (177, 0, 185), (178, 8, 185), (179, 6, 185), (180, 1, 165), (181, 7, 175), (182, 3, 195), (183, 2, 171), (184, 1, 176), (185, 4, 176), (186, 9, 183), (187, 1, 184), (188, 1, 193), (189, 4, 193), (190, 1, 200), (191, 2, 206), (192, 3, 214), (193, 5, 221)];0;282.00536823272705;222;3.016855940192047;10.214709735174715;10.214709735174715;{'N': 30, 'max_b': 1, 'sum_of_buf': 50, 'obj': 'avg_rm'}
Sensitivity analysis Model With Bounded Number of Buffer Times (|b_j|);BBr2;./Data/PrecedenceGraphs/LOVATO_gr_aircraft1.txt;./Data/Tasks/uniform/tasks_uniform_194_0.txt;uniform;194;10;900;[(0, 0, 0), (1, 0, 1), (2, 9, 1), (3, 4, 1), (4, 3, 1), (5, 1, 1), (6, 8, 1), (7, 7, 1), (8, 3, 7), (9, 8, 6), (10, 6, 10), (11, 2, 1), (12, 5, 1), (13, 6, 1), (14, 5, 11), (15, 0, 11), (16, 8, 14), (17, 9, 14), (18, 9, 9), (19, 3, 15), (20, 1, 7), (21, 7, 8), (22, 2, 9), (23, 4, 10), (24, 2, 34), (25, 3, 61), (26, 4, 20), (27, 5, 20), (28, 2, 26), (29, 0, 16), (30, 8, 21), (31, 9, 22), (32, 7, 23), (33, 2, 17), (34, 1, 17), (35, 7, 16), (36, 7, 32), (37, 6, 18), (38, 9, 30), (39, 9, 38), (40, 8, 61), (41, 1, 28), (42, 5, 27), (43, 0, 26), (44, 8, 26), (45, 9, 47), (46, 4, 38), (47, 3, 26), (48, 4, 29), (49, 4, 62), (50, 6, 27), (51, 1, 34), (52, 5, 34), (53, 0, 33), (54, 8, 31), (55, 3, 31), (56, 6, 33), (57, 7, 47), (58, 1, 44), (59, 5, 39), (60, 7, 40), (61, 0, 42), (62, 8, 36), (63, 3, 41), (64, 4, 43), (65, 6, 40), (66, 1, 50), (67, 6, 56), (68, 8, 45), (69, 2, 45), (70, 0, 52), (71, 5, 45), (72, 3, 51), (73, 4, 52), (74, 5, 52), (75, 8, 54), (76, 6, 50), (77, 1, 58), (78, 9, 54), (79, 2, 57), (80, 7, 61), (81, 0, 60), (82, 7, 52), (83, 5, 61), (84, 1, 63), (85, 2, 66), (86, 3, 70), (87, 7, 66), (88, 0, 68), (89, 9, 61), (90, 6, 61), (91, 6, 69), (92, 5, 68), (93, 1, 69), (94, 7, 74), (95, 8, 74), (96, 5, 76), (97, 0, 76), (98, 9, 69), (99, 1, 77), (100, 9, 77), (101, 6, 77), (102, 2, 75), (103, 3, 81), (104, 7, 81), (105, 8, 81), (106, 2, 83), (107, 0, 83), (108, 5, 84), (109, 4, 74), (110, 3, 88), (111, 6, 85), (112, 1, 87), (113, 8, 88), (114, 5, 91), (115, 9, 88), (116, 6, 93), (117, 3, 93), (118, 0, 89), (119, 7, 89), (120, 4, 83), (121, 1, 94), (122, 2, 93), (123, 5, 98), (124, 9, 97), (125, 1, 103), (126, 3, 98), (127, 0, 96), (128, 8, 94), (129, 4, 92), (130, 7, 104), (131, 2, 101), (132, 6, 102), (133, 9, 106), (134, 1, 108), (135, 3, 107), (136, 5, 103), (137, 0, 102), (138, 7, 99), (139, 8, 104), (140, 4, 99), (141, 2, 108), (142, 6, 110), (143, 3, 114), (144, 1, 115), (145, 8, 112), (146, 4, 109), (147, 0, 112), (148, 5, 109), (149, 9, 120), (150, 4, 120), (151, 7, 122), (152, 5, 116), (153, 3, 127), (154, 6, 128), (155, 1, 128), (156, 7, 131), (157, 5, 122), (158, 3, 136), (159, 0, 133), (160, 4, 133), (161, 5, 133), (162, 8, 133), (163, 9, 136), (164, 2, 140), (165, 8, 140), (166, 3, 141), (167, 6, 139), (168, 7, 148), (169, 3, 149), (170, 9, 148), (171, 4, 148), (172, 5, 144), (173, 1, 155), (174, 7, 158), (175, 3, 158), (176, 6, 156), (177, 4, 158), (178, 0, 158), (179, 9, 158), (180, 8, 165), (181, 6, 166), (182, 1, 167), (183, 5, 171), (184, 7, 176), (185, 8, 176), (186, 3, 183), (187, 8, 183), (188, 7, 193), (189, 5, 193), (190, 7, 200), (191, 6, 206), (192, 0, 214), (193, 6, 221)];0;198.78278064727783;222;3.7497803721932974;10.6555565502584;9.685481206981601;{'N': 30, 'max_b': 2, 'sum_of_buf': 50, 'obj': 'avg_rm'}
Sensitivity analysis Model With Bounded Number of Buffer Times (|b_j|);BBr3;./Data/PrecedenceGraphs/LOVATO_gr_aircraft1.txt;./Data/Tasks/uniform/tasks_uniform_194_0.txt;uniform;194;10;900;[(0, 5, 0), (1, 9, 1), (2, 1, 1), (3, 5, 9), (4, 3, 1), (5, 4, 1), (6, 0, 1), (7, 8, 1), (8, 2, 1), (9, 5, 1), (10, 6, 1), (11, 7, 1), (12, 3, 6), (13, 0, 6), (14, 2, 16), (15, 8, 11), (16, 9, 11), (17, 1, 12), (18, 1, 7), (19, 0, 38), (20, 6, 7), (21, 4, 8), (22, 2, 9), (23, 7, 9), (24, 1, 34), (25, 2, 31), (26, 9, 37), (27, 0, 24), (28, 2, 24), (29, 8, 16), (30, 9, 18), (31, 1, 20), (32, 6, 22), (33, 5, 18), (34, 3, 16), (35, 4, 15), (36, 0, 15), (37, 7, 19), (38, 6, 16), (39, 6, 46), (40, 9, 46), (41, 4, 31), (42, 0, 31), (43, 8, 26), (44, 9, 23), (45, 7, 28), (46, 6, 31), (47, 3, 27), (48, 4, 21), (49, 9, 28), (50, 1, 28), (51, 6, 36), (52, 4, 38), (53, 8, 33), (54, 5, 28), (55, 5, 39), (56, 3, 34), (57, 5, 34), (58, 1, 44), (59, 4, 43), (60, 7, 43), (61, 8, 42), (62, 7, 35), (63, 7, 56), (64, 5, 49), (65, 3, 41), (66, 1, 50), (67, 4, 49), (68, 0, 49), (69, 2, 50), (70, 8, 52), (71, 2, 43), (72, 6, 66), (73, 9, 66), (74, 5, 68), (75, 7, 51), (76, 3, 51), (77, 9, 58), (78, 6, 57), (79, 5, 60), (80, 1, 60), (81, 8, 60), (82, 4, 54), (83, 4, 76), (84, 0, 63), (85, 3, 63), (86, 7, 68), (87, 1, 68), (88, 8, 68), (89, 4, 63), (90, 2, 63), (91, 4, 83), (92, 5, 83), (93, 3, 69), (94, 2, 75), (95, 7, 75), (96, 9, 76), (97, 8, 76), (98, 4, 71), (99, 3, 89), (100, 2, 89), (101, 4, 89), (102, 3, 74), (103, 2, 82), (104, 6, 82), (105, 1, 82), (106, 7, 89), (107, 8, 83), (108, 3, 83), (109, 0, 76), (110, 1, 99), (111, 4, 97), (112, 7, 82), (113, 1, 87), (114, 9, 87), (115, 6, 88), (116, 2, 99), (117, 7, 99), (118, 8, 89), (119, 0, 85), (120, 5, 89), (121, 1, 105), (122, 6, 105), (123, 9, 92), (124, 3, 97), (125, 2, 108), (126, 7, 104), (127, 8, 96), (128, 0, 98), (129, 5, 98), (130, 1, 114), (131, 6, 113), (132, 5, 113), (133, 3, 106), (134, 2, 113), (135, 7, 113), (136, 9, 102), (137, 8, 102), (138, 5, 105), (139, 4, 105), (140, 0, 108), (141, 3, 120), (142, 9, 121), (143, 3, 114), (144, 6, 120), (145, 7, 118), (146, 9, 108), (147, 8, 112), (148, 4, 118), (149, 5, 131), (150, 9, 131), (151, 8, 122), (152, 4, 125), (153, 6, 138), (154, 4, 139), (155, 5, 139), (156, 1, 131), (157, 0, 131), (158, 9, 147), (159, 6, 147), (160, 3, 144), (161, 4, 144), (162, 5, 144), (163, 0, 147), (164, 8, 140), (165, 1, 140), (166, 4, 152), (167, 2, 150), (168, 7, 148), (169, 1, 149), (170, 4, 162), (171, 0, 162), (172, 9, 157), (173, 7, 155), (174, 8, 161), (175, 6, 161), (176, 1, 173), (177, 7, 175), (178, 9, 175), (179, 5, 175), (180, 1, 165), (181, 8, 172), (182, 4, 187), (183, 3, 171), (184, 3, 176), (185, 6, 176), (186, 3, 183), (187, 8, 185), (188, 2, 193), (189, 8, 193), (190, 6, 200), (191, 3, 206), (192, 0, 214), (193, 5, 221)];0;279.23294019699097;222;5.050950486885605;14.329128927825355;9.291893979586849;{'N': 30, 'max_b': 3, 'sum_of_buf': 50, 'obj': 'avg_rm'}
Sensitivity analysis Model With Bounded Number of Buffer Times (|b_j|);BBr4;./Data/PrecedenceGraphs/LOVATO_gr_aircraft1.txt;./Data/Tasks/uniform/tasks_uniform_194_0.txt;uniform;194;10;900;[(0, 5, 0), (1, 0, 1), (2, 2, 1), (3, 3, 1), (4, 4, 1), (5, 8, 1), (6, 5, 1), (7, 0, 11), (8, 5, 6), (9, 4, 6), (10, 7, 14), (11, 9, 1), (12, 6, 1), (13, 7, 1), (14, 1, 16), (15, 1, 11), (16, 3, 13), (17, 4, 14), (18, 2, 10), (19, 2, 15), (20, 8, 8), (21, 0, 33), (22, 9, 9), (23, 4, 40), (24, 9, 43), (25, 9, 53), (26, 0, 68), (27, 1, 26), (28, 2, 26), (29, 6, 16), (30, 3, 21), (31, 4, 23), (32, 4, 31), (33, 8, 17), (34, 7, 20), (35, 0, 41), (36, 5, 91), (37, 9, 18), (38, 8, 43), (39, 7, 94), (40, 9, 147), (41, 5, 42), (42, 1, 33), (43, 0, 26), (44, 6, 26), (45, 8, 31), (46, 7, 40), (47, 8, 26), (48, 8, 50), (49, 1, 45), (50, 9, 30), (51, 5, 49), (52, 1, 40), (53, 5, 33), (54, 6, 35), (55, 2, 35), (56, 9, 36), (57, 8, 38), (58, 4, 59), (59, 4, 50), (60, 1, 54), (61, 3, 42), (62, 6, 40), (63, 2, 45), (64, 5, 59), (65, 7, 45), (66, 4, 65), (67, 3, 77), (68, 1, 69), (69, 6, 56), (70, 0, 52), (71, 3, 52), (72, 2, 55), (73, 1, 61), (74, 5, 68), (75, 3, 59), (76, 9, 62), (77, 6, 74), (78, 7, 109), (79, 6, 66), (80, 1, 93), (81, 0, 60), (82, 8, 59), (83, 3, 64), (84, 3, 82), (85, 6, 98), (86, 4, 74), (87, 6, 79), (88, 7, 68), (89, 9, 68), (90, 5, 77), (91, 8, 71), (92, 3, 71), (93, 6, 93), (94, 2, 139), (95, 6, 86), (96, 9, 114), (97, 7, 76), (98, 9, 76), (99, 8, 77), (100, 7, 83), (101, 1, 77), (102, 5, 102), (103, 9, 122), (104, 3, 93), (105, 4, 93), (106, 8, 85), (107, 0, 83), (108, 5, 85), (109, 9, 81), (110, 3, 99), (111, 1, 85), (112, 5, 110), (113, 4, 112), (114, 9, 109), (115, 1, 98), (116, 4, 98), (117, 8, 95), (118, 2, 89), (119, 0, 122), (120, 9, 90), (121, 8, 109), (122, 2, 96), (123, 9, 142), (124, 1, 107), (125, 4, 107), (126, 8, 100), (127, 0, 96), (128, 9, 99), (129, 2, 112), (130, 8, 118), (131, 6, 104), (132, 2, 104), (133, 4, 118), (134, 6, 112), (135, 3, 109), (136, 7, 103), (137, 0, 102), (138, 2, 119), (139, 8, 125), (140, 5, 119), (141, 3, 114), (142, 1, 116), (143, 5, 129), (144, 6, 119), (145, 2, 124), (146, 7, 183), (147, 0, 112), (148, 9, 129), (149, 2, 132), (150, 1, 126), (151, 7, 122), (152, 9, 136), (153, 8, 139), (154, 5, 139), (155, 3, 134), (156, 7, 131), (157, 2, 145), (158, 6, 148), (159, 1, 144), (160, 4, 144), (161, 3, 144), (162, 5, 144), (163, 9, 157), (164, 7, 140), (165, 0, 140), (166, 1, 152), (167, 3, 150), (168, 7, 148), (169, 0, 149), (170, 8, 159), (171, 4, 159), (172, 3, 155), (173, 7, 155), (174, 2, 158), (175, 1, 159), (176, 0, 167), (177, 5, 169), (178, 3, 169), (179, 4, 169), (180, 6, 165), (181, 1, 167), (182, 3, 178), (183, 7, 171), (184, 7, 176), (185, 6, 176), (186, 0, 183), (187, 5, 183), (188, 9, 193), (189, 5, 193), (190, 6, 200), (191, 6, 206), (192, 2, 214), (193, 1, 221)];0;309.6213014125824;222;3.707074107474443;9.390845228060867;9.390845228060867;{'N': 30, 'max_b': 4, 'sum_of_buf': 50, 'obj': 'avg_rm'}
Sensitivity analysis Model With Bounded Number of Buffer Times (|b_j|);BBr5;./Data/PrecedenceGraphs/LOVATO_gr_aircraft1.txt;./Data/Tasks/uniform/tasks_uniform_194_0.txt;uniform;194;10;900;[(0, 9, 0), (1, 7, 1), (2, 9, 1), (3, 0, 1), (4, 2, 1), (5, 5, 1), (6, 1, 1), (7, 6, 1), (8, 1, 10), (9, 2, 6), (10, 0, 10), (11, 3, 1), (12, 8, 1), (13, 4, 1), (14, 8, 11), (15, 7, 11), (16, 6, 12), (17, 7, 16), (18, 9, 7), (19, 4, 10), (20, 3, 9), (21, 1, 17), (22, 5, 9), (23, 0, 69), (24, 3, 40), (25, 6, 57), (26, 6, 24), (27, 7, 24), (28, 4, 25), (29, 9, 16), (30, 8, 24), (31, 1, 24), (32, 2, 30), (33, 3, 21), (34, 0, 21), (35, 2, 24), (36, 4, 32), (37, 5, 16), (38, 2, 18), (39, 5, 39), (40, 7, 61), (41, 7, 31), (42, 0, 31), (43, 9, 26), (44, 8, 30), (45, 9, 42), (46, 7, 51), (47, 3, 30), (48, 8, 35), (49, 6, 66), (50, 5, 25), (51, 7, 36), (52, 0, 38), (53, 9, 33), (54, 3, 35), (55, 1, 35), (56, 5, 31), (57, 6, 34), (58, 8, 44), (59, 0, 43), (60, 7, 44), (61, 4, 42), (62, 2, 40), (63, 1, 45), (64, 5, 48), (65, 6, 39), (66, 8, 50), (67, 7, 56), (68, 6, 49), (69, 9, 49), (70, 4, 52), (71, 2, 48), (72, 1, 55), (73, 0, 55), (74, 3, 55), (75, 3, 50), (76, 0, 49), (77, 8, 58), (78, 5, 57), (79, 9, 59), (80, 1, 64), (81, 4, 60), (82, 2, 55), (83, 5, 64), (84, 0, 63), (85, 8, 63), (86, 1, 69), (87, 9, 67), (88, 4, 68), (89, 2, 64), (90, 3, 64), (91, 7, 71), (92, 5, 71), (93, 8, 69), (94, 9, 74), (95, 3, 74), (96, 1, 76), (97, 4, 76), (98, 2, 72), (99, 5, 77), (100, 7, 77), (101, 2, 77), (102, 8, 74), (103, 3, 81), (104, 9, 81), (105, 0, 81), (106, 1, 84), (107, 4, 83), (108, 2, 85), (109, 6, 77), (110, 9, 87), (111, 5, 85), (112, 8, 82), (113, 3, 88), (114, 8, 89), (115, 6, 86), (116, 7, 94), (117, 1, 94), (118, 4, 89), (119, 7, 87), (120, 0, 86), (121, 2, 93), (122, 5, 93), (123, 8, 94), (124, 9, 95), (125, 7, 103), (126, 8, 99), (127, 4, 96), (128, 6, 95), (129, 3, 95), (130, 1, 107), (131, 0, 101), (132, 5, 101), (133, 9, 104), (134, 3, 108), (135, 7, 108), (136, 3, 102), (137, 4, 102), (138, 1, 102), (139, 6, 105), (140, 2, 102), (141, 8, 108), (142, 5, 109), (143, 2, 112), (144, 1, 115), (145, 7, 113), (146, 0, 108), (147, 4, 112), (148, 9, 112), (149, 8, 119), (150, 6, 119), (151, 4, 122), (152, 5, 119), (153, 2, 126), (154, 9, 127), (155, 0, 127), (156, 7, 131), (157, 5, 125), (158, 2, 135), (159, 9, 132), (160, 8, 132), (161, 1, 132), (162, 3, 132), (163, 6, 135), (164, 7, 140), (165, 1, 140), (166, 3, 140), (167, 4, 138), (168, 0, 148), (169, 9, 149), (170, 5, 147), (171, 8, 147), (172, 2, 143), (173, 0, 155), (174, 2, 158), (175, 9, 158), (176, 5, 155), (177, 7, 157), (178, 4, 157), (179, 3, 157), (180, 0, 165), (181, 9, 166), (182, 3, 166), (183, 6, 171), (184, 0, 176), (185, 1, 176), (186, 7, 183), (187, 2, 183), (188, 7, 193), (189, 8, 193), (190, 2, 200), (191, 3, 206), (192, 4, 214), (193, 5, 221)];0;228.90910363197327;222;4.895698566968767;13.261787445490153;9.534180684472014;{'N': 30, 'max_b': 5, 'sum_of_buf': 50, 'obj': 'avg_rm'}
deterministic baseline model;DET;./Data/PrecedenceGraphs/LOVATO_gr_aircraft1.txt;./Data/Tasks/normal/tasks_normal_194_0.txt;normal;194;10;900;[(0, 9, 0), (1, 5, 1), (2, 0, 1), (3, 2, 1), (4, 7, 1), (5, 6, 1), (6, 3, 1), (7, 8, 1), (8, 3, 9), (9, 1, 7), (10, 5, 17), (11, 9, 1), (12, 1, 1), (13, 4, 1), (14, 2, 6), (15, 5, 6), (16, 0, 7), (17, 8, 11), (18, 7, 7), (19, 7, 85), (20, 6, 8), (21, 4, 11), (22, 9, 10), (23, 7, 94), (24, 7, 25), (25, 6, 95), (26, 7, 17), (27, 0, 15), (28, 1, 15), (29, 5, 12), (30, 2, 15), (31, 9, 24), (32, 8, 24), (33, 9, 18), (34, 6, 18), (35, 8, 19), (36, 9, 46), (37, 3, 19), (38, 6, 28), (39, 6, 47), (40, 0, 59), (41, 1, 20), (42, 0, 20), (43, 4, 17), (44, 2, 21), (45, 0, 53), (46, 6, 53), (47, 3, 24), (48, 9, 31), (49, 7, 61), (50, 5, 24), (51, 1, 26), (52, 4, 27), (53, 4, 22), (54, 2, 28), (55, 3, 30), (56, 5, 29), (57, 7, 34), (58, 1, 33), (59, 0, 32), (60, 4, 32), (61, 0, 27), (62, 2, 36), (63, 3, 35), (64, 5, 35), (65, 0, 37), (66, 1, 39), (67, 4, 41), (68, 9, 37), (69, 6, 37), (70, 8, 32), (71, 0, 43), (72, 3, 42), (73, 5, 44), (74, 6, 42), (75, 9, 56), (76, 2, 43), (77, 1, 46), (78, 4, 49), (79, 8, 42), (80, 4, 58), (81, 7, 42), (82, 5, 53), (83, 1, 52), (84, 3, 52), (85, 7, 56), (86, 7, 49), (87, 8, 48), (88, 2, 49), (89, 2, 63), (90, 0, 66), (91, 3, 58), (92, 1, 57), (93, 6, 58), (94, 0, 88), (95, 8, 54), (96, 8, 95), (97, 2, 57), (98, 0, 73), (99, 9, 79), (100, 6, 67), (101, 1, 67), (102, 7, 70), (103, 4, 79), (104, 3, 65), (105, 8, 64), (106, 5, 63), (107, 4, 63), (108, 9, 66), (109, 3, 83), (110, 6, 74), (111, 1, 73), (112, 0, 83), (113, 3, 75), (114, 4, 73), (115, 8, 72), (116, 9, 73), (117, 5, 71), (118, 2, 73), (119, 9, 93), (120, 1, 90), (121, 7, 80), (122, 1, 80), (123, 3, 101), (124, 8, 81), (125, 6, 79), (126, 5, 81), (127, 2, 78), (128, 7, 99), (129, 1, 97), (130, 9, 85), (131, 5, 90), (132, 8, 90), (133, 3, 90), (134, 6, 86), (135, 0, 93), (136, 4, 88), (137, 2, 87), (138, 6, 105), (139, 2, 105), (140, 9, 105), (141, 8, 101), (142, 5, 100), (143, 3, 95), (144, 4, 101), (145, 0, 102), (146, 4, 95), (147, 2, 92), (148, 8, 111), (149, 7, 108), (150, 0, 108), (151, 2, 100), (152, 8, 117), (153, 6, 117), (154, 4, 118), (155, 7, 118), (156, 1, 105), (157, 8, 126), (158, 2, 125), (159, 9, 127), (160, 4, 127), (161, 6, 127), (162, 0, 127), (163, 1, 128), (164, 2, 112), (165, 5, 112), (166, 3, 134), (167, 0, 135), (168, 1, 119), (169, 0, 118), (170, 3, 143), (171, 0, 143), (172, 1, 141), (173, 7, 128), (174, 5, 125), (175, 3, 125), (176, 6, 151), (177, 4, 148), (178, 8, 148), (179, 0, 148), (180, 9, 133), (181, 4, 134), (182, 5, 154), (183, 9, 139), (184, 1, 147), (185, 2, 147), (186, 3, 157), (187, 9, 157), (188, 8, 162), (189, 8, 167), (190, 5, 175), (191, 7, 182), (192, 8, 187), (193, 3, 192)];0;0.9228060245513916;193;5.001243466121696;13.044491129073286;13.044491129073286;{}
Sensitivity analysis buffer time model (param q);BT10;./Data/PrecedenceGraphs/LOVATO_gr_aircraft1.txt;./Data/Tasks/normal/tasks_normal_194_0.txt;normal;194;10;900;[(0, 9, 0), (1, 5, 1), (2, 0, 1), (3, 2, 1), (4, 7, 1), (5, 6, 1), (6, 3, 1), (7, 8, 1), (8, 8, 12), (9, 1, 8), (10, 1, 17), (11, 9, 1), (12, 1, 1), (13, 4, 1), (14, 7, 7), (15, 5, 7), (16, 2, 7), (17, 3, 10), (18, 0, 9), (19, 0, 110), (20, 6, 9), (21, 4, 12), (22, 9, 10), (23, 5, 70), (24, 3, 28), (25, 9, 70), (26, 3, 19), (27, 7, 18), (28, 0, 19), (29, 5, 14), (30, 2, 16), (31, 4, 19), (32, 1, 25), (33, 6, 21), (34, 2, 23), (35, 4, 28), (36, 5, 33), (37, 9, 20), (38, 4, 40), (39, 1, 33), (40, 8, 99), (41, 0, 24), (42, 7, 24), (43, 5, 20), (44, 8, 23), (45, 4, 33), (46, 9, 64), (47, 6, 28), (48, 9, 40), (49, 3, 70), (50, 9, 27), (51, 8, 32), (52, 7, 33), (53, 5, 26), (54, 0, 32), (55, 6, 35), (56, 9, 34), (57, 9, 55), (58, 8, 39), (59, 2, 39), (60, 3, 39), (61, 2, 33), (62, 0, 41), (63, 6, 41), (64, 5, 45), (65, 1, 40), (66, 8, 45), (67, 5, 55), (68, 9, 46), (69, 2, 44), (70, 7, 39), (71, 6, 50), (72, 0, 50), (73, 4, 51), (74, 1, 53), (75, 3, 49), (76, 1, 47), (77, 8, 54), (78, 3, 60), (79, 2, 50), (80, 5, 64), (81, 7, 49), (82, 6, 61), (83, 8, 62), (84, 4, 62), (85, 0, 62), (86, 1, 59), (87, 7, 57), (88, 2, 57), (89, 2, 73), (90, 8, 91), (91, 4, 69), (92, 0, 69), (93, 8, 69), (94, 1, 66), (95, 7, 64), (96, 1, 71), (97, 2, 66), (98, 2, 84), (99, 9, 81), (100, 3, 80), (101, 0, 80), (102, 8, 79), (103, 1, 98), (104, 1, 78), (105, 7, 74), (106, 5, 76), (107, 6, 73), (108, 4, 78), (109, 0, 95), (110, 3, 88), (111, 9, 87), (112, 4, 94), (113, 1, 89), (114, 0, 87), (115, 7, 83), (116, 4, 87), (117, 6, 85), (118, 5, 85), (119, 1, 108), (120, 7, 103), (121, 2, 95), (122, 9, 95), (123, 2, 109), (124, 7, 93), (125, 3, 94), (126, 6, 96), (127, 5, 91), (128, 9, 112), (129, 7, 111), (130, 2, 101), (131, 8, 108), (132, 9, 107), (133, 0, 103), (134, 3, 101), (135, 5, 106), (136, 4, 101), (137, 5, 100), (138, 0, 120), (139, 1, 120), (140, 7, 120), (141, 8, 120), (142, 3, 120), (143, 3, 110), (144, 5, 116), (145, 4, 116), (146, 4, 109), (147, 6, 106), (148, 1, 127), (149, 2, 129), (150, 0, 129), (151, 6, 115), (152, 5, 134), (153, 6, 138), (154, 7, 139), (155, 9, 139), (156, 9, 121), (157, 4, 144), (158, 1, 147), (159, 8, 149), (160, 6, 149), (161, 7, 149), (162, 5, 149), (163, 2, 150), (164, 8, 129), (165, 6, 129), (166, 1, 157), (167, 9, 157), (168, 1, 136), (169, 4, 135), (170, 3, 166), (171, 1, 166), (172, 5, 163), (173, 0, 146), (174, 2, 143), (175, 3, 143), (176, 6, 175), (177, 4, 173), (178, 8, 173), (179, 1, 173), (180, 0, 152), (181, 3, 153), (182, 2, 180), (183, 8, 160), (184, 0, 169), (185, 2, 169), (186, 3, 180), (187, 5, 180), (188, 8, 187), (189, 9, 191), (190, 5, 200), (191, 7, 208), (192, 8, 214), (193, 3, 220)];0;0.976104736328125;221;0.03572952806897597;0.1520364339015579;0.006010320781780344;{'threshold': 0.1}
Sensitivity analysis buffer time model (param q);BT20;./Data/PrecedenceGraphs/LOVATO_gr_aircraft1.txt;./Data/Tasks/normal/tasks_normal_194_0.txt;normal;194;10;900;[(0, 9, 0), (1, 7, 1), (2, 2, 1), (3, 6, 1), (4, 5, 1), (5, 3, 1), (6, 8, 1), (7, 0, 1), (8, 4, 12), (9, 1, 8), (10, 1, 16), (11, 9, 1), (12, 1, 1), (13, 4, 1), (14, 6, 7), (15, 5, 7), (16, 7, 7), (17, 9, 10), (18, 3, 9), (19, 7, 69), (20, 2, 9), (21, 0, 12), (22, 8, 10), (23, 4, 94), (24, 0, 46), (25, 1, 64), (26, 0, 19), (27, 6, 18), (28, 9, 19), (29, 5, 14), (30, 7, 16), (31, 3, 19), (32, 3, 28), (33, 2, 20), (34, 5, 20), (35, 1, 23), (36, 0, 28), (37, 7, 23), (38, 1, 28), (39, 1, 47), (40, 1, 109), (41, 9, 24), (42, 6, 24), (43, 8, 20), (44, 4, 23), (45, 0, 39), (46, 5, 36), (47, 2, 27), (48, 5, 30), (49, 5, 92), (50, 7, 29), (51, 4, 31), (52, 8, 32), (53, 8, 26), (54, 9, 31), (55, 2, 34), (56, 7, 35), (57, 3, 36), (58, 8, 38), (59, 6, 38), (60, 1, 38), (61, 6, 32), (62, 9, 40), (63, 2, 40), (64, 7, 41), (65, 5, 42), (66, 8, 44), (67, 3, 54), (68, 3, 45), (69, 6, 43), (70, 4, 38), (71, 4, 48), (72, 5, 49), (73, 1, 54), (74, 7, 51), (75, 6, 56), (76, 2, 49), (77, 8, 52), (78, 2, 55), (79, 6, 49), (80, 0, 65), (81, 9, 48), (82, 8, 59), (83, 5, 60), (84, 4, 59), (85, 9, 63), (86, 7, 57), (87, 9, 56), (88, 0, 56), (89, 8, 70), (90, 0, 71), (91, 6, 67), (92, 5, 67), (93, 4, 66), (94, 7, 64), (95, 3, 63), (96, 9, 69), (97, 2, 65), (98, 8, 81), (99, 7, 79), (100, 0, 78), (101, 5, 78), (102, 6, 76), (103, 5, 102), (104, 4, 76), (105, 3, 73), (106, 1, 74), (107, 2, 72), (108, 9, 76), (109, 9, 91), (110, 0, 86), (111, 7, 85), (112, 6, 87), (113, 4, 86), (114, 5, 85), (115, 3, 82), (116, 9, 84), (117, 2, 83), (118, 1, 83), (119, 4, 100), (120, 2, 99), (121, 2, 93), (122, 6, 93), (123, 0, 92), (124, 3, 92), (125, 8, 91), (126, 7, 93), (127, 1, 89), (128, 0, 107), (129, 2, 107), (130, 0, 99), (131, 8, 106), (132, 1, 104), (133, 3, 101), (134, 9, 99), (135, 7, 103), (136, 8, 98), (137, 1, 98), (138, 5, 116), (139, 2, 116), (140, 9, 116), (141, 4, 117), (142, 0, 117), (143, 3, 107), (144, 4, 110), (145, 7, 113), (146, 9, 108), (147, 6, 104), (148, 3, 123), (149, 1, 126), (150, 4, 126), (151, 6, 113), (152, 0, 130), (153, 6, 135), (154, 4, 136), (155, 9, 136), (156, 6, 118), (157, 3, 140), (158, 2, 144), (159, 7, 146), (160, 6, 146), (161, 4, 146), (162, 0, 146), (163, 5, 147), (164, 2, 126), (165, 9, 126), (166, 7, 153), (167, 0, 154), (168, 2, 133), (169, 8, 132), (170, 5, 162), (171, 7, 162), (172, 0, 160), (173, 8, 143), (174, 5, 139), (175, 1, 139), (176, 1, 171), (177, 9, 168), (178, 0, 168), (179, 2, 168), (180, 1, 149), (181, 9, 149), (182, 4, 175), (183, 1, 156), (184, 4, 164), (185, 3, 164), (186, 8, 174), (187, 3, 175), (188, 7, 181), (189, 1, 186), (190, 7, 195), (191, 6, 202), (192, 4, 208), (193, 4, 214)];0;0.9352166652679443;215;0.20934840707768865;0.6805499888539328;0.03303718682538078;{'threshold': 0.2}
Sensitivity analysis buffer time model (param q);BT30;./Data/PrecedenceGraphs/LOVATO_gr_aircraft1.txt;./Data/Tasks/normal/tasks_normal_194_0.txt;normal;194;10;900;[(0, 9, 0), (1, 5, 1), (2, 0, 1), (3, 2, 1), (4, 7, 1), (5, 6, 1), (6, 3, 1), (7, 8, 1), (8, 4, 12), (9, 6, 8), (10, 6, 16), (11, 9, 1), (12, 1, 1), (13, 4, 1), (14, 7, 7), (15, 5, 6), (16, 2, 7), (17, 3, 10), (18, 0, 8), (19, 7, 104), (20, 1, 8), (21, 5, 12), (22, 9, 10), (23, 6, 101), (24, 3, 28), (25, 6, 107), (26, 3, 19), (27, 7, 17), (28, 0, 18), (29, 8, 12), (30, 2, 16), (31, 2, 23), (32, 8, 28), (33, 9, 19), (34, 1, 19), (35, 8, 23), (36, 4, 29), (37, 5, 19), (38, 5, 38), (39, 4, 53), (40, 2, 64), (41, 4, 22), (42, 7, 22), (43, 8, 18), (44, 0, 23), (45, 5, 31), (46, 2, 40), (47, 9, 25), (48, 8, 56), (49, 3, 92), (50, 5, 25), (51, 1, 29), (52, 7, 30), (53, 6, 23), (54, 2, 31), (55, 9, 32), (56, 0, 31), (57, 0, 49), (58, 7, 36), (59, 1, 36), (60, 8, 36), (61, 6, 29), (62, 4, 40), (63, 3, 38), (64, 9, 38), (65, 0, 37), (66, 7, 42), (67, 1, 60), (68, 2, 45), (69, 1, 41), (70, 6, 34), (71, 5, 48), (72, 3, 46), (73, 9, 48), (74, 4, 48), (75, 8, 45), (76, 0, 43), (77, 7, 50), (78, 2, 54), (79, 1, 47), (80, 5, 94), (81, 6, 44), (82, 5, 59), (83, 7, 57), (84, 3, 57), (85, 0, 57), (86, 9, 58), (87, 1, 54), (88, 6, 51), (89, 4, 70), (90, 0, 71), (91, 0, 63), (92, 7, 63), (93, 3, 64), (94, 8, 62), (95, 4, 60), (96, 1, 68), (97, 6, 59), (98, 7, 81), (99, 1, 82), (100, 7, 74), (101, 6, 74), (102, 3, 73), (103, 4, 102), (104, 2, 72), (105, 5, 70), (106, 6, 65), (107, 9, 65), (108, 8, 67), (109, 0, 91), (110, 4, 81), (111, 6, 81), (112, 0, 85), (113, 3, 84), (114, 0, 78), (115, 5, 78), (116, 1, 75), (117, 8, 75), (118, 9, 76), (119, 9, 98), (120, 0, 98), (121, 6, 88), (122, 1, 88), (123, 5, 87), (124, 4, 87), (125, 9, 82), (126, 8, 85), (127, 2, 82), (128, 1, 106), (129, 2, 106), (130, 6, 93), (131, 5, 99), (132, 7, 99), (133, 4, 96), (134, 9, 89), (135, 8, 95), (136, 7, 91), (137, 2, 91), (138, 4, 115), (139, 1, 115), (140, 7, 115), (141, 5, 110), (142, 3, 110), (143, 3, 102), (144, 8, 105), (145, 9, 108), (146, 1, 99), (147, 2, 97), (148, 1, 122), (149, 8, 118), (150, 9, 118), (151, 0, 106), (152, 5, 128), (153, 6, 127), (154, 4, 128), (155, 7, 128), (156, 0, 111), (157, 5, 138), (158, 9, 136), (159, 1, 138), (160, 3, 138), (161, 6, 138), (162, 4, 138), (163, 2, 139), (164, 2, 119), (165, 6, 119), (166, 1, 145), (167, 9, 146), (168, 3, 126), (169, 0, 125), (170, 3, 154), (171, 1, 154), (172, 5, 152), (173, 8, 135), (174, 2, 132), (175, 0, 132), (176, 6, 163), (177, 4, 160), (178, 8, 160), (179, 1, 160), (180, 8, 141), (181, 0, 142), (182, 2, 167), (183, 8, 148), (184, 0, 156), (185, 2, 156), (186, 3, 166), (187, 5, 167), (188, 8, 172), (189, 8, 178), (190, 5, 186), (191, 7, 193), (192, 8, 198), (193, 3, 204)];0;1.038710355758667;205;0.7372321662424817;1.975137866287934;0.6069054023570064;{'threshold': 0.3}
Sensitivity analysis buffer time model (param q);BT40;./Data/PrecedenceGraphs/LOVATO_gr_aircraft1.txt;./Data/Tasks/normal/tasks_normal_194_0.txt;normal;194;10;900;[(0, 9, 0), (1, 5, 1), (2, 0, 1), (3, 2, 1), (4, 7, 1), (5, 6, 1), (6, 3, 1), (7, 8, 1), (8, 3, 9), (9, 7, 7), (10, 1, 15), (11, 9, 1), (12, 1, 1), (13, 4, 1), (14, 2, 6), (15, 5, 6), (16, 1, 7), (17, 8, 11), (18, 0, 8), (19, 7, 101), (20, 6, 8), (21, 4, 11), (22, 9, 10), (23, 9, 86), (24, 4, 28), (25, 9, 60), (26, 8, 19), (27, 2, 16), (28, 5, 17), (29, 5, 12), (30, 7, 15), (31, 1, 22), (32, 9, 24), (33, 6, 18), (34, 0, 18), (35, 9, 19), (36, 5, 27), (37, 3, 19), (38, 3, 44), (39, 0, 53), (40, 8, 95), (41, 4, 22), (42, 7, 21), (43, 4, 17), (44, 2, 21), (45, 5, 37), (46, 9, 55), (47, 6, 24), (48, 9, 32), (49, 3, 60), (50, 3, 24), (51, 0, 28), (52, 7, 28), (53, 5, 22), (54, 2, 28), (55, 6, 30), (56, 3, 29), (57, 1, 29), (58, 4, 37), (59, 7, 33), (60, 0, 35), (61, 8, 27), (62, 2, 36), (63, 6, 35), (64, 3, 35), (65, 1, 37), (66, 4, 43), (67, 7, 47), (68, 7, 38), (69, 9, 38), (70, 8, 32), (71, 5, 43), (72, 6, 42), (73, 0, 44), (74, 2, 43), (75, 8, 49), (76, 1, 43), (77, 4, 50), (78, 2, 48), (79, 9, 43), (80, 4, 86), (81, 8, 42), (82, 5, 53), (83, 6, 52), (84, 4, 56), (85, 0, 59), (86, 3, 53), (87, 9, 49), (88, 1, 49), (89, 5, 63), (90, 8, 64), (91, 2, 57), (92, 1, 57), (93, 4, 62), (94, 8, 59), (95, 7, 55), (96, 6, 94), (97, 6, 57), (98, 1, 73), (99, 2, 71), (100, 9, 69), (101, 1, 67), (102, 4, 71), (103, 8, 71), (104, 3, 70), (105, 7, 65), (106, 0, 64), (107, 6, 63), (108, 2, 64), (109, 1, 83), (110, 9, 76), (111, 6, 73), (112, 9, 81), (113, 8, 80), (114, 6, 80), (115, 7, 73), (116, 2, 77), (117, 0, 72), (118, 5, 73), (119, 7, 91), (120, 2, 90), (121, 4, 81), (122, 3, 80), (123, 6, 100), (124, 7, 82), (125, 2, 83), (126, 0, 82), (127, 5, 78), (128, 5, 100), (129, 2, 97), (130, 6, 86), (131, 1, 90), (132, 3, 90), (133, 4, 91), (134, 0, 91), (135, 9, 91), (136, 8, 88), (137, 5, 87), (138, 4, 105), (139, 6, 106), (140, 2, 105), (141, 3, 101), (142, 9, 100), (143, 4, 96), (144, 1, 100), (145, 8, 102), (146, 3, 95), (147, 5, 92), (148, 1, 111), (149, 8, 108), (150, 9, 108), (151, 0, 100), (152, 5, 117), (153, 0, 117), (154, 4, 118), (155, 6, 118), (156, 0, 105), (157, 5, 126), (158, 2, 125), (159, 1, 128), (160, 4, 128), (161, 6, 128), (162, 9, 128), (163, 8, 128), (164, 2, 112), (165, 6, 112), (166, 1, 135), (167, 9, 136), (168, 1, 119), (169, 9, 118), (170, 3, 144), (171, 1, 144), (172, 5, 142), (173, 0, 128), (174, 7, 125), (175, 3, 125), (176, 6, 152), (177, 4, 149), (178, 8, 149), (179, 1, 149), (180, 0, 133), (181, 6, 134), (182, 5, 155), (183, 8, 139), (184, 0, 147), (185, 2, 147), (186, 3, 157), (187, 9, 157), (188, 8, 162), (189, 8, 167), (190, 5, 175), (191, 7, 182), (192, 8, 187), (193, 3, 192)];0;0.9797067642211914;193;3.9453873155678334;10.417649488638922;10.417649488638922;{'threshold': 0.4}
Sensitivity analysis buffer time model (param q);BT50;./Data/PrecedenceGraphs/LOVATO_gr_aircraft1.txt;./Data/Tasks/normal/tasks_normal_194_0.txt;normal;194;10;900;[(0, 9, 0), (1, 5, 1), (2, 0, 1), (3, 2, 1), (4, 7, 1), (5, 6, 1), (6, 3, 1), (7, 8, 1), (8, 3, 9), (9, 1, 7), (10, 5, 17), (11, 9, 1), (12, 1, 1), (13, 4, 1), (14, 2, 6), (15, 5, 6), (16, 0, 7), (17, 8, 11), (18, 7, 7), (19, 7, 85), (20, 6, 8), (21, 4, 11), (22, 9, 10), (23, 7, 94), (24, 7, 25), (25, 6, 95), (26, 7, 17), (27, 0, 15), (28, 1, 15), (29, 5, 12), (30, 2, 15), (31, 9, 24), (32, 8, 24), (33, 9, 18), (34, 6, 18), (35, 8, 19), (36, 9, 46), (37, 3, 19), (38, 6, 28), (39, 6, 47), (40, 0, 59), (41, 1, 20), (42, 0, 20), (43, 4, 17), (44, 2, 21), (45, 0, 53), (46, 6, 53), (47, 3, 24), (48, 9, 31), (49, 7, 61), (50, 5, 24), (51, 1, 26), (52, 4, 27), (53, 4, 22), (54, 2, 28), (55, 3, 30), (56, 5, 29), (57, 7, 34), (58, 1, 33), (59, 0, 32), (60, 4, 32), (61, 0, 27), (62, 2, 36), (63, 3, 35), (64, 5, 35), (65, 0, 37), (66, 1, 39), (67, 4, 41), (68, 9, 37), (69, 6, 37), (70, 8, 32), (71, 0, 43), (72, 3, 42), (73, 5, 44), (74, 6, 42), (75, 9, 56), (76, 2, 43), (77, 1, 46), (78, 4, 49), (79, 8, 42), (80, 4, 58), (81, 7, 42), (82, 5, 53), (83, 1, 52), (84, 3, 52), (85, 7, 56), (86, 7, 49), (87, 8, 48), (88, 2, 49), (89, 2, 63), (90, 0, 66), (91, 3, 58), (92, 1, 57), (93, 6, 58), (94, 0, 88), (95, 8, 54), (96, 8, 95), (97, 2, 57), (98, 0, 73), (99, 9, 79), (100, 6, 67), (101, 1, 67), (102, 7, 70), (103, 4, 79), (104, 3, 65), (105, 8, 64), (106, 5, 63), (107, 4, 63), (108, 9, 66), (109, 3, 83), (110, 6, 74), (111, 1, 73), (112, 0, 83), (113, 3, 75), (114, 4, 73), (115, 8, 72), (116, 9, 73), (117, 5, 71), (118, 2, 73), (119, 9, 93), (120, 1, 90), (121, 7, 80), (122, 1, 80), (123, 3, 101), (124, 8, 81), (125, 6, 79), (126, 5, 81), (127, 2, 78), (128, 7, 99), (129, 1, 97), (130, 9, 85), (131, 5, 90), (132, 8, 90), (133, 3, 90), (134, 6, 86), (135, 0, 93), (136, 4, 88), (137, 2, 87), (138, 6, 105), (139, 2, 105), (140, 9, 105), (141, 8, 101), (142, 5, 100), (143, 3, 95), (144, 4, 101), (145, 0, 102), (146, 4, 95), (147, 2, 92), (148, 8, 111), (149, 7, 108), (150, 0, 108), (151, 2, 100), (152, 8, 117), (153, 6, 117), (154, 4, 118), (155, 7, 118), (156, 1, 105), (157, 8, 126), (158, 2, 125), (159, 9, 127), (160, 4, 127), (161, 6, 127), (162, 0, 127), (163, 1, 128), (164, 2, 112), (165, 5, 112), (166, 3, 134), (167, 0, 135), (168, 1, 119), (169, 0, 118), (170, 3, 143), (171, 0, 143), (172, 1, 141), (173, 7, 128), (174, 5, 125), (175, 3, 125), (176, 6, 151), (177, 4, 148), (178, 8, 148), (179, 0, 148), (180, 9, 133), (181, 4, 134), (182, 5, 154), (183, 9, 139), (184, 1, 147), (185, 2, 147), (186, 3, 157), (187, 9, 157), (188, 8, 162), (189, 8, 167), (190, 5, 175), (191, 7, 182), (192, 8, 187), (193, 3, 192)];0;0.9815897941589355;193;5.001243466121696;13.044491129073286;13.044491129073286;{'threshold': 0.5}
Sensitivity analysis transitions time model (param q);TR40;./Data/PrecedenceGraphs/LOVATO_gr_aircraft1.txt;./Data/Tasks/normal/tasks_normal_194_0.txt;normal;194;10;900;[(0, 3, 0), (1, 2, 1), (2, 3, 1), (3, 1, 1), (4, 9, 1), (5, 7, 1), (6, 4, 1), (7, 0, 1), (8, 7, 8), (9, 3, 8), (10, 4, 9), (11, 5, 1), (12, 6, 1), (13, 8, 1), (14, 1, 7), (15, 2, 6), (16, 9, 7), (17, 5, 10), (18, 6, 7), (19, 0, 23), (20, 0, 12), (21, 2, 13), (22, 8, 18), (23, 2, 32), (24, 1, 58), (25, 5, 108), (26, 1, 17), (27, 3, 16), (28, 4, 16), (29, 8, 12), (30, 9, 16), (31, 5, 19), (32, 7, 18), (33, 6, 22), (34, 9, 22), (35, 2, 19), (36, 6, 58), (37, 6, 29), (38, 8, 33), (39, 7, 33), (40, 8, 110), (41, 3, 28), (42, 4, 21), (43, 6, 17), (44, 2, 24), (45, 4, 29), (46, 8, 27), (47, 5, 34), (48, 1, 25), (49, 9, 112), (50, 3, 35), (51, 6, 34), (52, 5, 28), (53, 3, 22), (54, 1, 31), (55, 7, 40), (56, 3, 40), (57, 8, 43), (58, 6, 41), (59, 0, 33), (60, 4, 35), (61, 7, 27), (62, 1, 40), (63, 4, 45), (64, 7, 46), (65, 3, 46), (66, 2, 47), (67, 5, 41), (68, 2, 38), (69, 0, 38), (70, 9, 32), (71, 6, 47), (72, 8, 52), (73, 2, 56), (74, 4, 53), (75, 6, 101), (76, 3, 52), (77, 5, 55), (78, 4, 59), (79, 0, 44), (80, 5, 49), (81, 9, 42), (82, 3, 58), (83, 0, 64), (84, 9, 61), (85, 4, 95), (86, 0, 50), (87, 9, 50), (88, 1, 49), (89, 9, 68), (90, 6, 69), (91, 4, 69), (92, 3, 69), (93, 1, 68), (94, 9, 56), (95, 7, 56), (96, 8, 63), (97, 0, 57), (98, 1, 78), (99, 7, 82), (100, 0, 79), (101, 9, 79), (102, 2, 77), (103, 4, 108), (104, 2, 66), (105, 7, 66), (106, 8, 70), (107, 5, 63), (108, 7, 88), (109, 1, 88), (110, 9, 86), (111, 6, 85), (112, 2, 88), (113, 7, 74), (114, 6, 77), (115, 5, 74), (116, 8, 79), (117, 3, 79), (118, 0, 73), (119, 1, 95), (120, 2, 95), (121, 5, 92), (122, 9, 92), (123, 3, 106), (124, 5, 83), (125, 8, 85), (126, 3, 89), (127, 4, 78), (128, 9, 102), (129, 0, 105), (130, 7, 97), (131, 1, 106), (132, 2, 102), (133, 0, 93), (134, 6, 92), (135, 5, 98), (136, 4, 87), (137, 0, 87), (138, 0, 113), (139, 2, 115), (140, 3, 115), (141, 5, 118), (142, 1, 117), (143, 8, 101), (144, 4, 101), (145, 2, 107), (146, 3, 99), (147, 8, 92), (148, 6, 121), (149, 9, 125), (150, 8, 125), (151, 0, 100), (152, 2, 127), (153, 6, 134), (154, 8, 135), (155, 0, 135), (156, 7, 105), (157, 5, 136), (158, 2, 142), (159, 6, 144), (160, 3, 144), (161, 9, 144), (162, 1, 144), (163, 0, 145), (164, 6, 112), (165, 7, 112), (166, 3, 151), (167, 0, 152), (168, 7, 119), (169, 8, 118), (170, 5, 160), (171, 4, 160), (172, 9, 158), (173, 4, 128), (174, 3, 125), (175, 0, 125), (176, 7, 168), (177, 0, 165), (178, 6, 165), (179, 8, 165), (180, 3, 133), (181, 4, 134), (182, 1, 171), (183, 7, 139), (184, 7, 147), (185, 8, 147), (186, 6, 157), (187, 2, 157), (188, 3, 162), (189, 4, 167), (190, 2, 175), (191, 8, 182), (192, 3, 187), (193, 5, 192)];0;0.967235803604126;193;3.0287761417262993;8.920739687157667;8.920739687157667;{'threshold': 0.4}
Sensitivity analysis transitions time model (param q);TR45;./Data/PrecedenceGraphs/LOVATO_gr_aircraft1.txt;./Data/Tasks/normal/tasks_normal_194_0.txt;normal;194;10;900;[(0, 0, 0), (1, 6, 1), (2, 0, 1), (3, 9, 1), (4, 1, 1), (5, 3, 1), (6, 5, 1), (7, 2, 1), (8, 5, 9), (9, 3, 8), (10, 4, 17), (11, 7, 1), (12, 4, 1), (13, 8, 1), (14, 1, 7), (15, 9, 6), (16, 6, 6), (17, 8, 11), (18, 4, 7), (19, 1, 36), (20, 0, 8), (21, 9, 12), (22, 7, 10), (23, 3, 49), (24, 0, 31), (25, 1, 93), (26, 8, 19), (27, 3, 16), (28, 1, 16), (29, 2, 12), (30, 6, 14), (31, 0, 23), (32, 5, 24), (33, 9, 18), (34, 7, 18), (35, 0, 18), (36, 5, 49), (37, 5, 19), (38, 4, 55), (39, 4, 31), (40, 2, 93), (41, 2, 22), (42, 3, 21), (43, 2, 17), (44, 6, 20), (45, 1, 45), (46, 5, 32), (47, 4, 24), (48, 6, 27), (49, 8, 105), (50, 9, 24), (51, 3, 28), (52, 7, 28), (53, 1, 22), (54, 1, 28), (55, 9, 30), (56, 2, 29), (57, 4, 37), (58, 9, 35), (59, 7, 33), (60, 6, 33), (61, 8, 27), (62, 7, 38), (63, 2, 35), (64, 3, 35), (65, 5, 37), (66, 2, 43), (67, 9, 46), (68, 0, 40), (69, 9, 41), (70, 8, 32), (71, 7, 46), (72, 8, 42), (73, 4, 45), (74, 3, 44), (75, 9, 54), (76, 5, 43), (77, 2, 51), (78, 8, 53), (79, 6, 49), (80, 8, 62), (81, 6, 42), (82, 1, 58), (83, 1, 52), (84, 5, 60), (85, 6, 62), (86, 6, 55), (87, 3, 55), (88, 0, 49), (89, 6, 68), (90, 1, 68), (91, 2, 58), (92, 0, 57), (93, 2, 66), (94, 4, 64), (95, 3, 61), (96, 4, 77), (97, 7, 57), (98, 6, 78), (99, 0, 67), (100, 8, 67), (101, 5, 67), (102, 1, 75), (103, 7, 98), (104, 5, 73), (105, 3, 71), (106, 9, 65), (107, 7, 63), (108, 4, 69), (109, 6, 88), (110, 2, 75), (111, 9, 73), (112, 8, 85), (113, 4, 83), (114, 7, 83), (115, 3, 79), (116, 8, 74), (117, 7, 73), (118, 0, 73), (119, 8, 95), (120, 6, 95), (121, 8, 80), (122, 9, 80), (123, 2, 107), (124, 3, 88), (125, 2, 80), (126, 5, 83), (127, 0, 78), (128, 3, 102), (129, 4, 102), (130, 1, 85), (131, 4, 91), (132, 8, 90), (133, 3, 97), (134, 7, 89), (135, 5, 93), (136, 0, 87), (137, 2, 87), (138, 4, 110), (139, 1, 111), (140, 7, 110), (141, 6, 102), (142, 0, 101), (143, 1, 103), (144, 2, 100), (145, 5, 103), (146, 0, 95), (147, 9, 92), (148, 2, 116), (149, 0, 109), (150, 5, 109), (151, 9, 100), (152, 5, 122), (153, 9, 118), (154, 1, 119), (155, 4, 119), (156, 9, 105), (157, 5, 132), (158, 8, 126), (159, 7, 128), (160, 9, 128), (161, 4, 129), (162, 6, 128), (163, 1, 129), (164, 3, 112), (165, 6, 112), (166, 9, 135), (167, 4, 136), (168, 6, 119), (169, 7, 118), (170, 7, 144), (171, 6, 144), (172, 2, 142), (173, 2, 128), (174, 3, 125), (175, 0, 125), (176, 7, 152), (177, 0, 149), (178, 4, 149), (179, 8, 149), (180, 3, 133), (181, 0, 134), (182, 6, 155), (183, 1, 139), (184, 2, 147), (185, 9, 147), (186, 2, 157), (187, 1, 157), (188, 9, 162), (189, 1, 167), (190, 3, 175), (191, 9, 182), (192, 0, 187), (193, 5, 192)];0;1.36124587059021;193;4.249888702449991;11.578171438489994;11.578171438489994;{'threshold': 0.45}
Sensitivity analysis transitions time model (param q);TR50;./Data/PrecedenceGraphs/LOVATO_gr_aircraft1.txt;./Data/Tasks/normal/tasks_normal_194_0.txt;normal;194;10;900;[(0, 0, 0), (1, 0, 1), (2, 1, 1), (3, 2, 1), (4, 7, 1), (5, 4, 1), (6, 6, 1), (7, 3, 1), (8, 3, 11), (9, 8, 7), (10, 9, 17), (11, 5, 1), (12, 8, 1), (13, 9, 1), (14, 0, 6), (15, 2, 6), (16, 7, 7), (17, 6, 9), (18, 1, 7), (19, 8, 28), (20, 4, 8), (21, 9, 11), (22, 5, 10), (23, 3, 55), (24, 4, 32), (25, 5, 93), (26, 1, 17), (27, 7, 15), (28, 0, 15), (29, 2, 12), (30, 8, 15), (31, 6, 22), (32, 4, 24), (33, 4, 18), (34, 5, 18), (35, 6, 17), (36, 6, 50), (37, 3, 21), (38, 1, 25), (39, 3, 33), (40, 3, 60), (41, 7, 20), (42, 0, 20), (43, 2, 17), (44, 8, 21), (45, 5, 48), (46, 1, 34), (47, 9, 24), (48, 2, 27), (49, 5, 84), (50, 7, 26), (51, 3, 26), (52, 9, 30), (53, 2, 22), (54, 5, 28), (55, 6, 30), (56, 7, 31), (57, 2, 39), (58, 2, 33), (59, 9, 35), (60, 7, 37), (61, 0, 27), (62, 5, 36), (63, 6, 35), (64, 8, 37), (65, 3, 39), (66, 1, 39), (67, 6, 42), (68, 4, 41), (69, 9, 40), (70, 0, 32), (71, 9, 45), (72, 3, 45), (73, 2, 47), (74, 5, 43), (75, 4, 50), (76, 1, 46), (77, 7, 46), (78, 7, 59), (79, 8, 46), (80, 4, 86), (81, 0, 42), (82, 2, 56), (83, 9, 55), (84, 1, 52), (85, 5, 54), (86, 7, 52), (87, 8, 52), (88, 0, 49), (89, 9, 67), (90, 2, 66), (91, 4, 60), (92, 6, 60), (93, 1, 58), (94, 5, 59), (95, 8, 58), (96, 9, 61), (97, 0, 57), (98, 9, 77), (99, 4, 75), (100, 5, 72), (101, 6, 70), (102, 1, 67), (103, 7, 68), (104, 8, 68), (105, 3, 68), (106, 5, 64), (107, 0, 63), (108, 4, 68), (109, 8, 87), (110, 5, 79), (111, 6, 76), (112, 4, 81), (113, 2, 78), (114, 1, 77), (115, 3, 76), (116, 7, 77), (117, 0, 73), (118, 2, 73), (119, 1, 96), (120, 3, 94), (121, 1, 84), (122, 0, 83), (123, 2, 86), (124, 3, 85), (125, 7, 83), (126, 6, 83), (127, 8, 78), (128, 3, 101), (129, 9, 101), (130, 7, 90), (131, 0, 93), (132, 2, 93), (133, 8, 94), (134, 4, 91), (135, 6, 92), (136, 1, 89), (137, 9, 87), (138, 2, 109), (139, 1, 109), (140, 9, 109), (141, 0, 103), (142, 5, 103), (143, 8, 99), (144, 2, 100), (145, 6, 101), (146, 7, 98), (147, 9, 92), (148, 1, 115), (149, 7, 111), (150, 8, 111), (151, 4, 100), (152, 1, 121), (153, 7, 120), (154, 3, 121), (155, 0, 121), (156, 4, 105), (157, 1, 130), (158, 7, 128), (159, 6, 130), (160, 3, 130), (161, 4, 130), (162, 2, 130), (163, 0, 131), (164, 0, 112), (165, 5, 112), (166, 5, 137), (167, 4, 138), (168, 9, 119), (169, 2, 118), (170, 0, 146), (171, 9, 146), (172, 4, 144), (173, 9, 128), (174, 8, 125), (175, 5, 125), (176, 5, 154), (177, 8, 151), (178, 2, 151), (179, 1, 151), (180, 8, 133), (181, 9, 134), (182, 3, 157), (183, 1, 139), (184, 3, 147), (185, 7, 147), (186, 7, 157), (187, 2, 157), (188, 0, 162), (189, 9, 167), (190, 8, 175), (191, 9, 182), (192, 2, 187), (193, 3, 192)];0;0.5784275531768799;193;3.9005736726143825;10.610636390419552;10.610636390419552;{'threshold': 0.5}
Sensitivity analysis transitions time model (param q);TR55;./Data/PrecedenceGraphs/LOVATO_gr_aircraft1.txt;./Data/Tasks/normal/tasks_normal_194_0.txt;normal;194;10;900;[(0, 9, 0), (1, 2, 1), (2, 8, 1), (3, 0, 1), (4, 7, 1), (5, 5, 1), (6, 9, 1), (7, 6, 1), (8, 9, 9), (9, 3, 7), (10, 4, 17), (11, 1, 1), (12, 3, 1), (13, 4, 1), (14, 2, 6), (15, 0, 6), (16, 7, 7), (17, 6, 11), (18, 8, 7), (19, 4, 89), (20, 5, 8), (21, 4, 11), (22, 1, 10), (23, 9, 62), (24, 6, 26), (25, 0, 84), (26, 0, 17), (27, 3, 15), (28, 7, 15), (29, 0, 12), (30, 2, 15), (31, 6, 19), (32, 0, 25), (33, 5, 18), (34, 1, 18), (35, 9, 24), (36, 1, 28), (37, 9, 19), (38, 4, 52), (39, 6, 44), (40, 4, 82), (41, 7, 20), (42, 3, 20), (43, 8, 17), (44, 2, 21), (45, 9, 56), (46, 1, 57), (47, 4, 24), (48, 9, 29), (49, 4, 61), (50, 5, 24), (51, 7, 26), (52, 8, 27), (53, 8, 22), (54, 2, 28), (55, 4, 30), (56, 5, 29), (57, 5, 35), (58, 0, 33), (59, 8, 32), (60, 7, 33), (61, 3, 27), (62, 2, 36), (63, 4, 35), (64, 6, 35), (65, 9, 35), (66, 0, 39), (67, 8, 47), (68, 1, 38), (69, 8, 37), (70, 3, 32), (71, 2, 43), (72, 4, 42), (73, 5, 43), (74, 8, 42), (75, 1, 47), (76, 9, 41), (77, 0, 46), (78, 9, 47), (79, 3, 42), (80, 8, 60), (81, 7, 42), (82, 2, 53), (83, 5, 52), (84, 0, 52), (85, 8, 55), (86, 6, 50), (87, 3, 48), (88, 7, 49), (89, 2, 63), (90, 8, 65), (91, 7, 57), (92, 5, 57), (93, 0, 58), (94, 1, 62), (95, 3, 54), (96, 2, 101), (97, 6, 57), (98, 9, 73), (99, 4, 70), (100, 1, 67), (101, 9, 67), (102, 0, 67), (103, 1, 95), (104, 5, 67), (105, 7, 64), (106, 3, 64), (107, 6, 63), (108, 0, 77), (109, 9, 83), (110, 1, 74), (111, 2, 73), (112, 5, 77), (113, 1, 79), (114, 4, 76), (115, 8, 72), (116, 3, 72), (117, 7, 72), (118, 6, 73), (119, 5, 94), (120, 9, 90), (121, 5, 82), (122, 2, 80), (123, 2, 95), (124, 8, 81), (125, 6, 78), (126, 7, 82), (127, 3, 78), (128, 4, 98), (129, 9, 97), (130, 1, 87), (131, 8, 90), (132, 2, 90), (133, 7, 91), (134, 6, 85), (135, 0, 93), (136, 5, 87), (137, 3, 87), (138, 8, 105), (139, 1, 105), (140, 9, 105), (141, 0, 102), (142, 6, 100), (143, 7, 96), (144, 3, 100), (145, 7, 102), (146, 6, 94), (147, 3, 92), (148, 4, 111), (149, 6, 108), (150, 2, 108), (151, 8, 100), (152, 5, 117), (153, 0, 117), (154, 9, 118), (155, 6, 118), (156, 5, 105), (157, 8, 126), (158, 1, 125), (159, 5, 127), (160, 9, 127), (161, 0, 127), (162, 2, 127), (163, 4, 128), (164, 3, 112), (165, 1, 112), (166, 7, 134), (167, 1, 135), (168, 4, 119), (169, 8, 118), (170, 9, 143), (171, 7, 143), (172, 8, 141), (173, 6, 128), (174, 3, 125), (175, 7, 125), (176, 3, 151), (177, 1, 148), (178, 8, 148), (179, 5, 148), (180, 6, 133), (181, 3, 134), (182, 6, 154), (183, 6, 139), (184, 0, 147), (185, 4, 147), (186, 0, 157), (187, 5, 157), (188, 2, 162), (189, 9, 167), (190, 4, 175), (191, 5, 182), (192, 7, 187), (193, 6, 192)];0;1.1220176219940186;193;4.3883786550837405;11.695500741369552;11.695500741369552;{'threshold': 0.55}
Sensitivity analysis transitions time model (param q);TR60;./Data/PrecedenceGraphs/LOVATO_gr_aircraft1.txt;./Data/Tasks/normal/tasks_normal_194_0.txt;normal;194;10;900;[(0, 9, 0), (1, 5, 1), (2, 0, 1), (3, 2, 1), (4, 7, 1), (5, 6, 1), (6, 3, 1), (7, 8, 1), (8, 3, 9), (9, 1, 7), (10, 5, 17), (11, 9, 1), (12, 1, 1), (13, 4, 1), (14, 2, 6), (15, 5, 6), (16, 0, 7), (17, 8, 11), (18, 7, 7), (19, 7, 85), (20, 6, 8), (21, 4, 11), (22, 9, 10), (23, 7, 94), (24, 7, 25), (25, 6, 95), (26, 7, 17), (27, 0, 15), (28, 1, 15), (29, 5, 12), (30, 2, 15), (31, 9, 24), (32, 8, 24), (33, 9, 18), (34, 6, 18), (35, 8, 19), (36, 9, 46), (37, 3, 19), (38, 6, 28), (39, 6, 47), (40, 0, 59), (41, 1, 20), (42, 0, 20), (43, 4, 17), (44, 2, 21), (45, 0, 53), (46, 6, 53), (47, 3, 24), (48, 9, 31), (49, 7, 61), (50, 5, 24), (51, 1, 26), (52, 4, 27), (53, 4, 22), (54, 2, 28), (55, 3, 30), (56, 5, 29), (57, 7, 34), (58, 1, 33), (59, 0, 32), (60, 4, 32), (61, 0, 27), (62, 2, 36), (63, 3, 35), (64, 5, 35), (65, 0, 37), (66, 1, 39), (67, 4, 41), (68, 9, 37), (69, 6, 37), (70, 8, 32), (71, 0, 43), (72, 3, 42), (73, 5, 44), (74, 6, 42), (75, 9, 56), (76, 2, 43), (77, 1, 46), (78, 4, 49), (79, 8, 42), (80, 4, 58), (81, 7, 42), (82, 5, 53), (83, 1, 52), (84, 3, 52), (85, 7, 56), (86, 7, 49), (87, 8, 48), (88, 2, 49), (89, 2, 63), (90, 0, 66), (91, 3, 58), (92, 1, 57), (93, 6, 58), (94, 0, 88), (95, 8, 54), (96, 8, 95), (97, 2, 57), (98, 0, 73), (99, 9, 79), (100, 6, 67), (101, 1, 67), (102, 7, 70), (103, 4, 79), (104, 3, 65), (105, 8, 64), (106, 5, 63), (107, 4, 63), (108, 9, 66), (109, 3, 83), (110, 6, 74), (111, 1, 73), (112, 0, 83), (113, 3, 75), (114, 4, 73), (115, 8, 72), (116, 9, 73), (117, 5, 71), (118, 2, 73), (119, 9, 93), (120, 1, 90), (121, 7, 80), (122, 1, 80), (123, 3, 101), (124, 8, 81), (125, 6, 79), (126, 5, 81), (127, 2, 78), (128, 7, 99), (129, 1, 97), (130, 9, 85), (131, 5, 90), (132, 8, 90), (133, 3, 90), (134, 6, 86), (135, 0, 93), (136, 4, 88), (137, 2, 87), (138, 6, 105), (139, 2, 105), (140, 9, 105), (141, 8, 101), (142, 5, 100), (143, 3, 95), (144, 4, 101), (145, 0, 102), (146, 4, 95), (147, 2, 92), (148, 8, 111), (149, 7, 108), (150, 0, 108), (151, 2, 100), (152, 8, 117), (153, 6, 117), (154, 4, 118), (155, 7, 118), (156, 1, 105), (157, 8, 126), (158, 2, 125), (159, 9, 127), (160, 4, 127), (161, 6, 127), (162, 0, 127), (163, 1, 128), (164, 2, 112), (165, 5, 112), (166, 3, 134), (167, 0, 135), (168, 1, 119), (169, 0, 118), (170, 3, 143), (171, 0, 143), (172, 1, 141), (173, 7, 128), (174, 5, 125), (175, 3, 125), (176, 6, 151), (177, 4, 148), (178, 8, 148), (179, 0, 148), (180, 9, 133), (181, 4, 134), (182, 5, 154), (183, 9, 139), (184, 1, 147), (185, 2, 147), (186, 3, 157), (187, 9, 157), (188, 8, 162), (189, 8, 167), (190, 5, 175), (191, 7, 182), (192, 8, 187), (193, 3, 192)];0;1.1552824974060059;193;5.001243466121696;13.044491129073286;13.044491129073286;{'threshold': 0.6}
Obj. F. analysis SAA model (RM);STr;./Data/PrecedenceGraphs/LOVATO_gr_aircraft1.txt;./Data/Tasks/normal/tasks_normal_194_0.txt;normal;194;10;900;[(0, 7, 0), (1, 5, 1), (2, 4, 1), (3, 3, 1), (4, 1, 1), (5, 9, 1), (6, 7, 1), (7, 0, 1), (8, 2, 11), (9, 6, 7), (10, 5, 17), (11, 8, 1), (12, 6, 1), (13, 2, 1), (14, 3, 6), (15, 5, 6), (16, 4, 7), (17, 7, 9), (18, 1, 7), (19, 0, 58), (20, 9, 8), (21, 0, 11), (22, 8, 10), (23, 6, 62), (24, 4, 28), (25, 9, 85), (26, 0, 22), (27, 3, 15), (28, 6, 15), (29, 5, 12), (30, 4, 15), (31, 1, 17), (32, 1, 24), (33, 9, 18), (34, 8, 18), (35, 0, 17), (36, 1, 55), (37, 2, 21), (38, 9, 30), (39, 8, 49), (40, 9, 94), (41, 6, 20), (42, 3, 20), (43, 7, 17), (44, 4, 21), (45, 0, 30), (46, 1, 41), (47, 5, 24), (48, 9, 24), (49, 9, 101), (50, 2, 26), (51, 6, 26), (52, 3, 27), (53, 7, 22), (54, 8, 28), (55, 5, 30), (56, 2, 31), (57, 9, 39), (58, 6, 33), (59, 3, 32), (60, 1, 32), (61, 7, 27), (62, 8, 36), (63, 5, 35), (64, 0, 36), (65, 4, 37), (66, 6, 39), (67, 0, 50), (68, 2, 37), (69, 3, 37), (70, 7, 32), (71, 4, 43), (72, 5, 42), (73, 1, 46), (74, 0, 45), (75, 9, 47), (76, 8, 43), (77, 2, 46), (78, 6, 46), (79, 3, 42), (80, 5, 95), (81, 7, 42), (82, 4, 53), (83, 2, 52), (84, 5, 52), (85, 8, 55), (86, 6, 55), (87, 3, 48), (88, 7, 49), (89, 4, 63), (90, 9, 67), (91, 2, 57), (92, 9, 57), (93, 5, 58), (94, 8, 60), (95, 3, 54), (96, 1, 83), (97, 7, 57), (98, 4, 73), (99, 0, 79), (100, 0, 67), (101, 5, 67), (102, 6, 67), (103, 6, 82), (104, 1, 65), (105, 2, 64), (106, 3, 64), (107, 7, 63), (108, 8, 65), (109, 4, 83), (110, 0, 74), (111, 5, 73), (112, 6, 77), (113, 1, 75), (114, 9, 74), (115, 3, 72), (116, 2, 72), (117, 8, 72), (118, 7, 73), (119, 2, 93), (120, 4, 90), (121, 9, 80), (122, 5, 80), (123, 0, 94), (124, 3, 81), (125, 2, 78), (126, 8, 82), (127, 7, 78), (128, 6, 100), (129, 4, 97), (130, 2, 85), (131, 3, 90), (132, 5, 90), (133, 8, 91), (134, 0, 85), (135, 6, 91), (136, 1, 89), (137, 7, 87), (138, 4, 105), (139, 2, 105), (140, 8, 105), (141, 5, 100), (142, 0, 100), (143, 1, 96), (144, 3, 100), (145, 1, 102), (146, 8, 96), (147, 7, 92), (148, 9, 111), (149, 5, 108), (150, 1, 108), (151, 7, 100), (152, 8, 117), (153, 2, 117), (154, 3, 118), (155, 6, 118), (156, 7, 105), (157, 8, 126), (158, 1, 125), (159, 3, 127), (160, 9, 127), (161, 2, 127), (162, 7, 127), (163, 6, 128), (164, 7, 112), (165, 3, 112), (166, 2, 134), (167, 4, 135), (168, 0, 119), (169, 9, 118), (170, 7, 143), (171, 4, 143), (172, 1, 141), (173, 0, 128), (174, 4, 125), (175, 5, 125), (176, 7, 151), (177, 0, 148), (178, 4, 148), (179, 1, 148), (180, 0, 133), (181, 3, 134), (182, 2, 154), (183, 0, 139), (184, 8, 147), (185, 6, 147), (186, 5, 157), (187, 6, 157), (188, 1, 162), (189, 3, 167), (190, 4, 175), (191, 6, 182), (192, 7, 187), (193, 7, 192)];0;243.11999773979187;193;3.73143858433061;11.211415585879012;4.67127814526148;{'N': 30, 'obj': 'avg_rm'}
Obj. F. analysis SAA model (S1);STs1;./Data/PrecedenceGraphs/LOVATO_gr_aircraft1.txt;./Data/Tasks/normal/tasks_normal_194_0.txt;normal;194;10;900;[(0, 7, 0), (1, 4, 1), (2, 6, 1), (3, 7, 1), (4, 5, 17), (5, 1, 1), (6, 2, 1), (7, 9, 1), (8, 3, 1), (9, 2, 9), (10, 5, 1), (11, 0, 12), (12, 8, 1), (13, 3, 11), (14, 5, 8), (15, 0, 6), (16, 7, 6), (17, 4, 6), (18, 8, 7), (19, 3, 157), (20, 1, 8), (21, 6, 50), (22, 0, 21), (23, 7, 78), (24, 6, 17), (25, 6, 147), (26, 5, 48), (27, 4, 17), (28, 2, 17), (29, 6, 12), (30, 9, 14), (31, 6, 56), (32, 9, 27), (33, 8, 18), (34, 3, 21), (35, 1, 56), (36, 8, 107), (37, 0, 29), (38, 9, 105), (39, 8, 126), (40, 4, 69), (41, 4, 23), (42, 1, 22), (43, 7, 17), (44, 9, 20), (45, 5, 97), (46, 2, 47), (47, 5, 24), (48, 1, 95), (49, 5, 56), (50, 2, 42), (51, 0, 34), (52, 7, 29), (53, 7, 22), (54, 2, 27), (55, 4, 31), (56, 3, 49), (57, 1, 48), (58, 4, 41), (59, 5, 34), (60, 5, 39), (61, 8, 27), (62, 2, 35), (63, 7, 36), (64, 8, 36), (65, 0, 67), (66, 4, 55), (67, 4, 47), (68, 3, 64), (69, 6, 39), (70, 1, 32), (71, 9, 42), (72, 7, 43), (73, 3, 55), (74, 1, 43), (75, 1, 79), (76, 5, 103), (77, 9, 72), (78, 6, 75), (79, 6, 44), (80, 4, 92), (81, 3, 42), (82, 9, 52), (83, 7, 53), (84, 2, 92), (85, 5, 109), (86, 4, 62), (87, 8, 50), (88, 0, 49), (89, 9, 62), (90, 7, 65), (91, 7, 58), (92, 2, 58), (93, 1, 127), (94, 4, 87), (95, 0, 57), (96, 1, 89), (97, 8, 57), (98, 5, 80), (99, 7, 72), (100, 5, 73), (101, 3, 73), (102, 4, 157), (103, 3, 120), (104, 0, 84), (105, 6, 67), (106, 5, 65), (107, 8, 63), (108, 1, 63), (109, 5, 90), (110, 4, 82), (111, 6, 84), (112, 7, 172), (113, 3, 79), (114, 4, 76), (115, 0, 75), (116, 1, 73), (117, 2, 73), (118, 8, 73), (119, 4, 97), (120, 7, 97), (121, 3, 93), (122, 8, 92), (123, 3, 87), (124, 7, 84), (125, 9, 79), (126, 2, 83), (127, 8, 78), (128, 8, 117), (129, 2, 107), (130, 1, 136), (131, 6, 102), (132, 8, 102), (133, 3, 98), (134, 6, 91), (135, 0, 94), (136, 1, 120), (137, 8, 87), (138, 9, 139), (139, 3, 115), (140, 2, 115), (141, 0, 137), (142, 1, 112), (143, 6, 129), (144, 2, 100), (145, 9, 147), (146, 2, 136), (147, 9, 92), (148, 9, 121), (149, 6, 120), (150, 4, 120), (151, 9, 100), (152, 2, 127), (153, 0, 129), (154, 9, 130), (155, 4, 130), (156, 7, 105), (157, 7, 136), (158, 3, 137), (159, 7, 145), (160, 4, 140), (161, 0, 145), (162, 8, 139), (163, 5, 145), (164, 7, 112), (165, 5, 139), (166, 7, 150), (167, 2, 151), (168, 0, 119), (169, 0, 151), (170, 7, 159), (171, 0, 159), (172, 1, 157), (173, 5, 128), (174, 8, 158), (175, 2, 158), (176, 9, 167), (177, 0, 164), (178, 5, 164), (179, 6, 164), (180, 5, 133), (181, 1, 167), (182, 4, 170), (183, 6, 139), (184, 4, 147), (185, 3, 147), (186, 5, 157), (187, 9, 157), (188, 7, 167), (189, 2, 167), (190, 0, 175), (191, 1, 182), (192, 7, 187), (193, 8, 192)];0;903.4158716201782;193;2.6554024877030833;8.075506818858324;8.075506818858324;{'N': 30, 'obj': 'avg_exp_ovp'}
Obj. F. analysis SAA model (S2);STs2;./Data/PrecedenceGraphs/LOVATO_gr_aircraft1.txt;./Data/Tasks/normal/tasks_normal_194_0.txt;normal;194;10;900;[(0, 0, 0), (1, 4, 1), (2, 4, 35), (3, 7, 1), (4, 1, 1), (5, 8, 1), (6, 2, 1), (7, 3, 1), (8, 5, 1), (9, 9, 1), (10, 6, 10), (11, 6, 1), (12, 7, 6), (13, 0, 1), (14, 8, 8), (15, 4, 6), (16, 1, 7), (17, 4, 27), (18, 4, 41), (19, 5, 53), (20, 0, 11), (21, 2, 11), (22, 7, 12), (23, 4, 59), (24, 3, 45), (25, 7, 123), (26, 8, 22), (27, 1, 17), (28, 8, 17), (29, 4, 12), (30, 9, 15), (31, 3, 38), (32, 4, 51), (33, 7, 21), (34, 0, 21), (35, 2, 17), (36, 9, 28), (37, 5, 20), (38, 7, 58), (39, 3, 32), (40, 2, 30), (41, 8, 30), (42, 1, 22), (43, 4, 17), (44, 9, 21), (45, 9, 55), (46, 4, 64), (47, 7, 27), (48, 6, 22), (49, 9, 61), (50, 5, 25), (51, 8, 36), (52, 1, 29), (53, 4, 22), (54, 0, 31), (55, 7, 33), (56, 5, 30), (57, 5, 36), (58, 2, 43), (59, 1, 34), (60, 8, 43), (61, 3, 27), (62, 0, 39), (63, 7, 38), (64, 8, 52), (65, 7, 45), (66, 7, 51), (67, 8, 99), (68, 5, 44), (69, 1, 39), (70, 6, 32), (71, 2, 49), (72, 9, 45), (73, 0, 46), (74, 8, 61), (75, 5, 62), (76, 6, 87), (77, 8, 74), (78, 6, 70), (79, 1, 44), (80, 4, 108), (81, 6, 42), (82, 0, 59), (83, 3, 55), (84, 3, 81), (85, 9, 110), (86, 3, 60), (87, 1, 50), (88, 6, 49), (89, 0, 69), (90, 9, 80), (91, 6, 63), (92, 9, 70), (93, 7, 87), (94, 7, 67), (95, 1, 56), (96, 3, 67), (97, 6, 57), (98, 4, 79), (99, 3, 87), (100, 2, 82), (101, 1, 87), (102, 3, 96), (103, 2, 73), (104, 6, 106), (105, 8, 66), (106, 5, 72), (107, 2, 63), (108, 4, 69), (109, 5, 92), (110, 2, 89), (111, 1, 93), (112, 3, 107), (113, 6, 79), (114, 3, 74), (115, 7, 74), (116, 5, 80), (117, 8, 80), (118, 1, 73), (119, 7, 113), (120, 5, 99), (121, 7, 100), (122, 1, 100), (123, 5, 86), (124, 2, 94), (125, 9, 87), (126, 8, 90), (127, 1, 78), (128, 2, 109), (129, 5, 106), (130, 7, 105), (131, 8, 110), (132, 1, 110), (133, 2, 103), (134, 9, 94), (135, 4, 99), (136, 6, 93), (137, 0, 87), (138, 5, 114), (139, 9, 121), (140, 1, 115), (141, 6, 128), (142, 6, 120), (143, 9, 115), (144, 9, 103), (145, 0, 119), (146, 6, 100), (147, 0, 92), (148, 8, 122), (149, 0, 128), (150, 9, 129), (151, 0, 100), (152, 5, 128), (153, 4, 137), (154, 6, 139), (155, 0, 139), (156, 0, 105), (157, 9, 139), (158, 4, 145), (159, 1, 148), (160, 0, 149), (161, 8, 148), (162, 4, 152), (163, 3, 149), (164, 0, 112), (165, 4, 114), (166, 8, 156), (167, 2, 160), (168, 3, 119), (169, 4, 120), (170, 3, 165), (171, 5, 165), (172, 1, 166), (173, 3, 128), (174, 2, 127), (175, 1, 127), (176, 1, 173), (177, 0, 170), (178, 2, 170), (179, 5, 170), (180, 3, 133), (181, 7, 136), (182, 3, 176), (183, 2, 139), (184, 5, 147), (185, 2, 147), (186, 9, 157), (187, 7, 157), (188, 6, 162), (189, 7, 167), (190, 8, 175), (191, 8, 182), (192, 5, 187), (193, 9, 192)];0;410.7767972946167;193;2.2408114059693154;5.381392763309242;4.660269675696468;{'N': 30, 'obj': 'max_exp_ovp'}
Obj. F. analysis SAA model (additional Obj F 1);STmR;./Data/PrecedenceGraphs/LOVATO_gr_aircraft1.txt;./Data/Tasks/normal/tasks_normal_194_0.txt;normal;194;10;900;[(0, 9, 0), (1, 0, 1), (2, 4, 1), (3, 9, 1), (4, 8, 1), (5, 5, 1), (6, 6, 1), (7, 7, 1), (8, 7, 11), (9, 4, 7), (10, 6, 22), (11, 3, 1), (12, 1, 1), (13, 2, 1), (14, 9, 6), (15, 0, 6), (16, 8, 7), (17, 6, 9), (18, 1, 7), (19, 6, 89), (20, 5, 8), (21, 2, 11), (22, 3, 10), (23, 6, 84), (24, 4, 47), (25, 1, 83), (26, 2, 17), (27, 8, 15), (28, 4, 15), (29, 0, 12), (30, 9, 15), (31, 1, 17), (32, 5, 24), (33, 5, 18), (34, 3, 18), (35, 6, 17), (36, 2, 25), (37, 7, 21), (38, 6, 29), (39, 9, 28), (40, 5, 61), (41, 8, 20), (42, 4, 20), (43, 0, 17), (44, 9, 21), (45, 5, 41), (46, 3, 53), (47, 1, 24), (48, 8, 57), (49, 2, 70), (50, 7, 26), (51, 8, 26), (52, 4, 27), (53, 0, 22), (54, 3, 28), (55, 1, 30), (56, 7, 31), (57, 9, 34), (58, 8, 33), (59, 0, 32), (60, 5, 32), (61, 0, 27), (62, 3, 36), (63, 1, 35), (64, 2, 35), (65, 7, 37), (66, 8, 39), (67, 7, 49), (68, 6, 38), (69, 0, 37), (70, 4, 32), (71, 3, 43), (72, 1, 42), (73, 2, 44), (74, 4, 42), (75, 6, 47), (76, 7, 43), (77, 8, 46), (78, 5, 47), (79, 0, 42), (80, 3, 58), (81, 9, 42), (82, 2, 53), (83, 8, 52), (84, 1, 52), (85, 5, 56), (86, 4, 56), (87, 0, 48), (88, 9, 49), (89, 4, 63), (90, 2, 63), (91, 6, 57), (92, 7, 57), (93, 1, 58), (94, 6, 79), (95, 0, 54), (96, 7, 103), (97, 9, 57), (98, 1, 73), (99, 3, 70), (100, 7, 67), (101, 1, 67), (102, 5, 68), (103, 0, 95), (104, 6, 64), (105, 0, 64), (106, 8, 63), (107, 9, 63), (108, 3, 63), (109, 5, 83), (110, 6, 74), (111, 4, 73), (112, 5, 78), (113, 2, 79), (114, 3, 76), (115, 0, 72), (116, 7, 74), (117, 8, 71), (118, 9, 73), (119, 7, 93), (120, 5, 90), (121, 7, 80), (122, 4, 80), (123, 2, 100), (124, 0, 81), (125, 8, 81), (126, 3, 82), (127, 9, 78), (128, 8, 97), (129, 5, 97), (130, 7, 85), (131, 4, 90), (132, 0, 90), (133, 3, 91), (134, 8, 88), (135, 1, 92), (136, 2, 87), (137, 9, 87), (138, 0, 105), (139, 6, 105), (140, 5, 105), (141, 1, 101), (142, 4, 100), (143, 3, 96), (144, 6, 98), (145, 3, 102), (146, 2, 94), (147, 9, 92), (148, 7, 111), (149, 4, 108), (150, 3, 108), (151, 9, 100), (152, 2, 117), (153, 1, 117), (154, 8, 118), (155, 4, 118), (156, 9, 105), (157, 3, 126), (158, 1, 125), (159, 0, 127), (160, 8, 127), (161, 7, 127), (162, 2, 127), (163, 4, 128), (164, 9, 112), (165, 6, 112), (166, 6, 134), (167, 1, 135), (168, 9, 119), (169, 7, 118), (170, 8, 143), (171, 3, 143), (172, 0, 141), (173, 9, 128), (174, 6, 125), (175, 5, 125), (176, 5, 151), (177, 0, 148), (178, 2, 148), (179, 3, 148), (180, 9, 133), (181, 0, 134), (182, 7, 154), (183, 9, 139), (184, 1, 147), (185, 4, 147), (186, 3, 157), (187, 6, 157), (188, 2, 162), (189, 7, 167), (190, 5, 175), (191, 5, 182), (192, 6, 187), (193, 0, 192)];0;91.45735669136047;193;4.0575762504792205;10.07346992739477;6.964519401321164;{'N': 30, 'obj': 'max_rm'}
Obj. F. analysis SAA model (additional Obj F 2);STmS;./Data/PrecedenceGraphs/LOVATO_gr_aircraft1.txt;./Data/Tasks/normal/tasks_normal_194_0.txt;normal;194;10;900;[(0, 8, 0), (1, 3, 1), (2, 8, 1), (3, 9, 1), (4, 1, 1), (5, 5, 1), (6, 6, 1), (7, 4, 7), (8, 9, 6), (9, 8, 7), (10, 8, 15), (11, 2, 1), (12, 4, 1), (13, 0, 1), (14, 2, 10), (15, 7, 6), (16, 6, 9), (17, 3, 6), (18, 5, 8), (19, 8, 60), (20, 0, 11), (21, 4, 17), (22, 1, 10), (23, 8, 105), (24, 4, 28), (25, 8, 69), (26, 1, 19), (27, 2, 19), (28, 6, 23), (29, 7, 12), (30, 6, 17), (31, 9, 16), (32, 3, 16), (33, 8, 22), (34, 9, 23), (35, 4, 23), (36, 8, 28), (37, 5, 18), (38, 7, 27), (39, 8, 54), (40, 3, 87), (41, 3, 24), (42, 2, 24), (43, 7, 17), (44, 0, 23), (45, 7, 36), (46, 0, 60), (47, 5, 28), (48, 4, 37), (49, 6, 58), (50, 5, 23), (51, 3, 30), (52, 2, 31), (53, 7, 22), (54, 1, 32), (55, 6, 34), (56, 6, 28), (57, 3, 37), (58, 8, 38), (59, 2, 36), (60, 5, 36), (61, 1, 27), (62, 6, 40), (63, 2, 41), (64, 0, 42), (65, 9, 34), (66, 5, 45), (67, 4, 43), (68, 3, 45), (69, 7, 42), (70, 0, 32), (71, 2, 48), (72, 6, 48), (73, 1, 48), (74, 5, 52), (75, 8, 44), (76, 1, 40), (77, 7, 53), (78, 3, 54), (79, 7, 47), (80, 6, 101), (81, 9, 42), (82, 4, 59), (83, 7, 59), (84, 1, 59), (85, 5, 59), (86, 0, 53), (87, 4, 53), (88, 9, 49), (89, 9, 70), (90, 4, 69), (91, 1, 65), (92, 0, 65), (93, 7, 65), (94, 3, 104), (95, 2, 59), (96, 5, 92), (97, 9, 57), (98, 1, 82), (99, 9, 80), (100, 1, 75), (101, 0, 75), (102, 8, 78), (103, 8, 88), (104, 2, 69), (105, 6, 69), (106, 5, 64), (107, 3, 63), (108, 9, 63), (109, 6, 94), (110, 4, 83), (111, 7, 84), (112, 9, 88), (113, 5, 78), (114, 4, 77), (115, 2, 79), (116, 5, 72), (117, 7, 74), (118, 3, 73), (119, 7, 101), (120, 0, 102), (121, 9, 93), (122, 3, 94), (123, 5, 98), (124, 2, 88), (125, 6, 78), (126, 0, 84), (127, 3, 78), (128, 7, 111), (129, 2, 112), (130, 9, 98), (131, 9, 106), (132, 6, 106), (133, 4, 98), (134, 4, 89), (135, 0, 93), (136, 6, 87), (137, 5, 87), (138, 0, 120), (139, 6, 120), (140, 9, 123), (141, 7, 120), (142, 8, 117), (143, 4, 105), (144, 8, 98), (145, 1, 102), (146, 1, 94), (147, 7, 92), (148, 1, 133), (149, 9, 130), (150, 4, 131), (151, 2, 100), (152, 5, 140), (153, 4, 141), (154, 6, 141), (155, 1, 141), (156, 2, 105), (157, 6, 155), (158, 0, 150), (159, 6, 150), (160, 1, 151), (161, 8, 150), (162, 5, 150), (163, 8, 156), (164, 1, 112), (165, 9, 117), (166, 2, 158), (167, 8, 163), (168, 5, 119), (169, 4, 123), (170, 0, 167), (171, 6, 167), (172, 5, 169), (173, 1, 128), (174, 6, 131), (175, 5, 131), (176, 3, 175), (177, 4, 173), (178, 8, 173), (179, 0, 175), (180, 2, 133), (181, 7, 140), (182, 2, 180), (183, 2, 139), (184, 7, 147), (185, 2, 147), (186, 1, 158), (187, 4, 157), (188, 4, 167), (189, 3, 167), (190, 6, 175), (191, 8, 182), (192, 9, 187), (193, 5, 192)];0;127.89757633209229;193;3.1624993103280947;8.39876469583435;8.39876469583435;{'N': 30, 'obj': 'max_max_ovp'}
Obj. F. analysis Model With Bounded Makespan (RM);MBr;./Data/PrecedenceGraphs/LOVATO_gr_aircraft1.txt;./Data/Tasks/normal/tasks_normal_194_0.txt;normal;194;10;900;[(0, 9, 0), (1, 7, 1), (2, 9, 1), (3, 1, 1), (4, 5, 1), (5, 8, 1), (6, 6, 1), (7, 4, 1), (8, 4, 11), (9, 5, 7), (10, 9, 17), (11, 3, 1), (12, 2, 1), (13, 0, 1), (14, 7, 6), (15, 1, 6), (16, 2, 7), (17, 6, 9), (18, 9, 7), (19, 5, 62), (20, 8, 8), (21, 0, 11), (22, 3, 10), (23, 7, 62), (24, 4, 28), (25, 9, 60), (26, 5, 15), (27, 7, 15), (28, 6, 17), (29, 1, 12), (30, 2, 15), (31, 0, 17), (32, 5, 23), (33, 8, 18), (34, 3, 18), (35, 8, 24), (36, 8, 29), (37, 6, 22), (38, 9, 24), (39, 5, 50), (40, 6, 59), (41, 2, 21), (42, 7, 20), (43, 1, 17), (44, 4, 21), (45, 8, 47), (46, 5, 31), (47, 0, 24), (48, 5, 56), (49, 5, 85), (50, 6, 27), (51, 2, 27), (52, 7, 27), (53, 1, 22), (54, 3, 28), (55, 0, 30), (56, 9, 33), (57, 8, 39), (58, 2, 34), (59, 7, 32), (60, 6, 32), (61, 1, 27), (62, 3, 36), (63, 0, 35), (64, 5, 36), (65, 9, 39), (66, 2, 40), (67, 6, 41), (68, 7, 37), (69, 4, 37), (70, 1, 32), (71, 3, 43), (72, 4, 42), (73, 7, 46), (74, 5, 45), (75, 6, 49), (76, 9, 45), (77, 2, 47), (78, 9, 51), (79, 0, 42), (80, 6, 95), (81, 1, 42), (82, 3, 53), (83, 4, 52), (84, 2, 53), (85, 8, 53), (86, 7, 55), (87, 0, 48), (88, 1, 49), (89, 3, 63), (90, 6, 66), (91, 8, 58), (92, 4, 57), (93, 2, 59), (94, 7, 97), (95, 0, 54), (96, 6, 100), (97, 1, 57), (98, 4, 73), (99, 5, 71), (100, 7, 67), (101, 4, 67), (102, 2, 68), (103, 2, 89), (104, 7, 79), (105, 8, 65), (106, 0, 64), (107, 1, 63), (108, 9, 69), (109, 4, 83), (110, 7, 74), (111, 8, 73), (112, 2, 78), (113, 5, 77), (114, 9, 76), (115, 3, 73), (116, 6, 73), (117, 0, 72), (118, 1, 73), (119, 4, 95), (120, 9, 91), (121, 3, 82), (122, 8, 80), (123, 2, 83), (124, 0, 82), (125, 6, 79), (126, 9, 82), (127, 1, 78), (128, 9, 98), (129, 2, 98), (130, 7, 89), (131, 8, 90), (132, 4, 90), (133, 0, 91), (134, 6, 86), (135, 5, 94), (136, 3, 87), (137, 1, 87), (138, 5, 106), (139, 6, 106), (140, 4, 106), (141, 3, 100), (142, 8, 100), (143, 0, 96), (144, 0, 102), (145, 7, 103), (146, 3, 94), (147, 1, 92), (148, 9, 112), (149, 2, 108), (150, 8, 108), (151, 1, 100), (152, 2, 118), (153, 6, 117), (154, 9, 118), (155, 7, 118), (156, 1, 105), (157, 2, 127), (158, 6, 125), (159, 5, 127), (160, 4, 127), (161, 9, 127), (162, 8, 127), (163, 7, 128), (164, 1, 112), (165, 0, 112), (166, 6, 134), (167, 9, 135), (168, 3, 119), (169, 0, 118), (170, 5, 143), (171, 9, 143), (172, 2, 141), (173, 3, 128), (174, 1, 125), (175, 0, 125), (176, 9, 151), (177, 7, 148), (178, 0, 148), (179, 1, 148), (180, 3, 133), (181, 5, 134), (182, 5, 154), (183, 0, 139), (184, 4, 147), (185, 8, 147), (186, 6, 157), (187, 3, 157), (188, 9, 162), (189, 1, 167), (190, 2, 175), (191, 1, 182), (192, 1, 187), (193, 8, 197)];0;187.4380784034729;198;3.302175762435631;9.605852887578175;0.9800105654979527;{'N': 30, 'makespan_delta': 5, 'first_runner': <function run_cp_simp at 0x0000024E55E50540>, 'first_runner_params': {}, 'first_time_limit': 60, 'obj': 'avg_rm'}
Obj. F. analysis Model With Bounded Makespan (S1);MBs1;./Data/PrecedenceGraphs/LOVATO_gr_aircraft1.txt;./Data/Tasks/normal/tasks_normal_194_0.txt;normal;194;10;900;[(0, 2, 0), (1, 7, 1), (2, 7, 27), (3, 4, 1), (4, 9, 1), (5, 1, 1), (6, 9, 7), (7, 6, 1), (8, 2, 1), (9, 3, 7), (10, 4, 40), (11, 5, 20), (12, 3, 1), (13, 3, 42), (14, 5, 6), (15, 0, 6), (16, 4, 32), (17, 7, 6), (18, 9, 36), (19, 1, 59), (20, 4, 8), (21, 2, 11), (22, 2, 34), (23, 2, 29), (24, 9, 27), (25, 1, 21), (26, 6, 15), (27, 3, 15), (28, 5, 15), (29, 8, 12), (30, 8, 40), (31, 1, 14), (32, 8, 17), (33, 4, 18), (34, 0, 18), (35, 1, 54), (36, 7, 17), (37, 7, 46), (38, 1, 74), (39, 2, 23), (40, 8, 46), (41, 3, 36), (42, 5, 29), (43, 9, 17), (44, 2, 46), (45, 3, 30), (46, 8, 25), (47, 3, 24), (48, 5, 65), (49, 9, 51), (50, 7, 51), (51, 0, 43), (52, 5, 36), (53, 9, 22), (54, 2, 53), (55, 6, 32), (56, 7, 56), (57, 2, 179), (58, 0, 50), (59, 8, 54), (60, 5, 51), (61, 4, 27), (62, 7, 62), (63, 6, 37), (64, 7, 37), (65, 4, 78), (66, 3, 56), (67, 2, 82), (68, 5, 71), (69, 6, 69), (70, 1, 32), (71, 7, 72), (72, 6, 44), (73, 8, 147), (74, 1, 49), (75, 1, 84), (76, 4, 84), (77, 1, 68), (78, 0, 81), (79, 1, 110), (80, 0, 90), (81, 1, 42), (82, 9, 84), (83, 5, 60), (84, 3, 89), (85, 5, 87), (86, 5, 116), (87, 1, 116), (88, 4, 49), (89, 9, 94), (90, 1, 94), (91, 9, 65), (92, 2, 65), (93, 3, 95), (94, 4, 122), (95, 4, 134), (96, 6, 63), (97, 6, 57), (98, 2, 104), (99, 3, 78), (100, 2, 75), (101, 9, 75), (102, 7, 150), (103, 9, 144), (104, 3, 157), (105, 5, 144), (106, 0, 63), (107, 8, 63), (108, 4, 63), (109, 3, 114), (110, 3, 84), (111, 8, 84), (112, 0, 184), (113, 4, 167), (114, 0, 152), (115, 5, 152), (116, 3, 71), (117, 0, 71), (118, 8, 73), (119, 2, 121), (120, 3, 127), (121, 8, 91), (122, 4, 91), (123, 2, 158), (124, 8, 165), (125, 5, 80), (126, 7, 82), (127, 6, 78), (128, 8, 174), (129, 9, 134), (130, 8, 96), (131, 0, 101), (132, 4, 101), (133, 2, 174), (134, 5, 92), (135, 7, 91), (136, 2, 90), (137, 6, 87), (138, 0, 176), (139, 4, 175), (140, 1, 164), (141, 0, 116), (142, 8, 111), (143, 1, 179), (144, 7, 101), (145, 4, 112), (146, 2, 97), (147, 6, 92), (148, 0, 170), (149, 7, 124), (150, 5, 124), (151, 6, 100), (152, 9, 176), (153, 7, 133), (154, 5, 134), (155, 1, 134), (156, 6, 105), (157, 9, 186), (158, 1, 149), (159, 4, 144), (160, 7, 143), (161, 8, 156), (162, 6, 143), (163, 1, 157), (164, 9, 112), (165, 6, 112), (166, 9, 153), (167, 9, 162), (168, 6, 119), (169, 0, 158), (170, 2, 164), (171, 3, 172), (172, 1, 171), (173, 0, 128), (174, 6, 165), (175, 7, 165), (176, 6, 173), (177, 5, 177), (178, 3, 177), (179, 8, 183), (180, 8, 133), (181, 1, 185), (182, 7, 184), (183, 2, 139), (184, 2, 147), (185, 3, 147), (186, 6, 157), (187, 4, 157), (188, 3, 167), (189, 5, 167), (190, 6, 180), (191, 4, 187), (192, 5, 192), (193, 6, 197)];70.2868;904.978369474411;198;1.3496764710285694;5.165464136291078;4.266885802984034;{'N': 30, 'makespan_delta': 5, 'first_runner': <function run_cp_simp at 0x0000024E55E50540>, 'first_runner_params': {}, 'first_time_limit': 60, 'obj': 'avg_exp_ovp'}
Obj. F. analysis Model With Bounded Makespan (S2);MBs2;./Data/PrecedenceGraphs/LOVATO_gr_aircraft1.txt;./Data/Tasks/normal/tasks_normal_194_0.txt;normal;194;10;900;[(0, 3, 0), (1, 4, 1), (2, 5, 15), (3, 6, 1), (4, 5, 1), (5, 7, 1), (6, 8, 1), (7, 1, 1), (8, 8, 9), (9, 2, 1), (10, 3, 1), (11, 9, 1), (12, 6, 6), (13, 9, 10), (14, 4, 6), (15, 0, 6), (16, 1, 11), (17, 5, 7), (18, 3, 22), (19, 6, 165), (20, 7, 8), (21, 0, 17), (22, 2, 10), (23, 5, 32), (24, 4, 51), (25, 7, 18), (26, 8, 19), (27, 1, 19), (28, 4, 15), (29, 0, 12), (30, 2, 25), (31, 2, 18), (32, 4, 27), (33, 9, 20), (34, 6, 18), (35, 6, 28), (36, 6, 73), (37, 5, 21), (38, 4, 42), (39, 6, 33), (40, 5, 38), (41, 1, 24), (42, 2, 32), (43, 3, 17), (44, 7, 33), (45, 7, 27), (46, 8, 35), (47, 9, 26), (48, 6, 140), (49, 4, 61), (50, 5, 26), (51, 3, 32), (52, 1, 39), (53, 4, 22), (54, 7, 41), (55, 9, 32), (56, 4, 36), (57, 9, 55), (58, 2, 40), (59, 1, 45), (60, 6, 48), (61, 0, 27), (62, 8, 54), (63, 9, 37), (64, 6, 39), (65, 8, 42), (66, 2, 46), (67, 8, 67), (68, 5, 50), (69, 1, 50), (70, 0, 33), (71, 3, 66), (72, 9, 45), (73, 7, 60), (74, 8, 62), (75, 7, 49), (76, 8, 48), (77, 2, 53), (78, 1, 61), (79, 1, 55), (80, 9, 89), (81, 0, 43), (82, 3, 76), (83, 6, 57), (84, 2, 60), (85, 3, 60), (86, 6, 115), (87, 5, 61), (88, 0, 50), (89, 6, 86), (90, 9, 110), (91, 7, 69), (92, 6, 63), (93, 1, 84), (94, 2, 68), (95, 8, 76), (96, 9, 72), (97, 0, 58), (98, 2, 97), (99, 7, 76), (100, 1, 76), (101, 5, 76), (102, 0, 97), (103, 0, 117), (104, 0, 107), (105, 4, 86), (106, 4, 70), (107, 0, 64), (108, 9, 65), (109, 1, 107), (110, 2, 84), (111, 9, 82), (112, 8, 113), (113, 8, 105), (114, 3, 103), (115, 1, 95), (116, 6, 108), (117, 8, 86), (118, 2, 75), (119, 7, 115), (120, 4, 119), (121, 7, 95), (122, 5, 89), (123, 4, 155), (124, 7, 104), (125, 2, 115), (126, 3, 119), (127, 0, 80), (128, 7, 127), (129, 4, 126), (130, 4, 100), (131, 9, 100), (132, 8, 100), (133, 2, 122), (134, 6, 122), (135, 8, 128), (136, 0, 89), (137, 7, 89), (138, 6, 146), (139, 3, 159), (140, 0, 135), (141, 4, 111), (142, 3, 111), (143, 2, 137), (144, 6, 174), (145, 8, 137), (146, 1, 148), (147, 3, 95), (148, 0, 141), (149, 6, 131), (150, 2, 127), (151, 6, 103), (152, 5, 162), (153, 1, 140), (154, 9, 140), (155, 4, 137), (156, 5, 108), (157, 8, 171), (158, 8, 148), (159, 7, 149), (160, 9, 149), (161, 0, 149), (162, 3, 151), (163, 2, 167), (164, 5, 115), (165, 1, 116), (166, 6, 156), (167, 9, 159), (168, 5, 123), (169, 1, 122), (170, 9, 166), (171, 0, 165), (172, 8, 181), (173, 5, 132), (174, 4, 148), (175, 1, 129), (176, 9, 174), (177, 1, 171), (178, 3, 171), (179, 4, 171), (180, 3, 137), (181, 0, 180), (182, 8, 186), (183, 3, 143), (184, 2, 151), (185, 5, 151), (186, 2, 161), (187, 7, 162), (188, 5, 171), (189, 0, 172), (190, 7, 180), (191, 5, 187), (192, 0, 192), (193, 4, 197)];0;618.6308069229126;198;0.9663583666827918;2.156780817204917;2.156780817204917;{'N': 30, 'makespan_delta': 5, 'first_runner': <function run_cp_simp at 0x0000024E55E50540>, 'first_runner_params': {}, 'first_time_limit': 60, 'obj': 'max_exp_ovp'}
Obj. F. analysis Model With Bounded Makespan (additional Obj F 1);MBmR;./Data/PrecedenceGraphs/LOVATO_gr_aircraft1.txt;./Data/Tasks/normal/tasks_normal_194_0.txt;normal;194;10;900;[(0, 1, 0), (1, 9, 1), (2, 2, 1), (3, 4, 1), (4, 1, 1), (5, 5, 1), (6, 0, 1), (7, 7, 1), (8, 7, 11), (9, 2, 7), (10, 0, 22), (11, 8, 1), (12, 3, 1), (13, 6, 1), (14, 9, 6), (15, 4, 6), (16, 3, 7), (17, 0, 9), (18, 1, 7), (19, 0, 101), (20, 5, 8), (21, 6, 11), (22, 8, 10), (23, 9, 100), (24, 8, 28), (25, 0, 59), (26, 6, 17), (27, 3, 15), (28, 9, 15), (29, 4, 12), (30, 2, 15), (31, 4, 17), (32, 5, 24), (33, 5, 18), (34, 8, 18), (35, 1, 17), (36, 1, 41), (37, 7, 21), (38, 7, 39), (39, 0, 29), (40, 6, 60), (41, 9, 20), (42, 3, 20), (43, 0, 17), (44, 2, 21), (45, 6, 25), (46, 8, 57), (47, 4, 24), (48, 4, 58), (49, 8, 62), (50, 9, 26), (51, 7, 26), (52, 3, 27), (53, 1, 22), (54, 2, 28), (55, 4, 30), (56, 9, 31), (57, 6, 31), (58, 7, 33), (59, 3, 32), (60, 1, 32), (61, 1, 27), (62, 2, 36), (63, 4, 35), (64, 0, 35), (65, 3, 37), (66, 6, 39), (67, 3, 49), (68, 8, 37), (69, 9, 37), (70, 5, 32), (71, 2, 43), (72, 4, 42), (73, 6, 46), (74, 0, 44), (75, 0, 49), (76, 3, 43), (77, 8, 46), (78, 9, 48), (79, 9, 42), (80, 3, 79), (81, 5, 42), (82, 2, 53), (83, 8, 52), (84, 4, 52), (85, 6, 55), (86, 1, 51), (87, 7, 48), (88, 5, 49), (89, 5, 63), (90, 7, 64), (91, 9, 57), (92, 3, 57), (93, 1, 58), (94, 0, 86), (95, 7, 54), (96, 3, 84), (97, 5, 57), (98, 6, 73), (99, 8, 71), (100, 3, 67), (101, 6, 67), (102, 1, 67), (103, 5, 95), (104, 0, 68), (105, 4, 64), (106, 9, 64), (107, 2, 63), (108, 7, 71), (109, 1, 83), (110, 3, 74), (111, 5, 73), (112, 7, 78), (113, 0, 78), (114, 1, 77), (115, 4, 72), (116, 8, 77), (117, 9, 72), (118, 2, 73), (119, 0, 91), (120, 4, 90), (121, 9, 82), (122, 5, 80), (123, 8, 83), (124, 4, 81), (125, 7, 83), (126, 6, 83), (127, 2, 78), (128, 8, 97), (129, 4, 97), (130, 8, 89), (131, 1, 90), (132, 3, 90), (133, 5, 90), (134, 7, 90), (135, 6, 92), (136, 9, 87), (137, 2, 87), (138, 5, 105), (139, 4, 105), (140, 9, 105), (141, 6, 101), (142, 1, 100), (143, 3, 95), (144, 7, 99), (145, 3, 101), (146, 9, 94), (147, 2, 92), (148, 1, 111), (149, 7, 108), (150, 3, 108), (151, 2, 100), (152, 8, 117), (153, 7, 117), (154, 1, 118), (155, 5, 118), (156, 2, 105), (157, 4, 126), (158, 7, 125), (159, 2, 127), (160, 1, 127), (161, 8, 127), (162, 6, 127), (163, 5, 128), (164, 2, 112), (165, 4, 112), (166, 2, 134), (167, 4, 135), (168, 0, 119), (169, 6, 118), (170, 4, 143), (171, 6, 143), (172, 8, 141), (173, 0, 128), (174, 9, 125), (175, 3, 125), (176, 0, 151), (177, 3, 148), (178, 6, 148), (179, 5, 148), (180, 0, 133), (181, 3, 134), (182, 1, 154), (183, 0, 139), (184, 9, 147), (185, 7, 147), (186, 8, 157), (187, 4, 157), (188, 8, 162), (189, 0, 167), (190, 5, 175), (191, 3, 182), (192, 1, 187), (193, 8, 197)];0;66.11495208740234;198;4.462048430010449;11.70264289760383;2.409000766110787;{'N': 30, 'makespan_delta': 5, 'first_runner': <function run_cp_simp at 0x0000024E55E50540>, 'first_runner_params': {}, 'first_time_limit': 60, 'obj': 'max_rm'}
Obj. F. analysis Model With Bounded Makespan (additional Obj F 2);MBmS;./Data/PrecedenceGraphs/LOVATO_gr_aircraft1.txt;./Data/Tasks/normal/tasks_normal_194_0.txt;normal;194;10;900;[(0, 3, 0), (1, 5, 1), (2, 7, 1), (3, 2, 1), (4, 8, 1), (5, 3, 1), (6, 0, 1), (7, 6, 1), (8, 0, 9), (9, 8, 7), (10, 6, 22), (11, 9, 1), (12, 1, 1), (13, 4, 1), (14, 2, 6), (15, 5, 6), (16, 1, 7), (17, 4, 11), (18, 7, 7), (19, 4, 62), (20, 3, 8), (21, 6, 11), (22, 9, 10), (23, 8, 60), (24, 3, 35), (25, 9, 104), (26, 5, 17), (27, 8, 15), (28, 1, 15), (29, 5, 12), (30, 2, 15), (31, 4, 19), (32, 5, 25), (33, 3, 18), (34, 9, 18), (35, 6, 17), (36, 0, 52), (37, 0, 19), (38, 1, 26), (39, 2, 28), (40, 8, 87), (41, 1, 20), (42, 8, 20), (43, 7, 17), (44, 2, 21), (45, 3, 44), (46, 0, 47), (47, 3, 24), (48, 0, 29), (49, 3, 62), (50, 0, 24), (51, 4, 26), (52, 7, 27), (53, 7, 22), (54, 9, 28), (55, 3, 30), (56, 6, 29), (57, 2, 34), (58, 4, 33), (59, 8, 32), (60, 5, 33), (61, 8, 27), (62, 9, 36), (63, 6, 35), (64, 1, 35), (65, 0, 35), (66, 4, 39), (67, 8, 52), (68, 1, 44), (69, 8, 37), (70, 7, 32), (71, 9, 44), (72, 8, 42), (73, 6, 42), (74, 5, 42), (75, 5, 47), (76, 0, 41), (77, 4, 46), (78, 4, 53), (79, 7, 42), (80, 6, 101), (81, 2, 42), (82, 9, 54), (83, 6, 52), (84, 1, 53), (85, 3, 57), (86, 3, 50), (87, 7, 49), (88, 2, 49), (89, 9, 64), (90, 3, 71), (91, 5, 57), (92, 6, 57), (93, 1, 59), (94, 1, 87), (95, 7, 56), (96, 0, 62), (97, 2, 57), (98, 6, 74), (99, 8, 73), (100, 1, 68), (101, 6, 67), (102, 0, 68), (103, 3, 86), (104, 4, 73), (105, 7, 66), (106, 5, 65), (107, 2, 64), (108, 8, 66), (109, 6, 85), (110, 1, 75), (111, 9, 74), (112, 1, 80), (113, 8, 79), (114, 3, 79), (115, 5, 74), (116, 0, 78), (117, 7, 74), (118, 2, 76), (119, 3, 96), (120, 1, 92), (121, 5, 83), (122, 4, 83), (123, 5, 97), (124, 9, 83), (125, 0, 84), (126, 7, 84), (127, 2, 81), (128, 1, 99), (129, 4, 99), (130, 5, 89), (131, 8, 94), (132, 4, 94), (133, 9, 93), (134, 6, 92), (135, 7, 93), (136, 0, 91), (137, 2, 90), (138, 4, 108), (139, 3, 108), (140, 0, 108), (141, 6, 106), (142, 8, 106), (143, 9, 98), (144, 7, 103), (145, 5, 104), (146, 0, 98), (147, 2, 95), (148, 8, 114), (149, 3, 114), (150, 7, 114), (151, 2, 104), (152, 0, 120), (153, 1, 123), (154, 9, 124), (155, 7, 124), (156, 2, 109), (157, 0, 130), (158, 6, 132), (159, 1, 133), (160, 4, 133), (161, 9, 133), (162, 3, 133), (163, 7, 134), (164, 9, 117), (165, 6, 117), (166, 6, 140), (167, 0, 141), (168, 4, 124), (169, 5, 123), (170, 2, 149), (171, 7, 149), (172, 9, 147), (173, 5, 133), (174, 8, 130), (175, 2, 130), (176, 9, 157), (177, 6, 155), (178, 0, 155), (179, 1, 155), (180, 5, 138), (181, 9, 139), (182, 7, 162), (183, 1, 144), (184, 3, 152), (185, 8, 152), (186, 3, 162), (187, 8, 162), (188, 3, 167), (189, 7, 172), (190, 2, 180), (191, 6, 187), (192, 4, 192), (193, 3, 197)];0;159.92756724357605;198;2.6974762272695556;5.781867779515041;4.097470330119364;{'N': 30, 'makespan_delta': 5, 'first_runner': <function run_cp_simp at 0x0000024E55E50540>, 'first_runner_params': {}, 'first_time_limit': 60, 'obj': 'max_max_ovp'}
Obj. F. analysis Model With Bounded Number of Buffer Times (RM);BBr;./Data/PrecedenceGraphs/LOVATO_gr_aircraft1.txt;./Data/Tasks/normal/tasks_normal_194_0.txt;normal;194;10;900;[(0, 6, 0), (1, 1, 1), (2, 2, 1), (3, 0, 1), (4, 0, 6), (5, 7, 1), (6, 3, 1), (7, 8, 40), (8, 9, 1), (9, 5, 7), (10, 8, 1), (11, 4, 1), (12, 5, 1), (13, 6, 1), (14, 9, 11), (15, 1, 6), (16, 0, 13), (17, 2, 8), (18, 4, 10), (19, 7, 9), (20, 2, 16), (21, 6, 50), (22, 3, 10), (23, 8, 10), (24, 1, 29), (25, 5, 38), (26, 5, 24), (27, 9, 21), (28, 6, 21), (29, 6, 12), (30, 4, 22), (31, 1, 16), (32, 5, 16), (33, 2, 27), (34, 7, 27), (35, 4, 56), (36, 9, 60), (37, 3, 18), (38, 7, 18), (39, 5, 32), (40, 6, 32), (41, 6, 26), (42, 9, 26), (43, 8, 17), (44, 4, 28), (45, 1, 23), (46, 3, 24), (47, 9, 33), (48, 4, 61), (49, 7, 37), (50, 8, 23), (51, 4, 35), (52, 2, 33), (53, 0, 22), (54, 3, 37), (55, 2, 39), (56, 8, 28), (57, 3, 29), (58, 4, 42), (59, 1, 38), (60, 6, 39), (61, 0, 27), (62, 3, 45), (63, 2, 44), (64, 5, 48), (65, 8, 34), (66, 4, 48), (67, 7, 46), (68, 2, 60), (69, 1, 43), (70, 0, 32), (71, 7, 59), (72, 8, 51), (73, 2, 51), (74, 1, 51), (75, 1, 63), (76, 9, 40), (77, 3, 55), (78, 8, 75), (79, 9, 48), (80, 7, 54), (81, 0, 42), (82, 3, 70), (83, 6, 61), (84, 3, 61), (85, 7, 70), (86, 1, 56), (87, 9, 54), (88, 0, 49), (89, 3, 81), (90, 1, 85), (91, 6, 67), (92, 4, 68), (93, 2, 70), (94, 8, 61), (95, 9, 71), (96, 5, 57), (97, 0, 57), (98, 3, 91), (99, 4, 79), (100, 7, 79), (101, 5, 79), (102, 2, 79), (103, 7, 92), (104, 5, 86), (105, 9, 82), (106, 5, 63), (107, 0, 63), (108, 8, 67), (109, 3, 102), (110, 7, 87), (111, 4, 86), (112, 6, 131), (113, 1, 92), (114, 9, 90), (115, 8, 123), (116, 5, 72), (117, 1, 74), (118, 0, 73), (119, 3, 151), (120, 7, 110), (121, 2, 96), (122, 4, 93), (123, 0, 100), (124, 9, 133), (125, 6, 79), (126, 8, 85), (127, 0, 78), (128, 6, 117), (129, 7, 117), (130, 6, 103), (131, 5, 104), (132, 7, 104), (133, 9, 147), (134, 6, 87), (135, 8, 94), (136, 2, 89), (137, 0, 87), (138, 1, 126), (139, 6, 126), (140, 7, 126), (141, 4, 115), (142, 8, 115), (143, 1, 157), (144, 5, 96), (145, 0, 132), (146, 6, 96), (147, 0, 92), (148, 7, 133), (149, 0, 123), (150, 2, 123), (151, 9, 100), (152, 0, 139), (153, 4, 132), (154, 8, 133), (155, 1, 134), (156, 1, 105), (157, 1, 163), (158, 4, 140), (159, 9, 142), (160, 8, 142), (161, 6, 142), (162, 7, 142), (163, 3, 144), (164, 3, 112), (165, 3, 128), (166, 6, 149), (167, 8, 150), (168, 3, 119), (169, 3, 134), (170, 5, 162), (171, 0, 158), (172, 3, 162), (173, 5, 128), (174, 4, 147), (175, 5, 147), (176, 4, 170), (177, 9, 163), (178, 8, 163), (179, 8, 169), (180, 5, 133), (181, 5, 156), (182, 4, 177), (183, 5, 139), (184, 1, 147), (185, 2, 147), (186, 7, 157), (187, 2, 157), (188, 7, 162), (189, 6, 167), (190, 3, 175), (191, 6, 182), (192, 7, 187), (193, 0, 192)];0;337.7145175933838;193;1.6812104831581693;4.560137038545101;4.560137038545101;{'N': 30, 'max_b': 1, 'sum_of_buf': 50, 'obj': 'avg_rm'}
Obj. F. analysis Model With Bounded Number of Buffer Times (S1);BBs1;./Data/PrecedenceGraphs/LOVATO_gr_aircraft1.txt;./Data/Tasks/normal/tasks_normal_194_0.txt;normal;194;10;900;[(0, 3, 0), (1, 0, 1), (2, 3, 1), (3, 1, 1), (4, 7, 1), (5, 5, 1), (6, 3, 19), (7, 3, 8), (8, 8, 1), (9, 4, 1), (10, 2, 18), (11, 2, 1), (12, 0, 6), (13, 1, 92), (14, 6, 6), (15, 9, 6), (16, 2, 10), (17, 4, 10), (18, 7, 15), (19, 9, 23), (20, 9, 12), (21, 2, 32), (22, 5, 10), (23, 7, 10), (24, 9, 38), (25, 3, 28), (26, 6, 16), (27, 6, 30), (28, 2, 26), (29, 1, 12), (30, 5, 19), (31, 8, 18), (32, 5, 80), (33, 6, 24), (34, 0, 31), (35, 8, 38), (36, 7, 48), (37, 8, 25), (38, 4, 19), (39, 5, 33), (40, 5, 25), (41, 6, 36), (42, 7, 36), (43, 0, 17), (44, 6, 43), (45, 0, 25), (46, 5, 88), (47, 9, 32), (48, 4, 44), (49, 8, 69), (50, 1, 31), (51, 1, 43), (52, 5, 43), (53, 1, 22), (54, 1, 51), (55, 7, 43), (56, 3, 37), (57, 5, 48), (58, 9, 60), (59, 4, 50), (60, 8, 50), (61, 7, 27), (62, 2, 61), (63, 3, 48), (64, 5, 57), (65, 8, 44), (66, 0, 67), (67, 1, 60), (68, 0, 57), (69, 9, 55), (70, 4, 32), (71, 6, 68), (72, 8, 59), (73, 6, 55), (74, 2, 55), (75, 8, 116), (76, 5, 73), (77, 4, 74), (78, 7, 78), (79, 7, 60), (80, 1, 68), (81, 2, 42), (82, 1, 82), (83, 2, 69), (84, 8, 80), (85, 6, 80), (86, 1, 126), (87, 7, 66), (88, 0, 49), (89, 3, 92), (90, 9, 94), (91, 3, 74), (92, 2, 74), (93, 0, 119), (94, 9, 72), (95, 4, 80), (96, 5, 67), (97, 4, 57), (98, 0, 108), (99, 9, 87), (100, 0, 92), (101, 3, 84), (102, 6, 128), (103, 6, 90), (104, 7, 90), (105, 0, 100), (106, 1, 74), (107, 3, 63), (108, 4, 63), (109, 1, 119), (110, 5, 101), (111, 5, 93), (112, 1, 138), (113, 6, 111), (114, 1, 112), (115, 4, 118), (116, 8, 94), (117, 0, 82), (118, 7, 73), (119, 4, 136), (120, 9, 126), (121, 6, 106), (122, 4, 101), (123, 6, 119), (124, 4, 127), (125, 4, 111), (126, 1, 102), (127, 9, 78), (128, 6, 143), (129, 7, 136), (130, 3, 111), (131, 5, 111), (132, 8, 111), (133, 6, 138), (134, 7, 118), (135, 7, 127), (136, 8, 87), (137, 2, 87), (138, 6, 152), (139, 7, 144), (140, 8, 150), (141, 8, 156), (142, 5, 121), (143, 8, 143), (144, 0, 143), (145, 2, 148), (146, 8, 100), (147, 2, 92), (148, 1, 161), (149, 5, 129), (150, 2, 129), (151, 2, 100), (152, 4, 167), (153, 5, 138), (154, 2, 139), (155, 1, 144), (156, 9, 105), (157, 4, 176), (158, 9, 146), (159, 4, 157), (160, 7, 150), (161, 9, 154), (162, 5, 157), (163, 1, 154), (164, 9, 112), (165, 2, 112), (166, 2, 162), (167, 9, 166), (168, 3, 119), (169, 2, 118), (170, 2, 172), (171, 3, 172), (172, 9, 173), (173, 3, 128), (174, 8, 126), (175, 0, 128), (176, 3, 180), (177, 8, 177), (178, 1, 177), (179, 2, 181), (180, 9, 133), (181, 0, 137), (182, 9, 185), (183, 3, 139), (184, 5, 147), (185, 4, 147), (186, 2, 157), (187, 3, 157), (188, 6, 162), (189, 7, 167), (190, 6, 175), (191, 7, 182), (192, 6, 187), (193, 3, 192)];0;904.143632888794;193;1.3751088277486838;6.755220583106063;6.755220583106063;{'N': 30, 'max_b': 1, 'sum_of_buf': 50, 'obj': 'avg_exp_ovp'}
Obj. F. analysis Model With Bounded Number of Buffer Times (S2);BBs2;./Data/PrecedenceGraphs/LOVATO_gr_aircraft1.txt;./Data/Tasks/normal/tasks_normal_194_0.txt;normal;194;10;900;[(0, 9, 0), (1, 6, 1), (2, 9, 1), (3, 2, 1), (4, 5, 1), (5, 1, 1), (6, 2, 7), (7, 0, 15), (8, 3, 12), (9, 1, 22), (10, 9, 7), (11, 4, 1), (12, 8, 1), (13, 3, 1), (14, 7, 12), (15, 7, 6), (16, 2, 16), (17, 0, 6), (18, 8, 7), (19, 1, 79), (20, 6, 9), (21, 5, 25), (22, 4, 10), (23, 9, 15), (24, 8, 52), (25, 0, 74), (26, 1, 30), (27, 7, 21), (28, 4, 30), (29, 1, 12), (30, 0, 25), (31, 2, 24), (32, 8, 44), (33, 9, 21), (34, 4, 20), (35, 4, 44), (36, 3, 67), (37, 6, 20), (38, 1, 38), (39, 4, 38), (40, 0, 92), (41, 7, 27), (42, 0, 31), (43, 1, 17), (44, 7, 34), (45, 3, 32), (46, 0, 57), (47, 5, 31), (48, 4, 134), (49, 5, 125), (50, 6, 32), (51, 9, 34), (52, 1, 47), (53, 8, 22), (54, 7, 41), (55, 0, 38), (56, 8, 38), (57, 2, 62), (58, 9, 41), (59, 1, 53), (60, 9, 53), (61, 6, 27), (62, 7, 50), (63, 3, 43), (64, 4, 49), (65, 5, 44), (66, 6, 47), (67, 3, 59), (68, 4, 59), (69, 1, 59), (70, 2, 32), (71, 7, 58), (72, 2, 51), (73, 1, 64), (74, 0, 62), (75, 8, 62), (76, 3, 51), (77, 0, 68), (78, 8, 118), (79, 9, 64), (80, 2, 121), (81, 2, 42), (82, 7, 68), (83, 5, 63), (84, 8, 74), (85, 1, 74), (86, 4, 105), (87, 9, 84), (88, 0, 49), (89, 4, 82), (90, 8, 127), (91, 9, 70), (92, 2, 70), (93, 0, 83), (94, 1, 138), (95, 9, 105), (96, 4, 68), (97, 5, 57), (98, 9, 95), (99, 7, 102), (100, 3, 80), (101, 2, 80), (102, 7, 92), (103, 7, 125), (104, 9, 125), (105, 5, 116), (106, 5, 68), (107, 6, 63), (108, 9, 77), (109, 0, 105), (110, 9, 90), (111, 2, 86), (112, 1, 105), (113, 0, 165), (114, 4, 128), (115, 6, 143), (116, 4, 76), (117, 5, 76), (118, 6, 73), (119, 1, 113), (120, 2, 113), (121, 3, 95), (122, 8, 93), (123, 7, 150), (124, 9, 152), (125, 5, 86), (126, 6, 87), (127, 6, 78), (128, 7, 140), (129, 1, 123), (130, 6, 105), (131, 5, 103), (132, 8, 103), (133, 9, 161), (134, 8, 109), (135, 6, 96), (136, 4, 92), (137, 7, 87), (138, 0, 157), (139, 1, 132), (140, 6, 152), (141, 9, 116), (142, 3, 113), (143, 6, 166), (144, 2, 139), (145, 7, 119), (146, 4, 99), (147, 1, 92), (148, 1, 162), (149, 3, 121), (150, 0, 121), (151, 1, 100), (152, 9, 168), (153, 5, 135), (154, 9, 135), (155, 6, 133), (156, 3, 105), (157, 6, 177), (158, 5, 150), (159, 4, 144), (160, 9, 144), (161, 8, 166), (162, 1, 144), (163, 3, 143), (164, 7, 112), (165, 7, 134), (166, 8, 151), (167, 5, 174), (168, 4, 119), (169, 5, 143), (170, 5, 160), (171, 8, 160), (172, 2, 180), (173, 6, 128), (174, 0, 173), (175, 3, 151), (176, 2, 168), (177, 3, 168), (178, 5, 168), (179, 9, 177), (180, 2, 133), (181, 3, 161), (182, 7, 174), (183, 0, 139), (184, 2, 147), (185, 0, 147), (186, 1, 157), (187, 2, 157), (188, 7, 162), (189, 4, 167), (190, 1, 175), (191, 1, 182), (192, 1, 187), (193, 2, 192)];0;290.4732573032379;193;1.924229443642872;5.719659975630981;5.719659975630981;{'N': 30, 'max_b': 1, 'sum_of_buf': 50, 'obj': 'max_exp_ovp'}
Obj. F. analysis Model With Bounded Number of Buffer Times (additional Obj F 1);BBmR;./Data/PrecedenceGraphs/LOVATO_gr_aircraft1.txt;./Data/Tasks/normal/tasks_normal_194_0.txt;normal;194;10;900;[(0, 1, 0), (1, 7, 1), (2, 9, 1), (3, 8, 1), (4, 6, 1), (5, 3, 1), (6, 5, 1), (7, 2, 1), (8, 0, 11), (9, 9, 7), (10, 1, 15), (11, 0, 1), (12, 1, 1), (13, 4, 1), (14, 8, 7), (15, 7, 6), (16, 1, 7), (17, 5, 9), (18, 6, 7), (19, 6, 100), (20, 3, 9), (21, 4, 11), (22, 2, 11), (23, 8, 98), (24, 9, 26), (25, 1, 67), (26, 4, 17), (27, 5, 17), (28, 8, 17), (29, 7, 12), (30, 9, 15), (31, 5, 22), (32, 8, 22), (33, 3, 19), (34, 2, 19), (35, 7, 17), (36, 1, 29), (37, 9, 21), (38, 2, 54), (39, 9, 57), (40, 4, 62), (41, 7, 22), (42, 1, 22), (43, 6, 17), (44, 0, 21), (45, 2, 29), (46, 8, 30), (47, 3, 25), (48, 8, 36), (49, 9, 91), (50, 4, 26), (51, 5, 29), (52, 0, 29), (53, 6, 22), (54, 7, 29), (55, 3, 32), (56, 4, 31), (57, 9, 36), (58, 5, 36), (59, 0, 35), (60, 2, 35), (61, 6, 27), (62, 7, 37), (63, 3, 37), (64, 4, 38), (65, 1, 39), (66, 5, 42), (67, 8, 49), (68, 6, 42), (69, 0, 41), (70, 6, 32), (71, 2, 44), (72, 7, 44), (73, 3, 44), (74, 9, 44), (75, 4, 47), (76, 1, 46), (77, 5, 50), (78, 6, 51), (79, 0, 46), (80, 4, 85), (81, 8, 42), (82, 3, 54), (83, 7, 54), (84, 5, 56), (85, 4, 57), (86, 1, 52), (87, 0, 52), (88, 9, 49), (89, 3, 65), (90, 7, 66), (91, 7, 59), (92, 6, 60), (93, 5, 63), (94, 5, 92), (95, 0, 58), (96, 1, 60), (97, 8, 57), (98, 3, 75), (99, 1, 76), (100, 8, 71), (101, 6, 70), (102, 7, 74), (103, 4, 107), (104, 4, 69), (105, 0, 68), (106, 8, 63), (107, 2, 63), (108, 9, 64), (109, 2, 86), (110, 8, 78), (111, 0, 77), (112, 0, 84), (113, 1, 83), (114, 4, 79), (115, 6, 77), (116, 5, 72), (117, 9, 72), (118, 2, 73), (119, 0, 98), (120, 2, 93), (121, 8, 84), (122, 7, 84), (123, 1, 100), (124, 8, 89), (125, 2, 78), (126, 9, 82), (127, 5, 78), (128, 3, 101), (129, 2, 101), (130, 0, 90), (131, 7, 94), (132, 6, 95), (133, 5, 98), (134, 3, 86), (135, 4, 91), (136, 6, 87), (137, 5, 87), (138, 5, 109), (139, 0, 109), (140, 6, 109), (141, 1, 106), (142, 7, 104), (143, 5, 103), (144, 4, 100), (145, 8, 103), (146, 3, 95), (147, 1, 92), (148, 8, 115), (149, 9, 112), (150, 2, 112), (151, 9, 100), (152, 0, 121), (153, 9, 121), (154, 5, 122), (155, 6, 122), (156, 9, 105), (157, 3, 130), (158, 9, 129), (159, 7, 131), (160, 5, 131), (161, 0, 131), (162, 8, 131), (163, 6, 132), (164, 7, 112), (165, 3, 112), (166, 5, 138), (167, 9, 139), (168, 7, 119), (169, 1, 118), (170, 7, 147), (171, 3, 147), (172, 0, 146), (173, 1, 128), (174, 2, 125), (175, 4, 125), (176, 7, 156), (177, 0, 153), (178, 9, 153), (179, 3, 153), (180, 1, 133), (181, 4, 134), (182, 6, 160), (183, 2, 139), (184, 5, 147), (185, 4, 147), (186, 5, 157), (187, 1, 157), (188, 2, 163), (189, 1, 167), (190, 4, 175), (191, 0, 182), (192, 4, 187), (193, 3, 192)];0;167.90225768089294;193;3.145209338231985;8.873149613874252;8.873149613874252;{'N': 30, 'max_b': 1, 'sum_of_buf': 50, 'obj': 'max_rm'}
Obj. F. analysis Model With Bounded Number of Buffer Times (additional Obj F 2);BBmS;./Data/PrecedenceGraphs/LOVATO_gr_aircraft1.txt;./Data/Tasks/normal/tasks_normal_194_0.txt;normal;194;10;900;[(0, 4, 0), (1, 2, 1), (2, 2, 33), (3, 8, 1), (4, 4, 1), (5, 5, 1), (6, 6, 1), (7, 3, 1), (8, 0, 11), (9, 6, 30), (10, 3, 17), (11, 9, 1), (12, 1, 1), (13, 0, 1), (14, 2, 6), (15, 7, 6), (16, 8, 7), (17, 4, 7), (18, 3, 42), (19, 2, 57), (20, 5, 9), (21, 3, 11), (22, 9, 10), (23, 3, 109), (24, 0, 32), (25, 9, 29), (26, 7, 15), (27, 2, 15), (28, 1, 30), (29, 6, 12), (30, 4, 15), (31, 8, 15), (32, 8, 53), (33, 5, 19), (34, 1, 19), (35, 3, 24), (36, 7, 23), (37, 9, 19), (38, 0, 52), (39, 5, 68), (40, 6, 83), (41, 2, 20), (42, 4, 21), (43, 6, 17), (44, 6, 22), (45, 5, 56), (46, 4, 61), (47, 5, 25), (48, 2, 39), (49, 1, 136), (50, 9, 24), (51, 4, 28), (52, 2, 28), (53, 0, 22), (54, 4, 35), (55, 1, 35), (56, 8, 29), (57, 0, 61), (58, 1, 41), (59, 9, 38), (60, 8, 35), (61, 0, 27), (62, 4, 43), (63, 6, 41), (64, 0, 42), (65, 5, 35), (66, 1, 48), (67, 5, 47), (68, 4, 50), (69, 9, 43), (70, 3, 32), (71, 7, 59), (72, 7, 49), (73, 6, 48), (74, 8, 48), (75, 3, 52), (76, 5, 41), (77, 8, 61), (78, 6, 63), (79, 9, 48), (80, 3, 73), (81, 7, 42), (82, 7, 69), (83, 5, 63), (84, 2, 67), (85, 1, 122), (86, 1, 55), (87, 9, 54), (88, 2, 49), (89, 7, 79), (90, 0, 79), (91, 4, 68), (92, 8, 68), (93, 2, 73), (94, 6, 117), (95, 3, 62), (96, 2, 106), (97, 6, 57), (98, 7, 90), (99, 0, 93), (100, 3, 79), (101, 8, 78), (102, 1, 87), (103, 6, 73), (104, 2, 82), (105, 5, 74), (106, 4, 76), (107, 1, 63), (108, 0, 69), (109, 7, 100), (110, 3, 86), (111, 8, 85), (112, 6, 112), (113, 1, 98), (114, 2, 100), (115, 5, 82), (116, 0, 86), (117, 4, 85), (118, 9, 73), (119, 8, 128), (120, 7, 108), (121, 6, 92), (122, 8, 92), (123, 2, 113), (124, 5, 91), (125, 3, 93), (126, 4, 105), (127, 1, 78), (128, 6, 139), (129, 7, 115), (130, 6, 97), (131, 8, 102), (132, 5, 102), (133, 0, 100), (134, 3, 100), (135, 4, 114), (136, 2, 92), (137, 9, 87), (138, 8, 153), (139, 5, 123), (140, 7, 133), (141, 3, 114), (142, 1, 113), (143, 5, 107), (144, 4, 123), (145, 0, 123), (146, 1, 106), (147, 9, 92), (148, 0, 140), (149, 6, 123), (150, 3, 122), (151, 4, 100), (152, 5, 150), (153, 8, 138), (154, 3, 132), (155, 4, 132), (156, 6, 105), (157, 0, 166), (158, 8, 146), (159, 7, 141), (160, 3, 141), (161, 9, 141), (162, 5, 141), (163, 4, 170), (164, 9, 112), (165, 5, 113), (166, 0, 149), (167, 4, 163), (168, 8, 119), (169, 2, 119), (170, 0, 158), (171, 3, 158), (172, 4, 177), (173, 7, 128), (174, 2, 126), (175, 1, 127), (176, 1, 167), (177, 8, 163), (178, 3, 163), (179, 5, 169), (180, 6, 133), (181, 7, 146), (182, 0, 176), (183, 2, 139), (184, 4, 147), (185, 2, 147), (186, 4, 157), (187, 1, 157), (188, 5, 163), (189, 9, 167), (190, 9, 175), (191, 9, 182), (192, 3, 187), (193, 2, 192)];0;235.5106246471405;193;1.9169899783079505;5.891407994310912;5.891407994310912;{'N': 30, 'max_b': 1, 'sum_of_buf': 50, 'obj': 'max_max_ovp'}
Sensitivity analysis SAA model (N);STr2;./Data/PrecedenceGraphs/LOVATO_gr_aircraft1.txt;./Data/Tasks/normal/tasks_normal_194_0.txt;normal;194;10;900;[(0, 3, 0), (1, 7, 1), (2, 3, 1), (3, 8, 1), (4, 2, 1), (5, 0, 1), (6, 1, 1), (7, 9, 1), (8, 5, 11), (9, 3, 7), (10, 9, 22), (11, 4, 1), (12, 6, 1), (13, 5, 1), (14, 7, 6), (15, 8, 6), (16, 2, 7), (17, 1, 9), (18, 6, 7), (19, 0, 101), (20, 0, 8), (21, 9, 11), (22, 4, 10), (23, 5, 79), (24, 9, 29), (25, 3, 61), (26, 8, 17), (27, 2, 15), (28, 7, 15), (29, 8, 12), (30, 3, 15), (31, 1, 17), (32, 1, 24), (33, 0, 18), (34, 4, 18), (35, 6, 17), (36, 8, 25), (37, 5, 21), (38, 3, 28), (39, 1, 49), (40, 4, 95), (41, 7, 20), (42, 2, 20), (43, 9, 17), (44, 3, 21), (45, 6, 41), (46, 9, 38), (47, 0, 24), (48, 4, 48), (49, 8, 93), (50, 7, 26), (51, 5, 26), (52, 2, 27), (53, 6, 22), (54, 4, 28), (55, 0, 30), (56, 7, 31), (57, 7, 55), (58, 5, 33), (59, 1, 32), (60, 6, 32), (61, 6, 27), (62, 4, 36), (63, 0, 35), (64, 8, 35), (65, 1, 37), (66, 5, 39), (67, 1, 55), (68, 7, 37), (69, 3, 37), (70, 2, 32), (71, 9, 43), (72, 0, 42), (73, 8, 44), (74, 4, 43), (75, 6, 47), (76, 1, 43), (77, 5, 46), (78, 7, 46), (79, 3, 42), (80, 9, 85), (81, 2, 42), (82, 9, 53), (83, 0, 52), (84, 5, 52), (85, 8, 53), (86, 3, 54), (87, 3, 48), (88, 2, 49), (89, 7, 63), (90, 9, 63), (91, 2, 57), (92, 6, 57), (93, 8, 58), (94, 8, 102), (95, 4, 54), (96, 5, 58), (97, 0, 57), (98, 0, 73), (99, 3, 70), (100, 8, 67), (101, 6, 67), (102, 9, 70), (103, 3, 84), (104, 5, 64), (105, 2, 64), (106, 1, 63), (107, 0, 63), (108, 4, 64), (109, 0, 83), (110, 5, 74), (111, 7, 73), (112, 8, 80), (113, 3, 76), (114, 8, 74), (115, 2, 72), (116, 1, 71), (117, 4, 71), (118, 6, 73), (119, 1, 93), (120, 7, 90), (121, 9, 80), (122, 7, 80), (123, 5, 84), (124, 4, 81), (125, 1, 77), (126, 2, 81), (127, 6, 78), (128, 2, 97), (129, 7, 97), (130, 8, 85), (131, 9, 90), (132, 4, 90), (133, 0, 90), (134, 1, 84), (135, 5, 90), (136, 2, 90), (137, 6, 87), (138, 5, 105), (139, 7, 105), (140, 6, 105), (141, 4, 102), (142, 9, 100), (143, 0, 95), (144, 3, 93), (145, 3, 100), (146, 5, 99), (147, 6, 92), (148, 7, 111), (149, 2, 108), (150, 8, 108), (151, 6, 100), (152, 7, 117), (153, 0, 117), (154, 4, 118), (155, 5, 118), (156, 1, 105), (157, 8, 126), (158, 0, 125), (159, 4, 127), (160, 1, 127), (161, 3, 127), (162, 7, 127), (163, 2, 128), (164, 9, 112), (165, 3, 112), (166, 6, 134), (167, 5, 135), (168, 2, 119), (169, 8, 118), (170, 4, 143), (171, 0, 143), (172, 3, 141), (173, 5, 128), (174, 9, 125), (175, 6, 125), (176, 2, 151), (177, 3, 148), (178, 5, 148), (179, 6, 148), (180, 4, 133), (181, 3, 134), (182, 7, 154), (183, 8, 139), (184, 9, 147), (185, 1, 147), (186, 4, 157), (187, 9, 157), (188, 5, 162), (189, 1, 167), (190, 8, 175), (191, 5, 182), (192, 3, 187), (193, 5, 192)];0;3.224576711654663;193;4.49962974761714;11.098163122309815;11.098163122309815;{'N': 2, 'obj': 'avg_rm'}
Sensitivity analysis SAA model (N);STr10;./Data/PrecedenceGraphs/LOVATO_gr_aircraft1.txt;./Data/Tasks/normal/tasks_normal_194_0.txt;normal;194;10;900;[(0, 7, 0), (1, 5, 1), (2, 8, 1), (3, 4, 1), (4, 0, 1), (5, 2, 1), (6, 6, 1), (7, 3, 1), (8, 9, 11), (9, 8, 7), (10, 5, 17), (11, 7, 1), (12, 1, 1), (13, 9, 1), (14, 4, 6), (15, 5, 6), (16, 1, 7), (17, 6, 9), (18, 0, 7), (19, 0, 56), (20, 2, 8), (21, 3, 11), (22, 7, 10), (23, 9, 83), (24, 2, 29), (25, 2, 93), (26, 0, 17), (27, 1, 15), (28, 8, 15), (29, 5, 12), (30, 4, 15), (31, 3, 17), (32, 5, 24), (33, 2, 18), (34, 7, 18), (35, 2, 24), (36, 0, 25), (37, 9, 21), (38, 3, 54), (39, 7, 28), (40, 5, 61), (41, 8, 20), (42, 1, 20), (43, 6, 17), (44, 4, 21), (45, 5, 41), (46, 7, 34), (47, 3, 24), (48, 7, 39), (49, 3, 84), (50, 9, 26), (51, 8, 26), (52, 1, 27), (53, 6, 22), (54, 4, 28), (55, 3, 30), (56, 9, 31), (57, 2, 47), (58, 8, 33), (59, 1, 32), (60, 5, 32), (61, 6, 27), (62, 4, 36), (63, 3, 35), (64, 0, 35), (65, 9, 37), (66, 8, 39), (67, 2, 55), (68, 2, 38), (69, 1, 37), (70, 6, 32), (71, 9, 43), (72, 1, 42), (73, 7, 45), (74, 0, 44), (75, 4, 49), (76, 4, 43), (77, 8, 46), (78, 5, 47), (79, 3, 42), (80, 1, 101), (81, 6, 42), (82, 9, 53), (83, 1, 52), (84, 8, 52), (85, 5, 56), (86, 0, 49), (87, 3, 48), (88, 6, 49), (89, 9, 63), (90, 7, 64), (91, 1, 57), (92, 8, 58), (93, 4, 59), (94, 1, 86), (95, 7, 54), (96, 0, 80), (97, 6, 57), (98, 9, 73), (99, 2, 70), (100, 4, 68), (101, 5, 68), (102, 8, 68), (103, 7, 96), (104, 0, 65), (105, 1, 64), (106, 3, 63), (107, 6, 63), (108, 2, 63), (109, 8, 83), (110, 0, 75), (111, 5, 74), (112, 8, 78), (113, 2, 76), (114, 4, 75), (115, 1, 72), (116, 3, 71), (117, 7, 71), (118, 6, 73), (119, 3, 93), (120, 8, 90), (121, 1, 81), (122, 7, 81), (123, 0, 94), (124, 5, 81), (125, 3, 77), (126, 4, 81), (127, 6, 78), (128, 4, 99), (129, 8, 97), (130, 0, 86), (131, 1, 91), (132, 7, 91), (133, 5, 90), (134, 2, 84), (135, 4, 90), (136, 9, 88), (137, 6, 87), (138, 7, 105), (139, 8, 105), (140, 3, 105), (141, 2, 102), (142, 5, 101), (143, 5, 95), (144, 9, 101), (145, 0, 100), (146, 9, 95), (147, 6, 92), (148, 3, 111), (149, 1, 109), (150, 9, 109), (151, 6, 100), (152, 7, 117), (153, 0, 118), (154, 5, 119), (155, 4, 119), (156, 6, 105), (157, 1, 126), (158, 7, 126), (159, 5, 128), (160, 9, 128), (161, 6, 128), (162, 0, 128), (163, 4, 129), (164, 6, 112), (165, 2, 112), (166, 2, 135), (167, 5, 136), (168, 6, 119), (169, 2, 118), (170, 5, 144), (171, 4, 144), (172, 6, 142), (173, 3, 128), (174, 8, 125), (175, 2, 125), (176, 2, 152), (177, 6, 149), (178, 7, 149), (179, 4, 149), (180, 3, 133), (181, 6, 134), (182, 1, 155), (183, 8, 139), (184, 3, 147), (185, 0, 147), (186, 9, 157), (187, 3, 157), (188, 5, 162), (189, 3, 167), (190, 1, 175), (191, 2, 182), (192, 0, 187), (193, 2, 192)];0;41.22634029388428;193;3.715247402647536;10.52701490945146;4.898758163008545;{'N': 10, 'obj': 'avg_rm'}
Sensitivity analysis SAA model (N);STr30;./Data/PrecedenceGraphs/LOVATO_gr_aircraft1.txt;./Data/Tasks/normal/tasks_normal_194_0.txt;normal;194;10;900;[(0, 2, 0), (1, 0, 1), (2, 4, 1), (3, 9, 1), (4, 8, 1), (5, 3, 1), (6, 1, 1), (7, 5, 7), (8, 1, 9), (9, 2, 1), (10, 7, 11), (11, 6, 1), (12, 5, 1), (13, 7, 1), (14, 8, 7), (15, 9, 6), (16, 0, 6), (17, 2, 9), (18, 4, 7), (19, 5, 95), (20, 3, 8), (21, 2, 17), (22, 6, 10), (23, 4, 56), (24, 1, 53), (25, 5, 62), (26, 4, 24), (27, 8, 16), (28, 5, 17), (29, 9, 12), (30, 0, 14), (31, 4, 17), (32, 1, 19), (33, 3, 18), (34, 7, 18), (35, 6, 23), (36, 5, 28), (37, 6, 18), (38, 0, 27), (39, 6, 46), (40, 0, 60), (41, 5, 22), (42, 8, 21), (43, 9, 17), (44, 0, 20), (45, 4, 32), (46, 2, 28), (47, 3, 24), (48, 5, 56), (49, 5, 86), (50, 2, 23), (51, 7, 28), (52, 8, 28), (53, 9, 22), (54, 1, 27), (55, 3, 30), (56, 6, 28), (57, 7, 47), (58, 0, 36), (59, 8, 33), (60, 2, 33), (61, 9, 27), (62, 7, 35), (63, 3, 35), (64, 1, 35), (65, 6, 34), (66, 0, 42), (67, 4, 38), (68, 5, 38), (69, 8, 38), (70, 9, 32), (71, 3, 42), (72, 2, 42), (73, 1, 44), (74, 7, 42), (75, 4, 46), (76, 6, 40), (77, 8, 49), (78, 5, 47), (79, 8, 43), (80, 4, 61), (81, 9, 42), (82, 2, 52), (83, 3, 52), (84, 7, 55), (85, 0, 55), (86, 6, 52), (87, 0, 49), (88, 9, 49), (89, 1, 62), (90, 2, 62), (91, 6, 59), (92, 3, 57), (93, 7, 61), (94, 3, 104), (95, 8, 55), (96, 2, 97), (97, 9, 57), (98, 1, 72), (99, 2, 69), (100, 0, 67), (101, 3, 67), (102, 7, 70), (103, 3, 85), (104, 5, 71), (105, 8, 65), (106, 6, 66), (107, 9, 63), (108, 4, 66), (109, 1, 82), (110, 0, 74), (111, 4, 73), (112, 5, 81), (113, 0, 79), (114, 3, 73), (115, 8, 73), (116, 2, 75), (117, 6, 74), (118, 9, 73), (119, 3, 94), (120, 1, 89), (121, 7, 80), (122, 4, 80), (123, 3, 79), (124, 8, 82), (125, 2, 81), (126, 6, 84), (127, 9, 78), (128, 8, 96), (129, 1, 96), (130, 7, 85), (131, 4, 90), (132, 8, 91), (133, 7, 93), (134, 2, 88), (135, 6, 93), (136, 0, 87), (137, 9, 87), (138, 5, 104), (139, 7, 104), (140, 1, 104), (141, 0, 100), (142, 4, 100), (143, 7, 98), (144, 2, 103), (145, 6, 102), (146, 0, 94), (147, 9, 92), (148, 1, 110), (149, 0, 108), (150, 6, 108), (151, 9, 100), (152, 5, 116), (153, 0, 117), (154, 3, 118), (155, 2, 118), (156, 9, 105), (157, 0, 125), (158, 4, 125), (159, 7, 127), (160, 6, 127), (161, 1, 127), (162, 3, 127), (163, 2, 128), (164, 9, 112), (165, 2, 112), (166, 7, 134), (167, 3, 135), (168, 9, 119), (169, 8, 118), (170, 1, 143), (171, 9, 143), (172, 4, 141), (173, 9, 128), (174, 8, 125), (175, 5, 125), (176, 9, 151), (177, 0, 148), (178, 4, 148), (179, 3, 148), (180, 9, 133), (181, 1, 134), (182, 5, 154), (183, 8, 139), (184, 2, 147), (185, 8, 147), (186, 7, 157), (187, 2, 157), (188, 9, 162), (189, 7, 167), (190, 8, 175), (191, 5, 182), (192, 8, 187), (193, 6, 192)];0;241.5885841846466;193;3.449311771816295;9.210782486365739;4.549323257740745;{'N': 30, 'obj': 'avg_rm'}
Sensitivity analysis SAA model (N);STr50;./Data/PrecedenceGraphs/LOVATO_gr_aircraft1.txt;./Data/Tasks/normal/tasks_normal_194_0.txt;normal;194;10;900;[(0, 6, 0), (1, 3, 1), (2, 4, 1), (3, 2, 1), (4, 8, 1), (5, 7, 1), (6, 5, 1), (7, 3, 6), (8, 1, 7), (9, 8, 7), (10, 3, 16), (11, 9, 1), (12, 1, 1), (13, 6, 1), (14, 7, 8), (15, 2, 6), (16, 4, 7), (17, 0, 6), (18, 0, 14), (19, 6, 63), (20, 5, 9), (21, 8, 16), (22, 9, 10), (23, 6, 11), (24, 1, 31), (25, 1, 58), (26, 1, 17), (27, 7, 17), (28, 9, 18), (29, 2, 12), (30, 4, 15), (31, 6, 16), (32, 0, 24), (33, 5, 19), (34, 4, 21), (35, 9, 23), (36, 5, 31), (37, 3, 23), (38, 9, 28), (39, 1, 52), (40, 0, 59), (41, 6, 23), (42, 7, 22), (43, 2, 17), (44, 8, 22), (45, 5, 25), (46, 7, 45), (47, 1, 25), (48, 0, 53), (49, 4, 49), (50, 3, 28), (51, 7, 29), (52, 6, 29), (53, 2, 22), (54, 8, 29), (55, 4, 31), (56, 3, 33), (57, 0, 33), (58, 9, 37), (59, 3, 39), (60, 6, 34), (61, 2, 27), (62, 4, 37), (63, 8, 37), (64, 7, 36), (65, 5, 41), (66, 8, 72), (67, 1, 44), (68, 0, 44), (69, 3, 44), (70, 2, 32), (71, 9, 44), (72, 8, 44), (73, 6, 44), (74, 4, 44), (75, 6, 53), (76, 5, 47), (77, 8, 79), (78, 5, 53), (79, 3, 49), (80, 5, 62), (81, 2, 42), (82, 8, 54), (83, 9, 54), (84, 8, 85), (85, 0, 88), (86, 7, 55), (87, 3, 55), (88, 2, 49), (89, 7, 67), (90, 4, 64), (91, 9, 59), (92, 0, 66), (93, 3, 95), (94, 7, 62), (95, 3, 61), (96, 4, 58), (97, 2, 57), (98, 7, 77), (99, 5, 86), (100, 0, 76), (101, 1, 76), (102, 3, 104), (103, 5, 71), (104, 3, 71), (105, 9, 71), (106, 8, 64), (107, 2, 63), (108, 1, 67), (109, 9, 88), (110, 0, 83), (111, 1, 82), (112, 4, 114), (113, 3, 81), (114, 5, 80), (115, 9, 79), (116, 4, 72), (117, 6, 72), (118, 2, 73), (119, 9, 95), (120, 8, 95), (121, 0, 93), (122, 1, 89), (123, 3, 89), (124, 7, 88), (125, 4, 78), (126, 6, 82), (127, 2, 78), (128, 6, 102), (129, 8, 102), (130, 0, 98), (131, 1, 99), (132, 5, 99), (133, 7, 97), (134, 4, 85), (135, 6, 91), (136, 5, 92), (137, 2, 87), (138, 1, 110), (139, 7, 110), (140, 8, 110), (141, 5, 109), (142, 0, 109), (143, 4, 102), (144, 4, 94), (145, 9, 105), (146, 7, 102), (147, 2, 92), (148, 6, 116), (149, 9, 117), (150, 5, 117), (151, 2, 100), (152, 6, 122), (153, 3, 126), (154, 7, 127), (155, 1, 127), (156, 2, 105), (157, 0, 131), (158, 6, 134), (159, 3, 136), (160, 8, 136), (161, 4, 136), (162, 5, 136), (163, 4, 142), (164, 2, 112), (165, 7, 115), (166, 7, 143), (167, 5, 144), (168, 2, 119), (169, 0, 121), (170, 3, 152), (171, 7, 152), (172, 2, 157), (173, 2, 128), (174, 4, 128), (175, 9, 128), (176, 3, 160), (177, 1, 157), (178, 5, 157), (179, 9, 157), (180, 2, 133), (181, 9, 137), (182, 8, 163), (183, 2, 139), (184, 0, 147), (185, 2, 147), (186, 4, 157), (187, 6, 157), (188, 0, 162), (189, 6, 167), (190, 6, 175), (191, 4, 182), (192, 9, 187), (193, 8, 192)];0;557.6489555835724;193;2.4286775524161452;5.380388782027231;4.54348635756627;{'N': 50, 'obj': 'avg_rm'}
Sensitivity analysis SAA model (N);STr100;./Data/PrecedenceGraphs/LOVATO_gr_aircraft1.txt;./Data/Tasks/normal/tasks_normal_194_0.txt;normal;194;10;900;[(0, 6, 0), (1, 8, 1), (2, 3, 1), (3, 9, 1), (4, 4, 1), (5, 1, 1), (6, 5, 1), (7, 7, 1), (8, 3, 7), (9, 2, 7), (10, 5, 19), (11, 0, 1), (12, 2, 1), (13, 6, 1), (14, 8, 6), (15, 9, 6), (16, 1, 8), (17, 7, 11), (18, 4, 7), (19, 0, 83), (20, 5, 9), (21, 0, 11), (22, 6, 11), (23, 8, 104), (24, 0, 29), (25, 0, 60), (26, 8, 15), (27, 2, 15), (28, 3, 26), (29, 9, 12), (30, 1, 16), (31, 3, 19), (32, 9, 19), (33, 7, 19), (34, 0, 19), (35, 5, 26), (36, 1, 27), (37, 6, 19), (38, 3, 31), (39, 7, 55), (40, 0, 92), (41, 7, 25), (42, 2, 20), (43, 4, 17), (44, 4, 22), (45, 9, 51), (46, 1, 57), (47, 6, 25), (48, 5, 55), (49, 3, 57), (50, 8, 24), (51, 6, 31), (52, 9, 27), (53, 1, 22), (54, 4, 29), (55, 2, 32), (56, 8, 29), (57, 8, 51), (58, 9, 38), (59, 9, 32), (60, 7, 32), (61, 2, 27), (62, 6, 38), (63, 0, 38), (64, 2, 37), (65, 8, 35), (66, 9, 44), (67, 3, 40), (68, 4, 37), (69, 1, 37), (70, 5, 32), (71, 6, 45), (72, 0, 45), (73, 2, 46), (74, 4, 46), (75, 8, 41), (76, 7, 41), (77, 4, 51), (78, 3, 48), (79, 1, 42), (80, 0, 104), (81, 5, 42), (82, 2, 55), (83, 0, 55), (84, 4, 57), (85, 8, 59), (86, 7, 48), (87, 5, 49), (88, 1, 49), (89, 3, 66), (90, 2, 65), (91, 7, 61), (92, 5, 61), (93, 4, 63), (94, 0, 99), (95, 6, 55), (96, 3, 101), (97, 9, 57), (98, 3, 76), (99, 6, 75), (100, 1, 71), (101, 8, 71), (102, 2, 72), (103, 0, 69), (104, 6, 65), (105, 7, 68), (106, 1, 63), (107, 9, 63), (108, 8, 64), (109, 6, 87), (110, 0, 78), (111, 1, 78), (112, 2, 82), (113, 8, 77), (114, 6, 81), (115, 7, 76), (116, 4, 72), (117, 5, 71), (118, 9, 73), (119, 8, 94), (120, 1, 94), (121, 7, 85), (122, 2, 87), (123, 1, 87), (124, 9, 87), (125, 4, 78), (126, 5, 81), (127, 9, 78), (128, 9, 101), (129, 7, 101), (130, 7, 90), (131, 2, 97), (132, 1, 101), (133, 9, 96), (134, 8, 85), (135, 5, 90), (136, 3, 87), (137, 4, 87), (138, 1, 109), (139, 5, 109), (140, 7, 109), (141, 8, 109), (142, 3, 107), (143, 5, 101), (144, 3, 94), (145, 6, 100), (146, 6, 94), (147, 4, 92), (148, 0, 115), (149, 1, 117), (150, 8, 117), (151, 4, 100), (152, 6, 121), (153, 8, 127), (154, 0, 128), (155, 2, 127), (156, 4, 105), (157, 7, 130), (158, 0, 137), (159, 3, 137), (160, 4, 137), (161, 8, 137), (162, 9, 137), (163, 2, 137), (164, 4, 112), (165, 9, 112), (166, 9, 145), (167, 2, 145), (168, 5, 119), (169, 0, 121), (170, 7, 154), (171, 8, 154), (172, 4, 151), (173, 5, 128), (174, 4, 128), (175, 6, 130), (176, 2, 162), (177, 8, 159), (178, 9, 159), (179, 1, 159), (180, 5, 133), (181, 7, 139), (182, 3, 165), (183, 1, 139), (184, 3, 147), (185, 5, 147), (186, 2, 157), (187, 0, 157), (188, 7, 162), (189, 0, 167), (190, 4, 175), (191, 4, 182), (192, 8, 187), (193, 4, 192)];0;928.610404253006;193;4.115191772610513;9.14823709390032;7.410520359958379;{'N': 100, 'obj': 'avg_rm'}
Sensitivity analysis SAA model (N);STr150;./Data/PrecedenceGraphs/LOVATO_gr_aircraft1.txt;./Data/Tasks/normal/tasks_normal_194_0.txt;normal;194;10;900;[(0, 8, 0), (1, 4, 1), (2, 6, 1), (3, 1, 9), (4, 2, 10), (5, 7, 1), (6, 1, 1), (7, 7, 28), (8, 3, 1), (9, 8, 1), (10, 6, 64), (11, 2, 1), (12, 0, 21), (13, 2, 16), (14, 0, 12), (15, 0, 6), (16, 7, 8), (17, 3, 24), (18, 4, 18), (19, 4, 28), (20, 4, 8), (21, 9, 117), (22, 9, 10), (23, 8, 10), (24, 5, 27), (25, 1, 64), (26, 6, 56), (27, 1, 21), (28, 8, 23), (29, 6, 12), (30, 6, 38), (31, 2, 48), (32, 1, 42), (33, 3, 18), (34, 7, 18), (35, 4, 128), (36, 7, 129), (37, 8, 18), (38, 7, 38), (39, 3, 64), (40, 2, 214), (41, 6, 44), (42, 9, 26), (43, 6, 17), (44, 9, 49), (45, 7, 73), (46, 7, 79), (47, 6, 32), (48, 3, 139), (49, 7, 84), (50, 1, 26), (51, 8, 83), (52, 3, 33), (53, 5, 22), (54, 3, 56), (55, 2, 38), (56, 6, 50), (57, 2, 55), (58, 9, 111), (59, 2, 43), (60, 1, 50), (61, 6, 27), (62, 4, 64), (63, 0, 43), (64, 5, 43), (65, 0, 67), (66, 0, 117), (67, 7, 59), (68, 5, 52), (69, 9, 56), (70, 1, 32), (71, 8, 73), (72, 8, 63), (73, 7, 50), (74, 1, 59), (75, 8, 96), (76, 8, 90), (77, 9, 124), (78, 2, 161), (79, 0, 61), (80, 6, 71), (81, 9, 42), (82, 9, 101), (83, 0, 73), (84, 0, 138), (85, 9, 146), (86, 0, 78), (87, 7, 67), (88, 8, 49), (89, 7, 119), (90, 3, 111), (91, 5, 78), (92, 2, 78), (93, 0, 144), (94, 5, 94), (95, 2, 88), (96, 3, 70), (97, 8, 57), (98, 3, 129), (99, 2, 199), (100, 9, 94), (101, 9, 88), (102, 6, 172), (103, 2, 205), (104, 5, 148), (105, 4, 98), (106, 9, 63), (107, 2, 63), (108, 9, 139), (109, 7, 139), (110, 2, 101), (111, 0, 94), (112, 9, 182), (113, 8, 106), (114, 0, 177), (115, 2, 121), (116, 9, 81), (117, 9, 71), (118, 5, 73), (119, 1, 149), (120, 2, 146), (121, 0, 112), (122, 5, 101), (123, 6, 183), (124, 1, 130), (125, 6, 87), (126, 5, 85), (127, 3, 78), (128, 5, 196), (129, 3, 157), (130, 5, 117), (131, 2, 111), (132, 1, 111), (133, 8, 139), (134, 9, 130), (135, 2, 136), (136, 7, 96), (137, 0, 87), (138, 8, 171), (139, 3, 198), (140, 8, 165), (141, 9, 151), (142, 3, 121), (143, 7, 146), (144, 9, 187), (145, 3, 203), (146, 0, 190), (147, 3, 92), (148, 0, 171), (149, 0, 129), (150, 5, 129), (151, 3, 100), (152, 4, 177), (153, 6, 157), (154, 5, 139), (155, 1, 139), (156, 0, 105), (157, 7, 186), (158, 9, 165), (159, 0, 162), (160, 4, 148), (161, 3, 184), (162, 2, 153), (163, 9, 172), (164, 7, 112), (165, 2, 130), (166, 3, 175), (167, 5, 190), (168, 4, 119), (169, 6, 165), (170, 3, 190), (171, 2, 184), (172, 4, 196), (173, 8, 128), (174, 2, 172), (175, 1, 172), (176, 7, 198), (177, 2, 189), (178, 8, 189), (179, 4, 201), (180, 4, 133), (181, 5, 183), (182, 9, 195), (183, 6, 139), (184, 6, 147), (185, 3, 147), (186, 0, 157), (187, 3, 165), (188, 5, 162), (189, 5, 175), (190, 0, 183), (191, 8, 195), (192, 3, 209), (193, 2, 221)];0.130631;952.3175165653229;222;4.144562724688586;8.8862564726453;7.647392170063585;{'N': 150, 'obj': 'avg_rm'}
Sensitivity analysis Model With Bounded Number of Buffer Times (|b_j|);BBr1;./Data/PrecedenceGraphs/LOVATO_gr_aircraft1.txt;./Data/Tasks/normal/tasks_normal_194_0.txt;normal;194;10;900;[(0, 6, 0), (1, 5, 1), (2, 6, 1), (3, 3, 1), (4, 9, 1), (5, 1, 1), (6, 0, 1), (7, 0, 23), (8, 5, 12), (9, 5, 22), (10, 3, 6), (11, 7, 1), (12, 4, 1), (13, 2, 1), (14, 8, 6), (15, 5, 6), (16, 4, 8), (17, 7, 32), (18, 9, 8), (19, 1, 8), (20, 6, 8), (21, 3, 49), (22, 7, 17), (23, 7, 11), (24, 4, 16), (25, 1, 38), (26, 4, 26), (27, 9, 19), (28, 0, 17), (29, 0, 12), (30, 3, 16), (31, 3, 41), (32, 5, 41), (33, 7, 25), (34, 3, 22), (35, 2, 56), (36, 4, 73), (37, 6, 25), (38, 5, 31), (39, 2, 35), (40, 6, 36), (41, 1, 24), (42, 9, 24), (43, 2, 17), (44, 2, 22), (45, 4, 67), (46, 0, 50), (47, 0, 34), (48, 1, 70), (49, 8, 32), (50, 6, 31), (51, 1, 31), (52, 9, 42), (53, 8, 22), (54, 3, 32), (55, 7, 49), (56, 4, 36), (57, 8, 41), (58, 8, 63), (59, 0, 55), (60, 9, 47), (61, 8, 27), (62, 2, 41), (63, 6, 54), (64, 6, 76), (65, 7, 42), (66, 7, 78), (67, 1, 61), (68, 6, 61), (69, 0, 61), (70, 9, 32), (71, 1, 48), (72, 2, 62), (73, 9, 61), (74, 3, 61), (75, 4, 57), (76, 5, 50), (77, 6, 85), (78, 9, 85), (79, 6, 70), (80, 0, 101), (81, 0, 42), (82, 3, 66), (83, 7, 73), (84, 6, 91), (85, 8, 128), (86, 5, 100), (87, 3, 76), (88, 4, 49), (89, 0, 76), (90, 9, 103), (91, 9, 78), (92, 2, 78), (93, 8, 119), (94, 4, 116), (95, 3, 82), (96, 8, 57), (97, 7, 57), (98, 7, 87), (99, 0, 88), (100, 0, 94), (101, 4, 88), (102, 4, 159), (103, 9, 94), (104, 3, 92), (105, 1, 92), (106, 8, 69), (107, 5, 63), (108, 7, 63), (109, 0, 106), (110, 4, 103), (111, 4, 95), (112, 6, 176), (113, 4, 108), (114, 8, 100), (115, 3, 102), (116, 1, 77), (117, 8, 77), (118, 9, 73), (119, 2, 123), (120, 1, 113), (121, 1, 108), (122, 2, 103), (123, 6, 113), (124, 3, 111), (125, 6, 97), (126, 8, 87), (127, 5, 78), (128, 3, 120), (129, 5, 123), (130, 0, 113), (131, 2, 113), (132, 9, 113), (133, 6, 120), (134, 5, 107), (135, 6, 104), (136, 2, 88), (137, 5, 87), (138, 4, 131), (139, 7, 133), (140, 1, 131), (141, 4, 123), (142, 1, 123), (143, 2, 133), (144, 5, 116), (145, 0, 152), (146, 1, 100), (147, 5, 92), (148, 2, 139), (149, 0, 131), (150, 6, 131), (151, 7, 100), (152, 6, 167), (153, 1, 144), (154, 0, 142), (155, 3, 142), (156, 7, 105), (157, 0, 176), (158, 7, 153), (159, 2, 162), (160, 3, 152), (161, 4, 152), (162, 8, 157), (163, 5, 153), (164, 8, 112), (165, 9, 118), (166, 3, 159), (167, 8, 165), (168, 7, 119), (169, 9, 124), (170, 9, 169), (171, 5, 169), (172, 1, 172), (173, 7, 128), (174, 1, 137), (175, 6, 142), (176, 8, 178), (177, 3, 175), (178, 4, 175), (179, 5, 175), (180, 3, 133), (181, 0, 158), (182, 9, 182), (183, 5, 139), (184, 8, 147), (185, 9, 147), (186, 2, 157), (187, 6, 157), (188, 9, 162), (189, 7, 167), (190, 2, 175), (191, 1, 182), (192, 0, 187), (193, 0, 192)];0;288.37999844551086;193;1.72756342040407;5.782362309764173;5.782362309764173;{'N': 30, 'max_b': 1, 'sum_of_buf': 50, 'obj': 'avg_rm'}
Sensitivity analysis Model With Bounded Number of Buffer Times (|b_j|);BBr2;./Data/PrecedenceGraphs/LOVATO_gr_aircraft1.txt;./Data/Tasks/normal/tasks_normal_194_0.txt;normal;194;10;900;[(0, 0, 0), (1, 3, 1), (2, 8, 1), (3, 3, 6), (4, 0, 1), (5, 9, 1), (6, 6, 1), (7, 7, 1), (8, 9, 8), (9, 6, 11), (10, 1, 1), (11, 5, 1), (12, 5, 10), (13, 2, 1), (14, 7, 11), (15, 4, 6), (16, 2, 11), (17, 8, 7), (18, 0, 7), (19, 2, 29), (20, 1, 8), (21, 1, 18), (22, 4, 12), (23, 9, 18), (24, 6, 20), (25, 1, 101), (26, 4, 25), (27, 4, 20), (28, 7, 20), (29, 3, 12), (30, 1, 24), (31, 0, 17), (32, 8, 44), (33, 5, 18), (34, 2, 19), (35, 5, 24), (36, 3, 101), (37, 8, 20), (38, 2, 78), (39, 4, 39), (40, 7, 33), (41, 3, 27), (42, 8, 25), (43, 3, 17), (44, 9, 30), (45, 6, 42), (46, 0, 63), (47, 9, 24), (48, 0, 29), (49, 5, 29), (50, 2, 38), (51, 3, 33), (52, 4, 33), (53, 3, 22), (54, 6, 48), (55, 8, 32), (56, 5, 45), (57, 9, 53), (58, 6, 56), (59, 9, 39), (60, 0, 39), (61, 7, 27), (62, 2, 56), (63, 8, 37), (64, 7, 40), (65, 5, 51), (66, 5, 63), (67, 9, 45), (68, 7, 49), (69, 2, 45), (70, 6, 32), (71, 7, 67), (72, 0, 48), (73, 8, 52), (74, 3, 44), (75, 8, 61), (76, 1, 57), (77, 5, 70), (78, 7, 58), (79, 2, 50), (80, 2, 63), (81, 1, 42), (82, 8, 81), (83, 0, 58), (84, 9, 83), (85, 1, 78), (86, 0, 69), (87, 4, 56), (88, 1, 49), (89, 1, 91), (90, 9, 98), (91, 1, 63), (92, 4, 63), (93, 9, 89), (94, 7, 98), (95, 6, 62), (96, 5, 57), (97, 3, 57), (98, 5, 103), (99, 8, 73), (100, 3, 82), (101, 4, 73), (102, 9, 107), (103, 0, 76), (104, 3, 72), (105, 9, 73), (106, 2, 68), (107, 9, 63), (108, 3, 63), (109, 8, 114), (110, 3, 89), (111, 4, 81), (112, 2, 154), (113, 1, 83), (114, 7, 156), (115, 5, 113), (116, 5, 78), (117, 7, 79), (118, 1, 73), (119, 5, 137), (120, 8, 122), (121, 3, 96), (122, 4, 88), (123, 8, 162), (124, 0, 123), (125, 5, 84), (126, 7, 89), (127, 6, 78), (128, 4, 129), (129, 7, 132), (130, 7, 141), (131, 4, 98), (132, 5, 98), (133, 0, 132), (134, 8, 105), (135, 9, 147), (136, 5, 91), (137, 0, 87), (138, 2, 146), (139, 8, 147), (140, 3, 141), (141, 9, 167), (142, 7, 109), (143, 4, 138), (144, 0, 114), (145, 1, 157), (146, 6, 98), (147, 0, 92), (148, 4, 153), (149, 9, 117), (150, 2, 118), (151, 8, 100), (152, 0, 162), (153, 6, 128), (154, 5, 128), (155, 2, 128), (156, 0, 105), (157, 8, 171), (158, 1, 136), (159, 0, 137), (160, 6, 137), (161, 7, 150), (162, 9, 137), (163, 2, 138), (164, 6, 112), (165, 2, 112), (166, 4, 144), (167, 6, 156), (168, 6, 119), (169, 3, 118), (170, 3, 153), (171, 0, 157), (172, 1, 163), (173, 3, 128), (174, 7, 125), (175, 1, 125), (176, 4, 161), (177, 0, 171), (178, 5, 162), (179, 6, 162), (180, 8, 133), (181, 3, 134), (182, 8, 180), (183, 8, 139), (184, 1, 147), (185, 0, 147), (186, 8, 157), (187, 9, 157), (188, 3, 162), (189, 7, 167), (190, 7, 175), (191, 7, 182), (192, 5, 187), (193, 7, 192)];0;280.86630964279175;193;2.379252117426368;6.038405816071616;5.971160876230375;{'N': 30, 'max_b': 2, 'sum_of_buf': 50, 'obj': 'avg_rm'}
Sensitivity analysis Model With Bounded Number of Buffer Times (|b_j|);BBr3;./Data/PrecedenceGraphs/LOVATO_gr_aircraft1.txt;./Data/Tasks/normal/tasks_normal_194_0.txt;normal;194;10;900;[(0, 1, 0), (1, 9, 1), (2, 5, 1), (3, 2, 1), (4, 0, 1), (5, 4, 1), (6, 1, 1), (7, 6, 1), (8, 1, 12), (9, 0, 7), (10, 9, 25), (11, 3, 1), (12, 8, 1), (13, 7, 1), (14, 2, 6), (15, 9, 6), (16, 8, 7), (17, 6, 11), (18, 5, 7), (19, 0, 70), (20, 4, 8), (21, 7, 14), (22, 3, 10), (23, 1, 100), (24, 3, 37), (25, 4, 100), (26, 0, 27), (27, 2, 16), (28, 9, 17), (29, 9, 12), (30, 8, 15), (31, 6, 22), (32, 5, 29), (33, 4, 18), (34, 5, 19), (35, 0, 22), (36, 3, 54), (37, 3, 20), (38, 4, 58), (39, 6, 52), (40, 5, 85), (41, 1, 22), (42, 2, 21), (43, 0, 17), (44, 8, 24), (45, 3, 31), (46, 5, 37), (47, 4, 27), (48, 1, 44), (49, 0, 85), (50, 3, 25), (51, 2, 28), (52, 1, 28), (53, 7, 22), (54, 8, 33), (55, 4, 33), (56, 6, 31), (57, 0, 35), (58, 2, 35), (59, 9, 34), (60, 1, 34), (61, 7, 27), (62, 2, 41), (63, 4, 41), (64, 8, 41), (65, 6, 40), (66, 5, 42), (67, 0, 62), (68, 0, 43), (69, 9, 40), (70, 7, 32), (71, 2, 48), (72, 4, 48), (73, 1, 50), (74, 3, 49), (75, 1, 59), (76, 6, 46), (77, 9, 51), (78, 0, 53), (79, 9, 45), (80, 1, 105), (81, 7, 42), (82, 6, 58), (83, 2, 58), (84, 8, 57), (85, 5, 58), (86, 5, 51), (87, 8, 51), (88, 7, 49), (89, 6, 68), (90, 2, 70), (91, 2, 63), (92, 5, 63), (93, 3, 64), (94, 8, 105), (95, 9, 57), (96, 2, 109), (97, 7, 57), (98, 6, 78), (99, 0, 79), (100, 5, 73), (101, 3, 73), (102, 2, 77), (103, 2, 100), (104, 4, 67), (105, 9, 67), (106, 8, 63), (107, 7, 63), (108, 1, 69), (109, 6, 88), (110, 5, 80), (111, 3, 79), (112, 5, 92), (113, 4, 83), (114, 4, 77), (115, 9, 75), (116, 1, 76), (117, 8, 71), (118, 7, 73), (119, 9, 98), (120, 6, 95), (121, 1, 89), (122, 3, 86), (123, 1, 94), (124, 9, 84), (125, 1, 82), (126, 8, 81), (127, 7, 78), (128, 6, 102), (129, 0, 102), (130, 0, 94), (131, 5, 97), (132, 3, 96), (133, 9, 93), (134, 8, 90), (135, 4, 91), (136, 2, 87), (137, 7, 87), (138, 1, 110), (139, 4, 110), (140, 8, 110), (141, 9, 108), (142, 5, 107), (143, 8, 99), (144, 3, 101), (145, 3, 108), (146, 2, 94), (147, 7, 92), (148, 9, 116), (149, 4, 115), (150, 2, 115), (151, 7, 100), (152, 0, 122), (153, 6, 124), (154, 3, 125), (155, 8, 125), (156, 7, 105), (157, 0, 131), (158, 6, 132), (159, 9, 134), (160, 4, 134), (161, 2, 134), (162, 5, 134), (163, 8, 135), (164, 7, 112), (165, 6, 112), (166, 3, 141), (167, 0, 142), (168, 7, 119), (169, 1, 118), (170, 0, 150), (171, 2, 150), (172, 8, 148), (173, 9, 128), (174, 1, 125), (175, 5, 125), (176, 1, 158), (177, 8, 155), (178, 9, 155), (179, 4, 155), (180, 7, 133), (181, 1, 134), (182, 2, 161), (183, 7, 139), (184, 7, 147), (185, 1, 147), (186, 3, 157), (187, 6, 157), (188, 3, 162), (189, 5, 167), (190, 8, 175), (191, 7, 182), (192, 9, 187), (193, 7, 192)];0;262.21892046928406;193;2.3788592375113304;7.771439672679386;4.894026141801106;{'N': 30, 'max_b': 3, 'sum_of_buf': 50, 'obj': 'avg_rm'}
Sensitivity analysis Model With Bounded Number of Buffer Times (|b_j|);BBr4;./Data/PrecedenceGraphs/LOVATO_gr_aircraft1.txt;./Data/Tasks/normal/tasks_normal_194_0.txt;normal;194;10;900;[(0, 0, 0), (1, 0, 1), (2, 8, 1), (3, 9, 1), (4, 5, 1), (5, 6, 1), (6, 4, 1), (7, 3, 1), (8, 0, 12), (9, 2, 14), (10, 9, 23), (11, 2, 1), (12, 1, 1), (13, 7, 1), (14, 9, 10), (15, 0, 6), (16, 3, 15), (17, 4, 13), (18, 7, 15), (19, 8, 94), (20, 1, 12), (21, 6, 15), (22, 8, 14), (23, 3, 108), (24, 3, 36), (25, 0, 67), (26, 5, 23), (27, 0, 23), (28, 6, 23), (29, 5, 12), (30, 1, 26), (31, 2, 23), (32, 0, 28), (33, 7, 26), (34, 3, 26), (35, 6, 28), (36, 8, 31), (37, 8, 26), (38, 6, 33), (39, 4, 39), (40, 3, 101), (41, 2, 30), (42, 9, 30), (43, 5, 17), (44, 4, 32), (45, 3, 45), (46, 2, 56), (47, 1, 32), (48, 4, 45), (49, 2, 67), (50, 5, 31), (51, 0, 36), (52, 9, 37), (53, 4, 22), (54, 8, 41), (55, 1, 38), (56, 2, 36), (57, 5, 36), (58, 6, 43), (59, 1, 43), (60, 2, 42), (61, 4, 27), (62, 1, 49), (63, 0, 43), (64, 9, 43), (65, 5, 44), (66, 6, 49), (67, 3, 57), (68, 5, 50), (69, 8, 49), (70, 7, 32), (71, 1, 56), (72, 4, 51), (73, 9, 52), (74, 2, 51), (75, 0, 50), (76, 3, 51), (77, 6, 56), (78, 5, 59), (79, 8, 54), (80, 5, 111), (81, 7, 42), (82, 3, 66), (83, 8, 61), (84, 9, 62), (85, 0, 62), (86, 6, 62), (87, 2, 61), (88, 7, 49), (89, 3, 76), (90, 0, 76), (91, 1, 66), (92, 8, 66), (93, 6, 69), (94, 3, 113), (95, 9, 68), (96, 1, 108), (97, 7, 57), (98, 5, 86), (99, 9, 96), (100, 6, 78), (101, 9, 78), (102, 8, 78), (103, 4, 99), (104, 1, 79), (105, 5, 78), (106, 4, 63), (107, 7, 63), (108, 5, 68), (109, 1, 96), (110, 3, 86), (111, 9, 84), (112, 0, 95), (113, 2, 86), (114, 8, 88), (115, 6, 86), (116, 1, 73), (117, 4, 71), (118, 7, 73), (119, 0, 103), (120, 8, 103), (121, 9, 91), (122, 3, 91), (123, 6, 109), (124, 6, 95), (125, 2, 79), (126, 4, 81), (127, 7, 78), (128, 9, 110), (129, 4, 110), (130, 5, 96), (131, 2, 102), (132, 1, 103), (133, 6, 104), (134, 0, 86), (135, 4, 90), (136, 1, 89), (137, 7, 87), (138, 3, 118), (139, 5, 118), (140, 2, 120), (141, 1, 114), (142, 2, 112), (143, 8, 110), (144, 5, 104), (145, 9, 102), (146, 2, 96), (147, 7, 92), (148, 4, 126), (149, 7, 120), (150, 6, 121), (151, 7, 100), (152, 6, 132), (153, 7, 129), (154, 4, 132), (155, 9, 133), (156, 7, 105), (157, 3, 141), (158, 6, 141), (159, 1, 141), (160, 7, 141), (161, 0, 141), (162, 5, 141), (163, 1, 146), (164, 7, 112), (165, 6, 115), (166, 5, 149), (167, 9, 149), (168, 0, 119), (169, 8, 121), (170, 8, 158), (171, 9, 158), (172, 6, 155), (173, 9, 128), (174, 0, 128), (175, 1, 128), (176, 6, 167), (177, 8, 166), (178, 0, 167), (179, 4, 163), (180, 2, 133), (181, 4, 141), (182, 2, 173), (183, 2, 139), (184, 8, 147), (185, 2, 147), (186, 2, 157), (187, 0, 157), (188, 6, 162), (189, 7, 167), (190, 7, 175), (191, 1, 182), (192, 0, 187), (193, 7, 192)];0;267.61210322380066;193;3.0543012249091412;8.500831250604302;5.009052996900359;{'N': 30, 'max_b': 4, 'sum_of_buf': 50, 'obj': 'avg_rm'}
Sensitivity analysis Model With Bounded Number of Buffer Times (|b_j|);BBr5;./Data/PrecedenceGraphs/LOVATO_gr_aircraft1.txt;./Data/Tasks/normal/tasks_normal_194_0.txt;normal;194;10;900;[(0, 5, 0), (1, 9, 1), (2, 3, 1), (3, 6, 1), (4, 0, 1), (5, 5, 1), (6, 4, 1), (7, 2, 1), (8, 8, 12), (9, 4, 14), (10, 7, 24), (11, 1, 1), (12, 8, 1), (13, 7, 1), (14, 9, 17), (15, 9, 6), (16, 2, 16), (17, 0, 12), (18, 5, 13), (19, 8, 71), (20, 6, 13), (21, 3, 16), (22, 7, 16), (23, 2, 108), (24, 2, 35), (25, 3, 57), (26, 9, 31), (27, 9, 26), (28, 2, 30), (29, 9, 12), (30, 2, 24), (31, 0, 20), (32, 4, 22), (33, 8, 29), (34, 6, 28), (35, 5, 33), (36, 3, 22), (37, 8, 24), (38, 5, 24), (39, 1, 39), (40, 5, 75), (41, 7, 31), (42, 1, 32), (43, 1, 17), (44, 3, 32), (45, 5, 45), (46, 0, 60), (47, 8, 35), (48, 7, 38), (49, 6, 61), (50, 0, 29), (51, 5, 38), (52, 6, 39), (53, 1, 22), (54, 0, 40), (55, 8, 41), (56, 0, 34), (57, 9, 39), (58, 3, 46), (59, 8, 46), (60, 9, 47), (61, 1, 27), (62, 0, 48), (63, 2, 46), (64, 7, 46), (65, 3, 40), (66, 5, 52), (67, 1, 56), (68, 6, 52), (69, 3, 52), (70, 4, 32), (71, 7, 55), (72, 2, 53), (73, 8, 53), (74, 0, 55), (75, 1, 46), (76, 6, 46), (77, 5, 59), (78, 8, 62), (79, 9, 57), (80, 8, 106), (81, 4, 42), (82, 5, 65), (83, 1, 64), (84, 7, 65), (85, 3, 66), (86, 7, 71), (87, 2, 63), (88, 4, 49), (89, 7, 78), (90, 2, 76), (91, 2, 69), (92, 1, 69), (93, 9, 71), (94, 1, 107), (95, 3, 71), (96, 5, 105), (97, 4, 57), (98, 5, 88), (99, 5, 82), (100, 8, 80), (101, 1, 79), (102, 9, 80), (103, 8, 97), (104, 0, 82), (105, 6, 84), (106, 9, 63), (107, 4, 63), (108, 0, 65), (109, 5, 98), (110, 8, 87), (111, 1, 85), (112, 7, 95), (113, 9, 92), (114, 0, 92), (115, 6, 92), (116, 6, 71), (117, 0, 72), (118, 4, 73), (119, 9, 108), (120, 6, 107), (121, 8, 92), (122, 3, 93), (123, 6, 101), (124, 7, 101), (125, 6, 77), (126, 2, 83), (127, 4, 78), (128, 3, 114), (129, 5, 114), (130, 0, 98), (131, 3, 103), (132, 9, 103), (133, 0, 110), (134, 3, 84), (135, 1, 92), (136, 7, 88), (137, 4, 87), (138, 3, 123), (139, 7, 122), (140, 0, 126), (141, 1, 113), (142, 7, 113), (143, 8, 115), (144, 2, 101), (145, 1, 101), (146, 2, 95), (147, 4, 92), (148, 8, 135), (149, 6, 121), (150, 2, 121), (151, 4, 100), (152, 2, 141), (153, 1, 130), (154, 7, 131), (155, 9, 133), (156, 4, 105), (157, 1, 150), (158, 0, 138), (159, 3, 140), (160, 1, 140), (161, 4, 141), (162, 9, 143), (163, 3, 145), (164, 4, 112), (165, 2, 113), (166, 8, 147), (167, 9, 151), (168, 4, 119), (169, 0, 119), (170, 8, 156), (171, 5, 157), (172, 1, 159), (173, 4, 128), (174, 9, 126), (175, 8, 126), (176, 2, 164), (177, 9, 162), (178, 8, 164), (179, 0, 162), (180, 5, 133), (181, 4, 135), (182, 9, 172), (183, 5, 139), (184, 5, 147), (185, 6, 147), (186, 2, 157), (187, 6, 157), (188, 4, 162), (189, 7, 167), (190, 7, 175), (191, 5, 182), (192, 7, 187), (193, 1, 192)];0;225.33485054969788;193;3.19034934007786;7.0619145947619995;4.430620349132697;{'N': 30, 'max_b': 5, 'sum_of_buf': 50, 'obj': 'avg_rm'}
deterministic baseline model;DET;./Data/PrecedenceGraphs/LOVATO_gr_aircraft1.txt;./Data/Tasks/exponential/tasks_exponential_194_0.txt;exponential;194;10;900;[(0, 0, 0), (1, 4, 1), (2, 3, 6), (3, 4, 12), (4, 9, 1), (5, 3, 19), (6, 3, 11), (7, 3, 1), (8, 0, 1), (9, 6, 1), (10, 5, 1), (11, 4, 21), (12, 2, 1), (13, 2, 22), (14, 6, 9), (15, 7, 6), (16, 3, 38), (17, 4, 6), (18, 2, 11), (19, 0, 21), (20, 3, 28), (21, 3, 48), (22, 3, 70), (23, 6, 31), (24, 6, 19), (25, 3, 136), (26, 3, 79), (27, 4, 31), (28, 3, 129), (29, 7, 16), (30, 0, 48), (31, 9, 12), (32, 1, 12), (33, 3, 63), (34, 5, 38), (35, 5, 58), (36, 7, 69), (37, 7, 79), (38, 6, 79), (39, 8, 114), (40, 1, 103), (41, 5, 45), (42, 8, 39), (43, 9, 25), (44, 3, 58), (45, 2, 17), (46, 8, 22), (47, 6, 70), (48, 5, 64), (49, 5, 85), (50, 8, 98), (51, 2, 52), (52, 9, 47), (53, 8, 30), (54, 7, 63), (55, 4, 75), (56, 2, 122), (57, 4, 108), (58, 2, 79), (59, 9, 56), (60, 5, 95), (61, 1, 36), (62, 4, 96), (63, 3, 84), (64, 1, 84), (65, 0, 127), (66, 4, 154), (67, 2, 70), (68, 8, 62), (69, 2, 62), (70, 6, 46), (71, 6, 108), (72, 7, 91), (73, 8, 91), (74, 3, 91), (75, 5, 133), (76, 9, 133), (77, 6, 162), (78, 1, 109), (79, 5, 75), (80, 8, 123), (81, 1, 53), (82, 0, 118), (83, 6, 100), (84, 0, 171), (85, 1, 171), (86, 8, 83), (87, 6, 84), (88, 0, 60), (89, 3, 143), (90, 9, 140), (91, 8, 108), (92, 2, 108), (93, 7, 179), (94, 2, 93), (95, 0, 102), (96, 1, 77), (97, 0, 67), (98, 7, 152), (99, 4, 114), (100, 2, 114), (101, 3, 114), (102, 9, 185), (103, 1, 136), (104, 2, 127), (105, 5, 107), (106, 1, 72), (107, 8, 72), (108, 0, 139), (109, 8, 158), (110, 4, 122), (111, 1, 120), (112, 9, 191), (113, 2, 133), (114, 1, 130), (115, 7, 112), (116, 3, 97), (117, 4, 84), (118, 0, 82), (119, 7, 163), (120, 9, 163), (121, 7, 130), (122, 6, 130), (123, 2, 174), (124, 4, 127), (125, 7, 103), (126, 4, 90), (127, 0, 87), (128, 1, 187), (129, 8, 173), (130, 6, 142), (131, 4, 137), (132, 6, 137), (133, 2, 149), (134, 3, 120), (135, 1, 96), (136, 7, 140), (137, 9, 96), (138, 0, 180), (139, 4, 180), (140, 6, 180), (141, 4, 143), (142, 2, 143), (143, 6, 156), (144, 0, 133), (145, 3, 103), (146, 9, 148), (147, 9, 102), (148, 5, 187), (149, 8, 149), (150, 5, 152), (151, 9, 111), (152, 3, 197), (153, 1, 155), (154, 4, 162), (155, 5, 162), (156, 6, 118), (157, 4, 207), (158, 2, 161), (159, 4, 169), (160, 6, 171), (161, 7, 173), (162, 2, 184), (163, 5, 197), (164, 9, 125), (165, 4, 148), (166, 5, 182), (167, 6, 192), (168, 8, 132), (169, 2, 167), (170, 7, 190), (171, 4, 187), (172, 9, 199), (173, 5, 142), (174, 1, 177), (175, 5, 174), (176, 2, 197), (177, 0, 196), (178, 7, 197), (179, 7, 203), (180, 0, 152), (181, 8, 182), (182, 8, 203), (183, 0, 159), (184, 7, 168), (185, 3, 167), (186, 3, 173), (187, 9, 173), (188, 7, 185), (189, 3, 183), (190, 8, 192), (191, 1, 201), (192, 9, 207), (193, 0, 217)];0;0.6528983116149902;218;3.803764850059782;12.71609814337666;12.4486801571055;{}
Sensitivity analysis buffer time model (param q);BT10;./Data/PrecedenceGraphs/LOVATO_gr_aircraft1.txt;./Data/Tasks/exponential/tasks_exponential_194_0.txt;exponential;194;10;900;[(0, 7, 0), (1, 7, 1), (2, 0, 1), (3, 0, 14), (4, 4, 1), (5, 5, 1), (6, 2, 1), (7, 6, 1), (8, 1, 1), (9, 7, 7), (10, 3, 1), (11, 2, 10), (12, 0, 7), (13, 6, 8), (14, 1, 16), (15, 9, 7), (16, 8, 7), (17, 1, 8), (18, 6, 16), (19, 2, 31), (20, 7, 23), (21, 3, 8), (22, 8, 22), (23, 2, 22), (24, 8, 39), (25, 2, 49), (26, 3, 29), (27, 9, 37), (28, 9, 29), (29, 9, 18), (30, 2, 42), (31, 7, 17), (32, 5, 16), (33, 7, 34), (34, 9, 52), (35, 8, 32), (36, 6, 25), (37, 5, 32), (38, 4, 32), (39, 4, 55), (40, 0, 35), (41, 6, 46), (42, 0, 46), (43, 1, 29), (44, 4, 49), (45, 4, 23), (46, 9, 46), (47, 4, 65), (48, 4, 39), (49, 4, 71), (50, 7, 42), (51, 0, 70), (52, 7, 55), (53, 6, 37), (54, 6, 55), (55, 5, 71), (56, 1, 53), (57, 7, 65), (58, 9, 81), (59, 2, 65), (60, 4, 82), (61, 3, 44), (62, 0, 62), (63, 7, 83), (64, 7, 91), (65, 9, 60), (66, 8, 92), (67, 0, 81), (68, 6, 72), (69, 7, 72), (70, 5, 55), (71, 3, 70), (72, 6, 107), (73, 6, 98), (74, 6, 91), (75, 2, 72), (76, 5, 83), (77, 6, 126), (78, 1, 79), (79, 4, 91), (80, 5, 91), (81, 8, 65), (82, 7, 104), (83, 6, 117), (84, 1, 138), (85, 7, 138), (86, 7, 114), (87, 3, 102), (88, 9, 73), (89, 3, 114), (90, 1, 114), (91, 9, 126), (92, 7, 126), (93, 5, 147), (94, 7, 153), (95, 0, 114), (96, 5, 101), (97, 2, 81), (98, 1, 124), (99, 5, 135), (100, 6, 138), (101, 7, 146), (102, 1, 154), (103, 6, 147), (104, 8, 120), (105, 5, 120), (106, 0, 91), (107, 1, 87), (108, 2, 87), (109, 9, 135), (110, 1, 161), (111, 5, 154), (112, 8, 161), (113, 2, 126), (114, 8, 129), (115, 6, 160), (116, 5, 108), (117, 4, 102), (118, 1, 98), (119, 4, 141), (120, 1, 169), (121, 1, 189), (122, 0, 165), (123, 5, 165), (124, 0, 173), (125, 1, 181), (126, 0, 120), (127, 8, 104), (128, 2, 181), (129, 9, 181), (130, 2, 197), (131, 2, 173), (132, 3, 173), (133, 3, 181), (134, 4, 189), (135, 2, 135), (136, 8, 136), (137, 2, 114), (138, 6, 202), (139, 6, 189), (140, 6, 195), (141, 9, 189), (142, 8, 180), (143, 6, 213), (144, 0, 200), (145, 7, 162), (146, 0, 145), (147, 4, 123), (148, 7, 202), (149, 5, 187), (150, 8, 187), (151, 0, 133), (152, 7, 215), (153, 2, 205), (154, 3, 198), (155, 5, 198), (156, 9, 141), (157, 6, 226), (158, 5, 212), (159, 2, 212), (160, 4, 206), (161, 3, 206), (162, 0, 207), (163, 9, 212), (164, 4, 149), (165, 0, 152), (166, 0, 216), (167, 4, 216), (168, 4, 157), (169, 2, 159), (170, 0, 222), (171, 5, 222), (172, 0, 230), (173, 9, 169), (174, 5, 232), (175, 2, 220), (176, 4, 230), (177, 8, 232), (178, 3, 232), (179, 5, 245), (180, 6, 180), (181, 2, 231), (182, 7, 240), (183, 7, 189), (184, 9, 200), (185, 1, 200), (186, 1, 207), (187, 8, 207), (188, 3, 218), (189, 1, 218), (190, 7, 228), (191, 6, 239), (192, 8, 246), (193, 7, 257)];0;0.5486023426055908;258;0.05387661796407559;0.2132678745968713;0.04237917704830009;{'threshold': 0.1}
Sensitivity analysis buffer time model (param q);BT20;./Data/PrecedenceGraphs/LOVATO_gr_aircraft1.txt;./Data/Tasks/exponential/tasks_exponential_194_0.txt;exponential;194;10;900;[(0, 7, 0), (1, 7, 1), (2, 9, 22), (3, 8, 1), (4, 2, 1), (5, 6, 1), (6, 9, 1), (7, 0, 19), (8, 8, 54), (9, 4, 1), (10, 3, 1), (11, 0, 1), (12, 0, 12), (13, 4, 10), (14, 0, 25), (15, 1, 7), (16, 8, 11), (17, 6, 37), (18, 1, 28), (19, 5, 98), (20, 6, 11), (21, 1, 116), (22, 9, 12), (23, 2, 12), (24, 7, 65), (25, 3, 36), (26, 0, 36), (27, 1, 36), (28, 1, 54), (29, 1, 18), (30, 8, 22), (31, 2, 44), (32, 3, 88), (33, 5, 22), (34, 6, 22), (35, 2, 211), (36, 3, 130), (37, 6, 30), (38, 5, 30), (39, 3, 44), (40, 6, 44), (41, 0, 45), (42, 1, 45), (43, 4, 28), (44, 8, 29), (45, 9, 64), (46, 7, 142), (47, 9, 30), (48, 2, 218), (49, 7, 37), (50, 7, 48), (51, 1, 62), (52, 9, 54), (53, 2, 34), (54, 4, 35), (55, 8, 36), (56, 7, 59), (57, 4, 59), (58, 6, 73), (59, 2, 72), (60, 2, 64), (61, 9, 41), (62, 8, 46), (63, 5, 57), (64, 5, 46), (65, 5, 75), (66, 9, 91), (67, 6, 100), (68, 7, 84), (69, 1, 79), (70, 6, 52), (71, 3, 54), (72, 5, 65), (73, 3, 65), (74, 0, 65), (75, 6, 83), (76, 8, 82), (77, 4, 100), (78, 1, 109), (79, 1, 88), (80, 8, 110), (81, 6, 60), (82, 6, 119), (83, 7, 75), (84, 6, 110), (85, 9, 110), (86, 2, 127), (87, 2, 117), (88, 8, 68), (89, 1, 129), (90, 2, 205), (91, 5, 84), (92, 9, 84), (93, 9, 119), (94, 2, 177), (95, 0, 127), (96, 6, 129), (97, 9, 76), (98, 6, 139), (99, 4, 91), (100, 6, 91), (101, 5, 91), (102, 5, 126), (103, 2, 150), (104, 0, 151), (105, 7, 136), (106, 3, 82), (107, 0, 82), (108, 5, 109), (109, 4, 157), (110, 2, 100), (111, 1, 98), (112, 0, 133), (113, 6, 146), (114, 5, 142), (115, 9, 142), (116, 0, 93), (117, 0, 100), (118, 2, 93), (119, 8, 163), (120, 7, 163), (121, 2, 135), (122, 2, 109), (123, 2, 194), (124, 9, 152), (125, 9, 100), (126, 3, 107), (127, 7, 99), (128, 5, 174), (129, 8, 183), (130, 0, 143), (131, 3, 123), (132, 3, 117), (133, 2, 186), (134, 1, 139), (135, 6, 192), (136, 4, 110), (137, 7, 109), (138, 6, 207), (139, 0, 201), (140, 4, 203), (141, 7, 130), (142, 2, 143), (143, 0, 194), (144, 4, 210), (145, 7, 200), (146, 5, 133), (147, 7, 116), (148, 0, 210), (149, 4, 150), (150, 3, 150), (151, 9, 126), (152, 7, 221), (153, 1, 157), (154, 6, 161), (155, 0, 161), (156, 8, 134), (157, 4, 232), (158, 2, 164), (159, 1, 169), (160, 8, 169), (161, 2, 171), (162, 4, 169), (163, 0, 169), (164, 3, 142), (165, 5, 149), (166, 8, 177), (167, 4, 178), (168, 8, 150), (169, 1, 175), (170, 4, 195), (171, 1, 183), (172, 4, 186), (173, 5, 161), (174, 9, 201), (175, 6, 183), (176, 1, 204), (177, 1, 193), (178, 7, 193), (179, 9, 193), (180, 6, 172), (181, 2, 226), (182, 6, 200), (183, 0, 180), (184, 3, 189), (185, 5, 189), (186, 8, 195), (187, 5, 196), (188, 7, 211), (189, 5, 207), (190, 3, 217), (191, 6, 227), (192, 1, 234), (193, 5, 245)];0;0.765458345413208;246;0.18854717744569047;0.5172167124287262;0.08406997120170645;{'threshold': 0.2}
Sensitivity analysis buffer time model (param q);BT30;./Data/PrecedenceGraphs/LOVATO_gr_aircraft1.txt;./Data/Tasks/exponential/tasks_exponential_194_0.txt;exponential;194;10;900;[(0, 0, 0), (1, 4, 1), (2, 3, 6), (3, 4, 12), (4, 9, 1), (5, 3, 19), (6, 3, 11), (7, 3, 1), (8, 0, 1), (9, 6, 1), (10, 5, 1), (11, 4, 21), (12, 2, 1), (13, 2, 22), (14, 6, 9), (15, 7, 6), (16, 3, 38), (17, 4, 6), (18, 2, 11), (19, 0, 21), (20, 3, 28), (21, 3, 48), (22, 3, 70), (23, 6, 31), (24, 6, 19), (25, 3, 136), (26, 3, 79), (27, 4, 31), (28, 3, 129), (29, 7, 16), (30, 0, 48), (31, 9, 12), (32, 1, 12), (33, 3, 63), (34, 5, 38), (35, 5, 58), (36, 7, 69), (37, 7, 79), (38, 6, 79), (39, 8, 114), (40, 1, 103), (41, 5, 45), (42, 8, 39), (43, 9, 25), (44, 3, 58), (45, 2, 17), (46, 8, 22), (47, 6, 70), (48, 5, 64), (49, 5, 85), (50, 8, 98), (51, 2, 52), (52, 9, 47), (53, 8, 30), (54, 7, 63), (55, 4, 75), (56, 2, 122), (57, 4, 108), (58, 2, 79), (59, 9, 56), (60, 5, 95), (61, 1, 36), (62, 4, 96), (63, 3, 84), (64, 1, 84), (65, 0, 127), (66, 4, 154), (67, 2, 70), (68, 8, 62), (69, 2, 62), (70, 6, 46), (71, 6, 108), (72, 7, 91), (73, 8, 91), (74, 3, 91), (75, 5, 133), (76, 9, 133), (77, 6, 162), (78, 1, 109), (79, 5, 75), (80, 8, 123), (81, 1, 53), (82, 0, 118), (83, 6, 100), (84, 0, 171), (85, 1, 171), (86, 8, 83), (87, 6, 84), (88, 0, 60), (89, 3, 143), (90, 9, 140), (91, 8, 108), (92, 2, 108), (93, 7, 179), (94, 2, 93), (95, 0, 102), (96, 1, 77), (97, 0, 67), (98, 7, 152), (99, 4, 114), (100, 2, 114), (101, 3, 114), (102, 9, 185), (103, 1, 136), (104, 2, 127), (105, 5, 107), (106, 1, 72), (107, 8, 72), (108, 0, 139), (109, 8, 158), (110, 4, 122), (111, 1, 120), (112, 9, 191), (113, 2, 133), (114, 1, 130), (115, 7, 112), (116, 3, 97), (117, 4, 84), (118, 0, 82), (119, 7, 163), (120, 9, 163), (121, 7, 130), (122, 6, 130), (123, 2, 174), (124, 4, 127), (125, 7, 103), (126, 4, 90), (127, 0, 87), (128, 1, 187), (129, 8, 173), (130, 6, 142), (131, 4, 137), (132, 6, 137), (133, 2, 149), (134, 3, 120), (135, 1, 96), (136, 7, 140), (137, 9, 96), (138, 0, 180), (139, 4, 180), (140, 6, 180), (141, 4, 143), (142, 2, 143), (143, 6, 156), (144, 0, 133), (145, 3, 103), (146, 9, 148), (147, 9, 102), (148, 5, 187), (149, 8, 149), (150, 5, 152), (151, 9, 111), (152, 3, 197), (153, 1, 155), (154, 4, 162), (155, 5, 162), (156, 6, 118), (157, 4, 207), (158, 2, 161), (159, 4, 169), (160, 6, 171), (161, 7, 173), (162, 2, 184), (163, 5, 197), (164, 9, 125), (165, 4, 148), (166, 5, 182), (167, 6, 192), (168, 8, 132), (169, 2, 167), (170, 7, 190), (171, 4, 187), (172, 9, 199), (173, 5, 142), (174, 1, 177), (175, 5, 174), (176, 2, 197), (177, 0, 196), (178, 7, 197), (179, 7, 203), (180, 0, 152), (181, 8, 182), (182, 8, 203), (183, 0, 159), (184, 7, 168), (185, 3, 167), (186, 3, 173), (187, 9, 173), (188, 7, 185), (189, 3, 183), (190, 8, 192), (191, 1, 201), (192, 9, 207), (193, 0, 217)];0;0.7531266212463379;218;3.803764850059782;12.71609814337666;12.4486801571055;{'threshold': 0.3}
Sensitivity analysis buffer time model (param q);BT40;./Data/PrecedenceGraphs/LOVATO_gr_aircraft1.txt;./Data/Tasks/exponential/tasks_exponential_194_0.txt;exponential;194;10;900;[(0, 0, 0), (1, 4, 1), (2, 3, 6), (3, 4, 12), (4, 9, 1), (5, 3, 19), (6, 3, 11), (7, 3, 1), (8, 0, 1), (9, 6, 1), (10, 5, 1), (11, 4, 21), (12, 2, 1), (13, 2, 22), (14, 6, 9), (15, 7, 6), (16, 3, 38), (17, 4, 6), (18, 2, 11), (19, 0, 21), (20, 3, 28), (21, 3, 48), (22, 3, 70), (23, 6, 31), (24, 6, 19), (25, 3, 136), (26, 3, 79), (27, 4, 31), (28, 3, 129), (29, 7, 16), (30, 0, 48), (31, 9, 12), (32, 1, 12), (33, 3, 63), (34, 5, 38), (35, 5, 58), (36, 7, 69), (37, 7, 79), (38, 6, 79), (39, 8, 114), (40, 1, 103), (41, 5, 45), (42, 8, 39), (43, 9, 25), (44, 3, 58), (45, 2, 17), (46, 8, 22), (47, 6, 70), (48, 5, 64), (49, 5, 85), (50, 8, 98), (51, 2, 52), (52, 9, 47), (53, 8, 30), (54, 7, 63), (55, 4, 75), (56, 2, 122), (57, 4, 108), (58, 2, 79), (59, 9, 56), (60, 5, 95), (61, 1, 36), (62, 4, 96), (63, 3, 84), (64, 1, 84), (65, 0, 127), (66, 4, 154), (67, 2, 70), (68, 8, 62), (69, 2, 62), (70, 6, 46), (71, 6, 108), (72, 7, 91), (73, 8, 91), (74, 3, 91), (75, 5, 133), (76, 9, 133), (77, 6, 162), (78, 1, 109), (79, 5, 75), (80, 8, 123), (81, 1, 53), (82, 0, 118), (83, 6, 100), (84, 0, 171), (85, 1, 171), (86, 8, 83), (87, 6, 84), (88, 0, 60), (89, 3, 143), (90, 9, 140), (91, 8, 108), (92, 2, 108), (93, 7, 179), (94, 2, 93), (95, 0, 102), (96, 1, 77), (97, 0, 67), (98, 7, 152), (99, 4, 114), (100, 2, 114), (101, 3, 114), (102, 9, 185), (103, 1, 136), (104, 2, 127), (105, 5, 107), (106, 1, 72), (107, 8, 72), (108, 0, 139), (109, 8, 158), (110, 4, 122), (111, 1, 120), (112, 9, 191), (113, 2, 133), (114, 1, 130), (115, 7, 112), (116, 3, 97), (117, 4, 84), (118, 0, 82), (119, 7, 163), (120, 9, 163), (121, 7, 130), (122, 6, 130), (123, 2, 174), (124, 4, 127), (125, 7, 103), (126, 4, 90), (127, 0, 87), (128, 1, 187), (129, 8, 173), (130, 6, 142), (131, 4, 137), (132, 6, 137), (133, 2, 149), (134, 3, 120), (135, 1, 96), (136, 7, 140), (137, 9, 96), (138, 0, 180), (139, 4, 180), (140, 6, 180), (141, 4, 143), (142, 2, 143), (143, 6, 156), (144, 0, 133), (145, 3, 103), (146, 9, 148), (147, 9, 102), (148, 5, 187), (149, 8, 149), (150, 5, 152), (151, 9, 111), (152, 3, 197), (153, 1, 155), (154, 4, 162), (155, 5, 162), (156, 6, 118), (157, 4, 207), (158, 2, 161), (159, 4, 169), (160, 6, 171), (161, 7, 173), (162, 2, 184), (163, 5, 197), (164, 9, 125), (165, 4, 148), (166, 5, 182), (167, 6, 192), (168, 8, 132), (169, 2, 167), (170, 7, 190), (171, 4, 187), (172, 9, 199), (173, 5, 142), (174, 1, 177), (175, 5, 174), (176, 2, 197), (177, 0, 196), (178, 7, 197), (179, 7, 203), (180, 0, 152), (181, 8, 182), (182, 8, 203), (183, 0, 159), (184, 7, 168), (185, 3, 167), (186, 3, 173), (187, 9, 173), (188, 7, 185), (189, 3, 183), (190, 8, 192), (191, 1, 201), (192, 9, 207), (193, 0, 217)];0;0.972012996673584;218;3.803764850059782;12.71609814337666;12.4486801571055;{'threshold': 0.4}
Sensitivity analysis buffer time model (param q);BT50;./Data/PrecedenceGraphs/LOVATO_gr_aircraft1.txt;./Data/Tasks/exponential/tasks_exponential_194_0.txt;exponential;194;10;900;[(0, 0, 0), (1, 4, 1), (2, 3, 6), (3, 4, 12), (4, 9, 1), (5, 3, 19), (6, 3, 11), (7, 3, 1), (8, 0, 1), (9, 6, 1), (10, 5, 1), (11, 4, 21), (12, 2, 1), (13, 2, 22), (14, 6, 9), (15, 7, 6), (16, 3, 38), (17, 4, 6), (18, 2, 11), (19, 0, 21), (20, 3, 28), (21, 3, 48), (22, 3, 70), (23, 6, 31), (24, 6, 19), (25, 3, 136), (26, 3, 79), (27, 4, 31), (28, 3, 129), (29, 7, 16), (30, 0, 48), (31, 9, 12), (32, 1, 12), (33, 3, 63), (34, 5, 38), (35, 5, 58), (36, 7, 69), (37, 7, 79), (38, 6, 79), (39, 8, 114), (40, 1, 103), (41, 5, 45), (42, 8, 39), (43, 9, 25), (44, 3, 58), (45, 2, 17), (46, 8, 22), (47, 6, 70), (48, 5, 64), (49, 5, 85), (50, 8, 98), (51, 2, 52), (52, 9, 47), (53, 8, 30), (54, 7, 63), (55, 4, 75), (56, 2, 122), (57, 4, 108), (58, 2, 79), (59, 9, 56), (60, 5, 95), (61, 1, 36), (62, 4, 96), (63, 3, 84), (64, 1, 84), (65, 0, 127), (66, 4, 154), (67, 2, 70), (68, 8, 62), (69, 2, 62), (70, 6, 46), (71, 6, 108), (72, 7, 91), (73, 8, 91), (74, 3, 91), (75, 5, 133), (76, 9, 133), (77, 6, 162), (78, 1, 109), (79, 5, 75), (80, 8, 123), (81, 1, 53), (82, 0, 118), (83, 6, 100), (84, 0, 171), (85, 1, 171), (86, 8, 83), (87, 6, 84), (88, 0, 60), (89, 3, 143), (90, 9, 140), (91, 8, 108), (92, 2, 108), (93, 7, 179), (94, 2, 93), (95, 0, 102), (96, 1, 77), (97, 0, 67), (98, 7, 152), (99, 4, 114), (100, 2, 114), (101, 3, 114), (102, 9, 185), (103, 1, 136), (104, 2, 127), (105, 5, 107), (106, 1, 72), (107, 8, 72), (108, 0, 139), (109, 8, 158), (110, 4, 122), (111, 1, 120), (112, 9, 191), (113, 2, 133), (114, 1, 130), (115, 7, 112), (116, 3, 97), (117, 4, 84), (118, 0, 82), (119, 7, 163), (120, 9, 163), (121, 7, 130), (122, 6, 130), (123, 2, 174), (124, 4, 127), (125, 7, 103), (126, 4, 90), (127, 0, 87), (128, 1, 187), (129, 8, 173), (130, 6, 142), (131, 4, 137), (132, 6, 137), (133, 2, 149), (134, 3, 120), (135, 1, 96), (136, 7, 140), (137, 9, 96), (138, 0, 180), (139, 4, 180), (140, 6, 180), (141, 4, 143), (142, 2, 143), (143, 6, 156), (144, 0, 133), (145, 3, 103), (146, 9, 148), (147, 9, 102), (148, 5, 187), (149, 8, 149), (150, 5, 152), (151, 9, 111), (152, 3, 197), (153, 1, 155), (154, 4, 162), (155, 5, 162), (156, 6, 118), (157, 4, 207), (158, 2, 161), (159, 4, 169), (160, 6, 171), (161, 7, 173), (162, 2, 184), (163, 5, 197), (164, 9, 125), (165, 4, 148), (166, 5, 182), (167, 6, 192), (168, 8, 132), (169, 2, 167), (170, 7, 190), (171, 4, 187), (172, 9, 199), (173, 5, 142), (174, 1, 177), (175, 5, 174), (176, 2, 197), (177, 0, 196), (178, 7, 197), (179, 7, 203), (180, 0, 152), (181, 8, 182), (182, 8, 203), (183, 0, 159), (184, 7, 168), (185, 3, 167), (186, 3, 173), (187, 9, 173), (188, 7, 185), (189, 3, 183), (190, 8, 192), (191, 1, 201), (192, 9, 207), (193, 0, 217)];0;0.932408332824707;218;3.803764850059782;12.71609814337666;12.4486801571055;{'threshold': 0.5}
Sensitivity analysis transitions time model (param q);TR40;./Data/PrecedenceGraphs/LOVATO_gr_aircraft1.txt;./Data/Tasks/exponential/tasks_exponential_194_0.txt;exponential;194;10;900;[(0, 8, 0), (1, 8, 1), (2, 0, 1), (3, 2, 1), (4, 7, 1), (5, 4, 1), (6, 3, 1), (7, 1, 1), (8, 5, 8), (9, 4, 11), (10, 3, 15), (11, 9, 1), (12, 6, 1), (13, 5, 1), (14, 8, 6), (15, 1, 6), (16, 0, 6), (17, 3, 9), (18, 2, 11), (19, 0, 36), (20, 7, 12), (21, 9, 12), (22, 6, 11), (23, 9, 73), (24, 5, 29), (25, 9, 109), (26, 4, 19), (27, 8, 16), (28, 5, 16), (29, 1, 16), (30, 2, 18), (31, 2, 31), (32, 0, 16), (33, 8, 24), (34, 2, 24), (35, 5, 23), (36, 1, 31), (37, 4, 24), (38, 6, 38), (39, 6, 24), (40, 4, 120), (41, 9, 24), (42, 3, 24), (43, 1, 25), (44, 7, 24), (45, 7, 36), (46, 2, 36), (47, 6, 33), (48, 7, 29), (49, 3, 45), (50, 9, 31), (51, 8, 31), (52, 4, 32), (53, 0, 30), (54, 3, 32), (55, 1, 39), (56, 4, 41), (57, 8, 41), (58, 9, 41), (59, 7, 41), (60, 2, 41), (61, 5, 36), (62, 3, 38), (63, 1, 49), (64, 6, 48), (65, 9, 50), (66, 8, 50), (67, 7, 47), (68, 4, 47), (69, 0, 47), (70, 5, 46), (71, 2, 48), (72, 4, 60), (73, 8, 56), (74, 0, 56), (75, 7, 56), (76, 9, 56), (77, 3, 56), (78, 5, 54), (79, 2, 59), (80, 0, 62), (81, 4, 53), (82, 6, 59), (83, 6, 75), (84, 3, 66), (85, 5, 65), (86, 6, 68), (87, 2, 68), (88, 1, 60), (89, 1, 68), (90, 8, 68), (91, 7, 85), (92, 9, 85), (93, 4, 74), (94, 7, 77), (95, 5, 77), (96, 9, 67), (97, 7, 67), (98, 1, 77), (99, 1, 91), (100, 4, 93), (101, 5, 93), (102, 4, 87), (103, 5, 82), (104, 2, 88), (105, 1, 84), (106, 3, 74), (107, 0, 72), (108, 2, 78), (109, 8, 85), (110, 6, 101), (111, 4, 101), (112, 8, 93), (113, 2, 94), (114, 3, 91), (115, 9, 91), (116, 9, 79), (117, 8, 79), (118, 4, 82), (119, 5, 99), (120, 7, 92), (121, 9, 116), (122, 6, 117), (123, 6, 107), (124, 1, 100), (125, 3, 85), (126, 6, 85), (127, 0, 87), (128, 1, 107), (129, 8, 108), (130, 1, 123), (131, 4, 126), (132, 2, 125), (133, 5, 107), (134, 9, 100), (135, 6, 91), (136, 8, 100), (137, 0, 96), (138, 7, 115), (139, 4, 115), (140, 1, 117), (141, 3, 132), (142, 6, 135), (143, 8, 115), (144, 0, 109), (145, 7, 103), (146, 2, 108), (147, 3, 102), (148, 6, 124), (149, 8, 142), (150, 4, 144), (151, 3, 111), (152, 4, 134), (153, 8, 149), (154, 1, 158), (155, 8, 155), (156, 2, 118), (157, 3, 144), (158, 0, 155), (159, 1, 170), (160, 9, 168), (161, 1, 165), (162, 7, 165), (163, 3, 172), (164, 7, 125), (165, 0, 125), (166, 1, 176), (167, 9, 175), (168, 8, 132), (169, 7, 132), (170, 3, 182), (171, 9, 183), (172, 3, 189), (173, 0, 142), (174, 6, 141), (175, 1, 139), (176, 9, 192), (177, 7, 192), (178, 3, 198), (179, 9, 198), (180, 9, 152), (181, 1, 148), (182, 2, 207), (183, 9, 159), (184, 3, 167), (185, 0, 167), (186, 4, 172), (187, 5, 173), (188, 5, 183), (189, 1, 183), (190, 6, 192), (191, 2, 201), (192, 4, 207), (193, 2, 217)];0;0.9038240909576416;218;2.703366356669237;7.034598853631349;7.034598853631349;{'threshold': 0.4}
Sensitivity analysis transitions time model (param q);TR45;./Data/PrecedenceGraphs/LOVATO_gr_aircraft1.txt;./Data/Tasks/exponential/tasks_exponential_194_0.txt;exponential;194;10;900;[(0, 0, 0), (1, 4, 1), (2, 3, 6), (3, 4, 12), (4, 9, 1), (5, 3, 19), (6, 3, 11), (7, 3, 1), (8, 0, 1), (9, 6, 1), (10, 5, 1), (11, 4, 21), (12, 2, 1), (13, 2, 22), (14, 6, 9), (15, 7, 6), (16, 3, 38), (17, 4, 6), (18, 2, 11), (19, 0, 21), (20, 3, 28), (21, 3, 48), (22, 3, 70), (23, 6, 31), (24, 6, 19), (25, 3, 136), (26, 3, 79), (27, 4, 31), (28, 3, 129), (29, 7, 16), (30, 0, 48), (31, 9, 12), (32, 1, 12), (33, 3, 63), (34, 5, 38), (35, 5, 58), (36, 7, 69), (37, 7, 79), (38, 6, 79), (39, 8, 114), (40, 1, 103), (41, 5, 45), (42, 8, 39), (43, 9, 25), (44, 3, 58), (45, 2, 17), (46, 8, 22), (47, 6, 70), (48, 5, 64), (49, 5, 85), (50, 8, 98), (51, 2, 52), (52, 9, 47), (53, 8, 30), (54, 7, 63), (55, 4, 75), (56, 2, 122), (57, 4, 108), (58, 2, 79), (59, 9, 56), (60, 5, 95), (61, 1, 36), (62, 4, 96), (63, 3, 84), (64, 1, 84), (65, 0, 127), (66, 4, 154), (67, 2, 70), (68, 8, 62), (69, 2, 62), (70, 6, 46), (71, 6, 108), (72, 7, 91), (73, 8, 91), (74, 3, 91), (75, 5, 133), (76, 9, 133), (77, 6, 162), (78, 1, 109), (79, 5, 75), (80, 8, 123), (81, 1, 53), (82, 0, 118), (83, 6, 100), (84, 0, 171), (85, 1, 171), (86, 8, 83), (87, 6, 84), (88, 0, 60), (89, 3, 143), (90, 9, 140), (91, 8, 108), (92, 2, 108), (93, 7, 179), (94, 2, 93), (95, 0, 102), (96, 1, 77), (97, 0, 67), (98, 7, 152), (99, 4, 114), (100, 2, 114), (101, 3, 114), (102, 9, 185), (103, 1, 136), (104, 2, 127), (105, 5, 107), (106, 1, 72), (107, 8, 72), (108, 0, 139), (109, 8, 158), (110, 4, 122), (111, 1, 120), (112, 9, 191), (113, 2, 133), (114, 1, 130), (115, 7, 112), (116, 3, 97), (117, 4, 84), (118, 0, 82), (119, 7, 163), (120, 9, 163), (121, 7, 130), (122, 6, 130), (123, 2, 174), (124, 4, 127), (125, 7, 103), (126, 4, 90), (127, 0, 87), (128, 1, 187), (129, 8, 173), (130, 6, 142), (131, 4, 137), (132, 6, 137), (133, 2, 149), (134, 3, 120), (135, 1, 96), (136, 7, 140), (137, 9, 96), (138, 0, 180), (139, 4, 180), (140, 6, 180), (141, 4, 143), (142, 2, 143), (143, 6, 156), (144, 0, 133), (145, 3, 103), (146, 9, 148), (147, 9, 102), (148, 5, 187), (149, 8, 149), (150, 5, 152), (151, 9, 111), (152, 3, 197), (153, 1, 155), (154, 4, 162), (155, 5, 162), (156, 6, 118), (157, 4, 207), (158, 2, 161), (159, 4, 169), (160, 6, 171), (161, 7, 173), (162, 2, 184), (163, 5, 197), (164, 9, 125), (165, 4, 148), (166, 5, 182), (167, 6, 192), (168, 8, 132), (169, 2, 167), (170, 7, 190), (171, 4, 187), (172, 9, 199), (173, 5, 142), (174, 1, 177), (175, 5, 174), (176, 2, 197), (177, 0, 196), (178, 7, 197), (179, 7, 203), (180, 0, 152), (181, 8, 182), (182, 8, 203), (183, 0, 159), (184, 7, 168), (185, 3, 167), (186, 3, 173), (187, 9, 173), (188, 7, 185), (189, 3, 183), (190, 8, 192), (191, 1, 201), (192, 9, 207), (193, 0, 217)];0;0.9057738780975342;218;3.803764850059782;12.71609814337666;12.4486801571055;{'threshold': 0.45}
Sensitivity analysis transitions time model (param q);TR50;./Data/PrecedenceGraphs/LOVATO_gr_aircraft1.txt;./Data/Tasks/exponential/tasks_exponential_194_0.txt;exponential;194;10;900;[(0, 0, 0), (1, 4, 1), (2, 3, 6), (3, 4, 12), (4, 9, 1), (5, 3, 19), (6, 3, 11), (7, 3, 1), (8, 0, 1), (9, 6, 1), (10, 5, 1), (11, 4, 21), (12, 2, 1), (13, 2, 22), (14, 6, 9), (15, 7, 6), (16, 3, 38), (17, 4, 6), (18, 2, 11), (19, 0, 21), (20, 3, 28), (21, 3, 48), (22, 3, 70), (23, 6, 31), (24, 6, 19), (25, 3, 136), (26, 3, 79), (27, 4, 31), (28, 3, 129), (29, 7, 16), (30, 0, 48), (31, 9, 12), (32, 1, 12), (33, 3, 63), (34, 5, 38), (35, 5, 58), (36, 7, 69), (37, 7, 79), (38, 6, 79), (39, 8, 114), (40, 1, 103), (41, 5, 45), (42, 8, 39), (43, 9, 25), (44, 3, 58), (45, 2, 17), (46, 8, 22), (47, 6, 70), (48, 5, 64), (49, 5, 85), (50, 8, 98), (51, 2, 52), (52, 9, 47), (53, 8, 30), (54, 7, 63), (55, 4, 75), (56, 2, 122), (57, 4, 108), (58, 2, 79), (59, 9, 56), (60, 5, 95), (61, 1, 36), (62, 4, 96), (63, 3, 84), (64, 1, 84), (65, 0, 127), (66, 4, 154), (67, 2, 70), (68, 8, 62), (69, 2, 62), (70, 6, 46), (71, 6, 108), (72, 7, 91), (73, 8, 91), (74, 3, 91), (75, 5, 133), (76, 9, 133), (77, 6, 162), (78, 1, 109), (79, 5, 75), (80, 8, 123), (81, 1, 53), (82, 0, 118), (83, 6, 100), (84, 0, 171), (85, 1, 171), (86, 8, 83), (87, 6, 84), (88, 0, 60), (89, 3, 143), (90, 9, 140), (91, 8, 108), (92, 2, 108), (93, 7, 179), (94, 2, 93), (95, 0, 102), (96, 1, 77), (97, 0, 67), (98, 7, 152), (99, 4, 114), (100, 2, 114), (101, 3, 114), (102, 9, 185), (103, 1, 136), (104, 2, 127), (105, 5, 107), (106, 1, 72), (107, 8, 72), (108, 0, 139), (109, 8, 158), (110, 4, 122), (111, 1, 120), (112, 9, 191), (113, 2, 133), (114, 1, 130), (115, 7, 112), (116, 3, 97), (117, 4, 84), (118, 0, 82), (119, 7, 163), (120, 9, 163), (121, 7, 130), (122, 6, 130), (123, 2, 174), (124, 4, 127), (125, 7, 103), (126, 4, 90), (127, 0, 87), (128, 1, 187), (129, 8, 173), (130, 6, 142), (131, 4, 137), (132, 6, 137), (133, 2, 149), (134, 3, 120), (135, 1, 96), (136, 7, 140), (137, 9, 96), (138, 0, 180), (139, 4, 180), (140, 6, 180), (141, 4, 143), (142, 2, 143), (143, 6, 156), (144, 0, 133), (145, 3, 103), (146, 9, 148), (147, 9, 102), (148, 5, 187), (149, 8, 149), (150, 5, 152), (151, 9, 111), (152, 3, 197), (153, 1, 155), (154, 4, 162), (155, 5, 162), (156, 6, 118), (157, 4, 207), (158, 2, 161), (159, 4, 169), (160, 6, 171), (161, 7, 173), (162, 2, 184), (163, 5, 197), (164, 9, 125), (165, 4, 148), (166, 5, 182), (167, 6, 192), (168, 8, 132), (169, 2, 167), (170, 7, 190), (171, 4, 187), (172, 9, 199), (173, 5, 142), (174, 1, 177), (175, 5, 174), (176, 2, 197), (177, 0, 196), (178, 7, 197), (179, 7, 203), (180, 0, 152), (181, 8, 182), (182, 8, 203), (183, 0, 159), (184, 7, 168), (185, 3, 167), (186, 3, 173), (187, 9, 173), (188, 7, 185), (189, 3, 183), (190, 8, 192), (191, 1, 201), (192, 9, 207), (193, 0, 217)];0;0.802605152130127;218;3.803764850059782;12.71609814337666;12.4486801571055;{'threshold': 0.5}
Sensitivity analysis transitions time model (param q);TR55;./Data/PrecedenceGraphs/LOVATO_gr_aircraft1.txt;./Data/Tasks/exponential/tasks_exponential_194_0.txt;exponential;194;10;900;[(0, 0, 0), (1, 4, 1), (2, 3, 6), (3, 4, 12), (4, 9, 1), (5, 3, 19), (6, 3, 11), (7, 3, 1), (8, 0, 1), (9, 6, 1), (10, 5, 1), (11, 4, 21), (12, 2, 1), (13, 2, 22), (14, 6, 9), (15, 7, 6), (16, 3, 38), (17, 4, 6), (18, 2, 11), (19, 0, 21), (20, 3, 28), (21, 3, 48), (22, 3, 70), (23, 6, 31), (24, 6, 19), (25, 3, 136), (26, 3, 79), (27, 4, 31), (28, 3, 129), (29, 7, 16), (30, 0, 48), (31, 9, 12), (32, 1, 12), (33, 3, 63), (34, 5, 38), (35, 5, 58), (36, 7, 69), (37, 7, 79), (38, 6, 79), (39, 8, 114), (40, 1, 103), (41, 5, 45), (42, 8, 39), (43, 9, 25), (44, 3, 58), (45, 2, 17), (46, 8, 22), (47, 6, 70), (48, 5, 64), (49, 5, 85), (50, 8, 98), (51, 2, 52), (52, 9, 47), (53, 8, 30), (54, 7, 63), (55, 4, 75), (56, 2, 122), (57, 4, 108), (58, 2, 79), (59, 9, 56), (60, 5, 95), (61, 1, 36), (62, 4, 96), (63, 3, 84), (64, 1, 84), (65, 0, 127), (66, 4, 154), (67, 2, 70), (68, 8, 62), (69, 2, 62), (70, 6, 46), (71, 6, 108), (72, 7, 91), (73, 8, 91), (74, 3, 91), (75, 5, 133), (76, 9, 133), (77, 6, 162), (78, 1, 109), (79, 5, 75), (80, 8, 123), (81, 1, 53), (82, 0, 118), (83, 6, 100), (84, 0, 171), (85, 1, 171), (86, 8, 83), (87, 6, 84), (88, 0, 60), (89, 3, 143), (90, 9, 140), (91, 8, 108), (92, 2, 108), (93, 7, 179), (94, 2, 93), (95, 0, 102), (96, 1, 77), (97, 0, 67), (98, 7, 152), (99, 4, 114), (100, 2, 114), (101, 3, 114), (102, 9, 185), (103, 1, 136), (104, 2, 127), (105, 5, 107), (106, 1, 72), (107, 8, 72), (108, 0, 139), (109, 8, 158), (110, 4, 122), (111, 1, 120), (112, 9, 191), (113, 2, 133), (114, 1, 130), (115, 7, 112), (116, 3, 97), (117, 4, 84), (118, 0, 82), (119, 7, 163), (120, 9, 163), (121, 7, 130), (122, 6, 130), (123, 2, 174), (124, 4, 127), (125, 7, 103), (126, 4, 90), (127, 0, 87), (128, 1, 187), (129, 8, 173), (130, 6, 142), (131, 4, 137), (132, 6, 137), (133, 2, 149), (134, 3, 120), (135, 1, 96), (136, 7, 140), (137, 9, 96), (138, 0, 180), (139, 4, 180), (140, 6, 180), (141, 4, 143), (142, 2, 143), (143, 6, 156), (144, 0, 133), (145, 3, 103), (146, 9, 148), (147, 9, 102), (148, 5, 187), (149, 8, 149), (150, 5, 152), (151, 9, 111), (152, 3, 197), (153, 1, 155), (154, 4, 162), (155, 5, 162), (156, 6, 118), (157, 4, 207), (158, 2, 161), (159, 4, 169), (160, 6, 171), (161, 7, 173), (162, 2, 184), (163, 5, 197), (164, 9, 125), (165, 4, 148), (166, 5, 182), (167, 6, 192), (168, 8, 132), (169, 2, 167), (170, 7, 190), (171, 4, 187), (172, 9, 199), (173, 5, 142), (174, 1, 177), (175, 5, 174), (176, 2, 197), (177, 0, 196), (178, 7, 197), (179, 7, 203), (180, 0, 152), (181, 8, 182), (182, 8, 203), (183, 0, 159), (184, 7, 168), (185, 3, 167), (186, 3, 173), (187, 9, 173), (188, 7, 185), (189, 3, 183), (190, 8, 192), (191, 1, 201), (192, 9, 207), (193, 0, 217)];0;0.7513332366943359;218;3.803764850059782;12.71609814337666;12.4486801571055;{'threshold': 0.55}
Sensitivity analysis transitions time model (param q);TR60;./Data/PrecedenceGraphs/LOVATO_gr_aircraft1.txt;./Data/Tasks/exponential/tasks_exponential_194_0.txt;exponential;194;10;900;[(0, 0, 0), (1, 4, 1), (2, 3, 6), (3, 4, 12), (4, 9, 1), (5, 3, 19), (6, 3, 11), (7, 3, 1), (8, 0, 1), (9, 6, 1), (10, 5, 1), (11, 4, 21), (12, 2, 1), (13, 2, 22), (14, 6, 9), (15, 7, 6), (16, 3, 38), (17, 4, 6), (18, 2, 11), (19, 0, 21), (20, 3, 28), (21, 3, 48), (22, 3, 70), (23, 6, 31), (24, 6, 19), (25, 3, 136), (26, 3, 79), (27, 4, 31), (28, 3, 129), (29, 7, 16), (30, 0, 48), (31, 9, 12), (32, 1, 12), (33, 3, 63), (34, 5, 38), (35, 5, 58), (36, 7, 69), (37, 7, 79), (38, 6, 79), (39, 8, 114), (40, 1, 103), (41, 5, 45), (42, 8, 39), (43, 9, 25), (44, 3, 58), (45, 2, 17), (46, 8, 22), (47, 6, 70), (48, 5, 64), (49, 5, 85), (50, 8, 98), (51, 2, 52), (52, 9, 47), (53, 8, 30), (54, 7, 63), (55, 4, 75), (56, 2, 122), (57, 4, 108), (58, 2, 79), (59, 9, 56), (60, 5, 95), (61, 1, 36), (62, 4, 96), (63, 3, 84), (64, 1, 84), (65, 0, 127), (66, 4, 154), (67, 2, 70), (68, 8, 62), (69, 2, 62), (70, 6, 46), (71, 6, 108), (72, 7, 91), (73, 8, 91), (74, 3, 91), (75, 5, 133), (76, 9, 133), (77, 6, 162), (78, 1, 109), (79, 5, 75), (80, 8, 123), (81, 1, 53), (82, 0, 118), (83, 6, 100), (84, 0, 171), (85, 1, 171), (86, 8, 83), (87, 6, 84), (88, 0, 60), (89, 3, 143), (90, 9, 140), (91, 8, 108), (92, 2, 108), (93, 7, 179), (94, 2, 93), (95, 0, 102), (96, 1, 77), (97, 0, 67), (98, 7, 152), (99, 4, 114), (100, 2, 114), (101, 3, 114), (102, 9, 185), (103, 1, 136), (104, 2, 127), (105, 5, 107), (106, 1, 72), (107, 8, 72), (108, 0, 139), (109, 8, 158), (110, 4, 122), (111, 1, 120), (112, 9, 191), (113, 2, 133), (114, 1, 130), (115, 7, 112), (116, 3, 97), (117, 4, 84), (118, 0, 82), (119, 7, 163), (120, 9, 163), (121, 7, 130), (122, 6, 130), (123, 2, 174), (124, 4, 127), (125, 7, 103), (126, 4, 90), (127, 0, 87), (128, 1, 187), (129, 8, 173), (130, 6, 142), (131, 4, 137), (132, 6, 137), (133, 2, 149), (134, 3, 120), (135, 1, 96), (136, 7, 140), (137, 9, 96), (138, 0, 180), (139, 4, 180), (140, 6, 180), (141, 4, 143), (142, 2, 143), (143, 6, 156), (144, 0, 133), (145, 3, 103), (146, 9, 148), (147, 9, 102), (148, 5, 187), (149, 8, 149), (150, 5, 152), (151, 9, 111), (152, 3, 197), (153, 1, 155), (154, 4, 162), (155, 5, 162), (156, 6, 118), (157, 4, 207), (158, 2, 161), (159, 4, 169), (160, 6, 171), (161, 7, 173), (162, 2, 184), (163, 5, 197), (164, 9, 125), (165, 4, 148), (166, 5, 182), (167, 6, 192), (168, 8, 132), (169, 2, 167), (170, 7, 190), (171, 4, 187), (172, 9, 199), (173, 5, 142), (174, 1, 177), (175, 5, 174), (176, 2, 197), (177, 0, 196), (178, 7, 197), (179, 7, 203), (180, 0, 152), (181, 8, 182), (182, 8, 203), (183, 0, 159), (184, 7, 168), (185, 3, 167), (186, 3, 173), (187, 9, 173), (188, 7, 185), (189, 3, 183), (190, 8, 192), (191, 1, 201), (192, 9, 207), (193, 0, 217)];0;1.0143201351165771;218;3.803764850059782;12.71609814337666;12.4486801571055;{'threshold': 0.6}
Obj. F. analysis SAA model (RM);STr;./Data/PrecedenceGraphs/LOVATO_gr_aircraft1.txt;./Data/Tasks/exponential/tasks_exponential_194_0.txt;exponential;194;10;900;[(0, 4, 0), (1, 7, 1), (2, 4, 1), (3, 5, 1), (4, 0, 1), (5, 2, 1), (6, 3, 1), (7, 1, 1), (8, 3, 9), (9, 8, 7), (10, 6, 13), (11, 9, 1), (12, 8, 1), (13, 6, 1), (14, 1, 6), (15, 4, 6), (16, 7, 6), (17, 2, 10), (18, 6, 7), (19, 3, 14), (20, 5, 10), (21, 9, 11), (22, 0, 11), (23, 8, 15), (24, 5, 27), (25, 8, 45), (26, 6, 18), (27, 2, 16), (28, 7, 16), (29, 4, 16), (30, 1, 16), (31, 6, 23), (32, 7, 23), (33, 5, 20), (34, 0, 20), (35, 8, 21), (36, 2, 32), (37, 9, 21), (38, 8, 27), (39, 6, 33), (40, 8, 39), (41, 3, 24), (42, 2, 24), (43, 4, 25), (44, 1, 22), (45, 6, 28), (46, 7, 33), (47, 9, 27), (48, 8, 32), (49, 1, 40), (50, 0, 27), (51, 3, 31), (52, 9, 32), (53, 4, 30), (54, 1, 27), (55, 5, 32), (56, 0, 37), (57, 7, 38), (58, 0, 42), (59, 3, 41), (60, 6, 42), (61, 4, 36), (62, 1, 33), (63, 9, 41), (64, 5, 41), (65, 7, 44), (66, 5, 51), (67, 3, 55), (68, 0, 51), (69, 3, 47), (70, 4, 46), (71, 2, 40), (72, 9, 48), (73, 7, 50), (74, 6, 49), (75, 8, 52), (76, 2, 50), (77, 5, 57), (78, 0, 56), (79, 6, 55), (80, 1, 64), (81, 4, 53), (82, 1, 50), (83, 9, 57), (84, 9, 66), (85, 0, 66), (86, 8, 63), (87, 6, 63), (88, 4, 60), (89, 7, 59), (90, 2, 59), (91, 2, 65), (92, 3, 65), (93, 7, 74), (94, 5, 73), (95, 0, 72), (96, 5, 67), (97, 4, 67), (98, 7, 68), (99, 2, 71), (100, 8, 71), (101, 3, 71), (102, 7, 80), (103, 3, 91), (104, 5, 81), (105, 3, 77), (106, 6, 72), (107, 4, 72), (108, 1, 73), (109, 9, 74), (110, 2, 79), (111, 0, 77), (112, 2, 90), (113, 6, 83), (114, 2, 84), (115, 3, 82), (116, 9, 79), (117, 6, 77), (118, 4, 82), (119, 7, 86), (120, 8, 79), (121, 5, 87), (122, 0, 87), (123, 6, 100), (124, 7, 91), (125, 9, 85), (126, 1, 83), (127, 4, 87), (128, 1, 89), (129, 8, 89), (130, 1, 99), (131, 5, 94), (132, 0, 94), (133, 7, 98), (134, 6, 91), (135, 9, 90), (136, 8, 96), (137, 4, 96), (138, 2, 97), (139, 0, 99), (140, 9, 97), (141, 8, 104), (142, 5, 100), (143, 7, 105), (144, 3, 101), (145, 2, 107), (146, 0, 104), (147, 4, 102), (148, 9, 103), (149, 1, 106), (150, 5, 106), (151, 4, 111), (152, 9, 113), (153, 7, 112), (154, 5, 116), (155, 3, 116), (156, 4, 118), (157, 2, 123), (158, 7, 118), (159, 3, 123), (160, 8, 123), (161, 1, 123), (162, 5, 123), (163, 0, 123), (164, 4, 125), (165, 9, 125), (166, 6, 130), (167, 3, 131), (168, 4, 132), (169, 2, 131), (170, 7, 135), (171, 9, 135), (172, 2, 138), (173, 5, 142), (174, 1, 138), (175, 3, 138), (176, 8, 142), (177, 7, 144), (178, 4, 144), (179, 0, 144), (180, 5, 152), (181, 2, 146), (182, 4, 150), (183, 6, 159), (184, 7, 167), (185, 0, 167), (186, 8, 172), (187, 2, 173), (188, 3, 182), (189, 1, 183), (190, 6, 192), (191, 0, 201), (192, 2, 207), (193, 2, 217)];0;178.20160222053528;218;3.8041857970682726;11.539293915971372;3.150846440816645;{'N': 30, 'obj': 'avg_rm'}
Obj. F. analysis SAA model (S1);STs1;./Data/PrecedenceGraphs/LOVATO_gr_aircraft1.txt;./Data/Tasks/exponential/tasks_exponential_194_0.txt;exponential;194;10;900;[(0, 7, 0), (1, 3, 1), (2, 6, 11), (3, 2, 22), (4, 9, 1), (5, 3, 6), (6, 8, 1), (7, 0, 1), (8, 7, 1), (9, 7, 6), (10, 8, 33), (11, 6, 1), (12, 5, 1), (13, 4, 1), (14, 1, 6), (15, 2, 6), (16, 0, 6), (17, 2, 16), (18, 1, 30), (19, 8, 38), (20, 3, 15), (21, 6, 16), (22, 5, 11), (23, 0, 22), (24, 1, 16), (25, 3, 36), (26, 3, 25), (27, 8, 25), (28, 5, 20), (29, 8, 16), (30, 0, 16), (31, 0, 82), (32, 7, 32), (33, 4, 25), (34, 7, 25), (35, 9, 36), (36, 1, 36), (37, 7, 42), (38, 4, 46), (39, 5, 77), (40, 3, 30), (41, 0, 34), (42, 6, 33), (43, 1, 25), (44, 9, 22), (45, 0, 103), (46, 0, 42), (47, 5, 32), (48, 9, 42), (49, 1, 48), (50, 6, 50), (51, 7, 48), (52, 6, 41), (53, 9, 30), (54, 0, 28), (55, 4, 37), (56, 0, 60), (57, 8, 72), (58, 6, 60), (59, 4, 51), (60, 7, 58), (61, 2, 36), (62, 4, 57), (63, 5, 46), (64, 5, 67), (65, 4, 74), (66, 4, 102), (67, 0, 73), (68, 3, 62), (69, 0, 65), (70, 2, 46), (71, 4, 64), (72, 3, 53), (73, 9, 53), (74, 4, 113), (75, 9, 96), (76, 4, 80), (77, 8, 113), (78, 2, 117), (79, 3, 77), (80, 1, 82), (81, 8, 53), (82, 3, 92), (83, 7, 65), (84, 8, 128), (85, 9, 162), (86, 3, 85), (87, 7, 85), (88, 5, 60), (89, 0, 108), (90, 8, 101), (91, 2, 73), (92, 7, 73), (93, 3, 136), (94, 4, 165), (95, 3, 101), (96, 0, 131), (97, 8, 67), (98, 7, 117), (99, 0, 95), (100, 0, 87), (101, 6, 82), (102, 5, 144), (103, 6, 106), (104, 2, 111), (105, 2, 106), (106, 3, 72), (107, 6, 72), (108, 7, 100), (109, 1, 125), (110, 7, 95), (111, 6, 88), (112, 8, 167), (113, 7, 128), (114, 8, 122), (115, 5, 111), (116, 6, 98), (117, 7, 79), (118, 2, 82), (119, 2, 139), (120, 1, 130), (121, 8, 106), (122, 2, 98), (123, 7, 136), (124, 4, 141), (125, 7, 123), (126, 8, 85), (127, 9, 87), (128, 9, 152), (129, 1, 140), (130, 9, 113), (131, 0, 117), (132, 4, 108), (133, 7, 153), (134, 8, 136), (135, 2, 91), (136, 0, 123), (137, 4, 96), (138, 6, 147), (139, 3, 152), (140, 2, 147), (141, 7, 183), (142, 3, 123), (143, 9, 199), (144, 4, 154), (145, 3, 106), (146, 4, 148), (147, 5, 102), (148, 1, 158), (149, 4, 129), (150, 2, 129), (151, 1, 111), (152, 8, 174), (153, 4, 135), (154, 7, 146), (155, 8, 145), (156, 1, 118), (157, 0, 184), (158, 6, 141), (159, 4, 160), (160, 9, 168), (161, 1, 153), (162, 0, 154), (163, 2, 153), (164, 9, 125), (165, 5, 131), (166, 9, 175), (167, 2, 163), (168, 9, 132), (169, 5, 137), (170, 9, 180), (171, 5, 180), (172, 0, 170), (173, 9, 142), (174, 0, 144), (175, 3, 144), (176, 3, 187), (177, 9, 189), (178, 8, 189), (179, 6, 189), (180, 5, 152), (181, 6, 157), (182, 9, 211), (183, 8, 159), (184, 7, 167), (185, 3, 167), (186, 2, 172), (187, 7, 173), (188, 6, 182), (189, 4, 183), (190, 2, 192), (191, 8, 201), (192, 1, 207), (193, 1, 217)];0;903.2140595912933;218;1.7249525299749497;5.083801700173998;4.776322827422553;{'N': 30, 'obj': 'avg_exp_ovp'}
Obj. F. analysis SAA model (S2);STs2;./Data/PrecedenceGraphs/LOVATO_gr_aircraft1.txt;./Data/Tasks/exponential/tasks_exponential_194_0.txt;exponential;194;10;900;[(0, 9, 0), (1, 3, 1), (2, 2, 1), (3, 5, 1), (4, 6, 1), (5, 4, 1), (6, 3, 16), (7, 8, 1), (8, 1, 11), (9, 5, 10), (10, 9, 1), (11, 1, 1), (12, 3, 24), (13, 7, 1), (14, 9, 6), (15, 3, 6), (16, 0, 6), (17, 2, 12), (18, 2, 6), (19, 7, 23), (20, 4, 10), (21, 7, 7), (22, 6, 11), (23, 3, 30), (24, 1, 22), (25, 9, 33), (26, 9, 16), (27, 8, 30), (28, 5, 18), (29, 8, 16), (30, 1, 16), (31, 3, 36), (32, 2, 18), (33, 6, 20), (34, 4, 20), (35, 7, 17), (36, 6, 42), (37, 9, 21), (38, 5, 25), (39, 8, 46), (40, 4, 27), (41, 3, 41), (42, 8, 38), (43, 8, 25), (44, 9, 27), (45, 1, 41), (46, 4, 33), (47, 6, 27), (48, 5, 30), (49, 7, 33), (50, 6, 32), (51, 3, 48), (52, 0, 46), (53, 0, 30), (54, 7, 43), (55, 1, 46), (56, 4, 42), (57, 9, 68), (58, 6, 69), (59, 0, 55), (60, 0, 61), (61, 0, 36), (62, 7, 49), (63, 1, 55), (64, 2, 55), (65, 3, 79), (66, 9, 78), (67, 4, 61), (68, 0, 68), (69, 6, 61), (70, 9, 46), (71, 1, 72), (72, 3, 62), (73, 2, 65), (74, 9, 62), (75, 6, 85), (76, 5, 88), (77, 9, 84), (78, 0, 73), (79, 3, 71), (80, 9, 120), (81, 5, 53), (82, 1, 82), (83, 7, 71), (84, 6, 115), (85, 7, 102), (86, 3, 85), (87, 4, 87), (88, 8, 60), (89, 6, 100), (90, 1, 91), (91, 5, 82), (92, 2, 79), (93, 6, 129), (94, 4, 96), (95, 2, 96), (96, 2, 72), (97, 1, 67), (98, 6, 109), (99, 3, 92), (100, 6, 92), (101, 2, 88), (102, 7, 160), (103, 3, 125), (104, 0, 101), (105, 2, 101), (106, 7, 79), (107, 5, 72), (108, 0, 79), (109, 5, 115), (110, 5, 100), (111, 1, 96), (112, 7, 176), (113, 2, 106), (114, 4, 106), (115, 5, 120), (116, 7, 84), (117, 9, 99), (118, 4, 82), (119, 5, 129), (120, 9, 129), (121, 3, 135), (122, 1, 107), (123, 4, 112), (124, 2, 129), (125, 9, 93), (126, 7, 108), (127, 8, 87), (128, 9, 139), (129, 2, 143), (130, 1, 142), (131, 3, 142), (132, 6, 123), (133, 2, 136), (134, 9, 105), (135, 7, 114), (136, 8, 96), (137, 7, 96), (138, 5, 170), (139, 2, 150), (140, 7, 154), (141, 4, 148), (142, 7, 148), (143, 5, 164), (144, 9, 114), (145, 7, 121), (146, 8, 104), (147, 3, 102), (148, 2, 160), (149, 0, 154), (150, 5, 154), (151, 3, 111), (152, 2, 170), (153, 3, 161), (154, 1, 164), (155, 0, 164), (156, 3, 118), (157, 4, 180), (158, 3, 167), (159, 0, 171), (160, 1, 171), (161, 7, 171), (162, 6, 173), (163, 5, 180), (164, 0, 125), (165, 8, 125), (166, 1, 178), (167, 7, 184), (168, 0, 132), (169, 8, 131), (170, 2, 183), (171, 9, 183), (172, 3, 191), (173, 8, 142), (174, 3, 148), (175, 1, 149), (176, 1, 190), (177, 2, 193), (178, 0, 193), (179, 9, 192), (180, 8, 152), (181, 8, 183), (182, 1, 200), (183, 4, 159), (184, 8, 167), (185, 6, 167), (186, 9, 172), (187, 8, 173), (188, 3, 182), (189, 0, 183), (190, 6, 192), (191, 5, 201), (192, 8, 207), (193, 1, 217)];0;415.26220750808716;218;1.6720247729044264;4.1383534889119975;3.776836951927086;{'N': 30, 'obj': 'max_exp_ovp'}
Obj. F. analysis SAA model (additional Obj F 1);STmR;./Data/PrecedenceGraphs/LOVATO_gr_aircraft1.txt;./Data/Tasks/exponential/tasks_exponential_194_0.txt;exponential;194;10;900;[(0, 0, 0), (1, 9, 1), (2, 6, 1), (3, 1, 1), (4, 4, 1), (5, 3, 1), (6, 8, 1), (7, 0, 1), (8, 8, 9), (9, 5, 7), (10, 7, 13), (11, 2, 1), (12, 7, 1), (13, 5, 1), (14, 6, 6), (15, 9, 6), (16, 0, 6), (17, 1, 10), (18, 7, 7), (19, 5, 15), (20, 3, 10), (21, 2, 11), (22, 4, 11), (23, 8, 14), (24, 7, 33), (25, 1, 40), (26, 7, 18), (27, 6, 16), (28, 1, 16), (29, 0, 16), (30, 9, 16), (31, 1, 23), (32, 7, 23), (33, 4, 20), (34, 3, 20), (35, 2, 21), (36, 3, 27), (37, 8, 20), (38, 9, 33), (39, 4, 27), (40, 4, 56), (41, 0, 25), (42, 6, 24), (43, 5, 25), (44, 9, 22), (45, 1, 28), (46, 3, 35), (47, 2, 27), (48, 9, 38), (49, 7, 38), (50, 8, 26), (51, 2, 32), (52, 6, 32), (53, 5, 30), (54, 9, 27), (55, 0, 32), (56, 8, 36), (57, 4, 36), (58, 2, 42), (59, 6, 41), (60, 4, 42), (61, 5, 36), (62, 1, 33), (63, 0, 41), (64, 8, 41), (65, 9, 45), (66, 2, 51), (67, 7, 54), (68, 6, 47), (69, 1, 47), (70, 5, 46), (71, 3, 40), (72, 0, 48), (73, 4, 49), (74, 7, 48), (75, 9, 51), (76, 8, 51), (77, 2, 57), (78, 6, 52), (79, 1, 55), (80, 4, 63), (81, 5, 53), (82, 3, 50), (83, 0, 57), (84, 6, 66), (85, 2, 66), (86, 7, 63), (87, 9, 63), (88, 8, 60), (89, 3, 59), (90, 6, 59), (91, 0, 65), (92, 1, 65), (93, 3, 74), (94, 8, 73), (95, 9, 72), (96, 8, 67), (97, 5, 67), (98, 3, 68), (99, 7, 71), (100, 0, 71), (101, 1, 71), (102, 3, 80), (103, 3, 93), (104, 8, 86), (105, 1, 77), (106, 4, 72), (107, 2, 72), (108, 5, 72), (109, 6, 74), (110, 7, 79), (111, 9, 77), (112, 3, 86), (113, 7, 84), (114, 5, 82), (115, 1, 82), (116, 6, 79), (117, 4, 77), (118, 2, 82), (119, 8, 81), (120, 0, 79), (121, 5, 88), (122, 9, 87), (123, 8, 92), (124, 1, 91), (125, 6, 85), (126, 4, 83), (127, 2, 87), (128, 6, 90), (129, 0, 89), (130, 7, 101), (131, 9, 94), (132, 5, 95), (133, 1, 98), (134, 7, 92), (135, 4, 89), (136, 0, 96), (137, 2, 96), (138, 9, 100), (139, 6, 100), (140, 4, 96), (141, 3, 103), (142, 5, 100), (143, 6, 105), (144, 1, 105), (145, 8, 102), (146, 0, 104), (147, 2, 102), (148, 4, 102), (149, 3, 108), (150, 5, 106), (151, 9, 111), (152, 2, 112), (153, 4, 114), (154, 0, 116), (155, 1, 116), (156, 6, 118), (157, 3, 122), (158, 8, 120), (159, 7, 123), (160, 5, 123), (161, 1, 123), (162, 9, 123), (163, 2, 123), (164, 4, 125), (165, 0, 125), (166, 1, 130), (167, 0, 131), (168, 7, 132), (169, 3, 131), (170, 2, 135), (171, 9, 135), (172, 6, 138), (173, 3, 142), (174, 8, 138), (175, 1, 138), (176, 7, 142), (177, 2, 144), (178, 5, 144), (179, 4, 144), (180, 1, 152), (181, 9, 146), (182, 5, 150), (183, 4, 159), (184, 7, 167), (185, 3, 167), (186, 5, 172), (187, 2, 173), (188, 4, 182), (189, 8, 183), (190, 9, 192), (191, 4, 201), (192, 8, 207), (193, 1, 217)];0;87.02754664421082;218;3.521563937107434;8.861398195757914;7.339349023624251;{'N': 30, 'obj': 'max_rm'}
Obj. F. analysis SAA model (additional Obj F 2);STmS;./Data/PrecedenceGraphs/LOVATO_gr_aircraft1.txt;./Data/Tasks/exponential/tasks_exponential_194_0.txt;exponential;194;10;900;[(0, 1, 0), (1, 3, 1), (2, 5, 59), (3, 2, 10), (4, 5, 1), (5, 2, 1), (6, 9, 1), (7, 2, 19), (8, 1, 1), (9, 7, 7), (10, 7, 25), (11, 5, 21), (12, 7, 1), (13, 0, 1), (14, 0, 7), (15, 8, 6), (16, 5, 11), (17, 3, 6), (18, 6, 73), (19, 5, 69), (20, 7, 15), (21, 4, 72), (22, 6, 31), (23, 2, 123), (24, 5, 64), (25, 4, 155), (26, 1, 25), (27, 9, 17), (28, 4, 17), (29, 1, 16), (30, 0, 21), (31, 2, 24), (32, 0, 27), (33, 4, 25), (34, 8, 30), (35, 4, 102), (36, 3, 116), (37, 5, 40), (38, 7, 40), (39, 9, 36), (40, 6, 40), (41, 4, 46), (42, 5, 31), (43, 8, 25), (44, 8, 37), (45, 2, 94), (46, 3, 48), (47, 2, 32), (48, 8, 108), (49, 8, 46), (50, 1, 46), (51, 2, 54), (52, 3, 39), (53, 9, 30), (54, 5, 46), (55, 2, 37), (56, 9, 56), (57, 2, 73), (58, 6, 64), (59, 2, 48), (60, 1, 67), (61, 4, 36), (62, 0, 52), (63, 5, 52), (64, 4, 53), (65, 7, 90), (66, 9, 79), (67, 2, 64), (68, 0, 59), (69, 7, 82), (70, 9, 46), (71, 7, 60), (72, 3, 59), (73, 8, 65), (74, 8, 59), (75, 7, 132), (76, 1, 105), (77, 3, 96), (78, 1, 74), (79, 8, 90), (80, 9, 206), (81, 7, 53), (82, 9, 70), (83, 8, 72), (84, 5, 112), (85, 6, 105), (86, 4, 143), (87, 7, 106), (88, 1, 60), (89, 8, 80), (90, 5, 79), (91, 4, 82), (92, 6, 80), (93, 9, 125), (94, 5, 120), (95, 7, 115), (96, 0, 67), (97, 4, 67), (98, 1, 89), (99, 5, 88), (100, 4, 88), (101, 2, 88), (102, 2, 131), (103, 7, 153), (104, 7, 147), (105, 0, 132), (106, 3, 72), (107, 7, 72), (108, 4, 108), (109, 7, 96), (110, 7, 101), (111, 1, 95), (112, 6, 159), (113, 7, 139), (114, 1, 155), (115, 8, 137), (116, 9, 85), (117, 4, 96), (118, 2, 82), (119, 2, 118), (120, 9, 102), (121, 9, 131), (122, 5, 105), (123, 3, 192), (124, 0, 153), (125, 3, 111), (126, 3, 105), (127, 3, 87), (128, 0, 143), (129, 4, 118), (130, 8, 166), (131, 2, 112), (132, 8, 115), (133, 7, 163), (134, 9, 138), (135, 6, 118), (136, 8, 146), (137, 9, 96), (138, 6, 172), (139, 4, 150), (140, 0, 126), (141, 2, 137), (142, 0, 120), (143, 9, 199), (144, 5, 178), (145, 6, 182), (146, 9, 154), (147, 2, 102), (148, 3, 132), (149, 4, 126), (150, 8, 126), (151, 6, 111), (152, 5, 158), (153, 0, 137), (154, 4, 136), (155, 1, 136), (156, 9, 118), (157, 1, 168), (158, 5, 152), (159, 3, 167), (160, 1, 143), (161, 6, 143), (162, 3, 143), (163, 5, 168), (164, 7, 125), (165, 2, 154), (166, 1, 150), (167, 3, 151), (168, 6, 132), (169, 9, 182), (170, 0, 173), (171, 9, 160), (172, 8, 158), (173, 5, 142), (174, 8, 189), (175, 8, 199), (176, 1, 180), (177, 9, 189), (178, 4, 169), (179, 8, 173), (180, 6, 152), (181, 3, 207), (182, 2, 175), (183, 3, 159), (184, 6, 167), (185, 0, 167), (186, 9, 172), (187, 3, 173), (188, 5, 184), (189, 3, 183), (190, 0, 192), (191, 0, 201), (192, 1, 207), (193, 2, 217)];0;130.9074101448059;218;3.06671249990796;9.692189702297119;9.692189702297119;{'N': 30, 'obj': 'max_max_ovp'}
Obj. F. analysis Model With Bounded Makespan (RM);MBr;./Data/PrecedenceGraphs/LOVATO_gr_aircraft1.txt;./Data/Tasks/exponential/tasks_exponential_194_0.txt;exponential;194;10;900;[(0, 5, 0), (1, 4, 1), (2, 2, 1), (3, 5, 1), (4, 1, 1), (5, 0, 1), (6, 3, 1), (7, 9, 1), (8, 3, 9), (9, 8, 7), (10, 7, 13), (11, 6, 1), (12, 7, 1), (13, 8, 1), (14, 2, 6), (15, 9, 6), (16, 4, 6), (17, 5, 10), (18, 7, 7), (19, 3, 14), (20, 0, 10), (21, 1, 11), (22, 6, 11), (23, 8, 15), (24, 1, 27), (25, 0, 56), (26, 7, 18), (27, 9, 16), (28, 4, 16), (29, 2, 16), (30, 5, 16), (31, 7, 23), (32, 4, 23), (33, 6, 20), (34, 0, 20), (35, 1, 21), (36, 8, 33), (37, 8, 21), (38, 7, 28), (39, 0, 34), (40, 0, 43), (41, 3, 24), (42, 9, 24), (43, 2, 25), (44, 5, 22), (45, 5, 32), (46, 4, 33), (47, 5, 27), (48, 0, 27), (49, 4, 38), (50, 6, 27), (51, 3, 31), (52, 9, 32), (53, 2, 30), (54, 8, 27), (55, 1, 32), (56, 6, 37), (57, 5, 37), (58, 1, 41), (59, 9, 41), (60, 6, 42), (61, 2, 36), (62, 7, 33), (63, 8, 41), (64, 3, 41), (65, 5, 43), (66, 1, 50), (67, 3, 51), (68, 5, 49), (69, 9, 47), (70, 2, 46), (71, 7, 40), (72, 8, 48), (73, 0, 49), (74, 4, 48), (75, 5, 54), (76, 6, 49), (77, 6, 56), (78, 4, 54), (79, 9, 55), (80, 3, 60), (81, 2, 53), (82, 7, 50), (83, 8, 57), (84, 6, 65), (85, 7, 65), (86, 4, 63), (87, 5, 63), (88, 2, 60), (89, 1, 59), (90, 7, 59), (91, 0, 65), (92, 8, 65), (93, 6, 73), (94, 9, 73), (95, 2, 72), (96, 9, 67), (97, 2, 67), (98, 1, 68), (99, 4, 71), (100, 3, 71), (101, 8, 71), (102, 6, 79), (103, 1, 92), (104, 9, 81), (105, 0, 77), (106, 0, 72), (107, 5, 72), (108, 7, 72), (109, 1, 74), (110, 3, 79), (111, 2, 77), (112, 1, 85), (113, 3, 84), (114, 7, 82), (115, 0, 82), (116, 1, 79), (117, 8, 77), (118, 5, 82), (119, 7, 88), (120, 4, 79), (121, 9, 87), (122, 2, 87), (123, 7, 93), (124, 0, 91), (125, 6, 85), (126, 8, 83), (127, 5, 87), (128, 6, 90), (129, 8, 89), (130, 3, 101), (131, 9, 94), (132, 2, 94), (133, 0, 98), (134, 3, 92), (135, 4, 89), (136, 8, 96), (137, 5, 96), (138, 9, 100), (139, 2, 99), (140, 4, 96), (141, 8, 104), (142, 6, 100), (143, 0, 105), (144, 1, 102), (145, 7, 103), (146, 2, 104), (147, 5, 102), (148, 4, 102), (149, 6, 106), (150, 3, 108), (151, 5, 111), (152, 4, 112), (153, 9, 112), (154, 3, 118), (155, 9, 118), (156, 2, 118), (157, 8, 122), (158, 0, 118), (159, 7, 125), (160, 1, 125), (161, 3, 125), (162, 9, 125), (163, 2, 125), (164, 6, 125), (165, 0, 125), (166, 7, 132), (167, 9, 133), (168, 6, 132), (169, 4, 131), (170, 3, 137), (171, 1, 137), (172, 7, 140), (173, 6, 142), (174, 0, 138), (175, 2, 138), (176, 3, 144), (177, 9, 146), (178, 8, 146), (179, 1, 146), (180, 4, 152), (181, 5, 146), (182, 7, 152), (183, 4, 159), (184, 8, 167), (185, 0, 167), (186, 1, 172), (187, 9, 173), (188, 6, 182), (189, 8, 183), (190, 8, 192), (191, 7, 201), (192, 6, 207), (193, 4, 222)];0;185.5231237411499;223;3.6153215947676975;9.672397966855216;1.0888265508991923;{'N': 30, 'makespan_delta': 5, 'first_runner': <function run_cp_simp at 0x0000024E55E50540>, 'first_runner_params': {}, 'first_time_limit': 60, 'obj': 'avg_rm'}
Obj. F. analysis Model With Bounded Makespan (S1);MBs1;./Data/PrecedenceGraphs/LOVATO_gr_aircraft1.txt;./Data/Tasks/exponential/tasks_exponential_194_0.txt;exponential;194;10;900;[(0, 1, 0), (1, 9, 1), (2, 4, 9), (3, 7, 1), (4, 5, 1), (5, 2, 1), (6, 4, 1), (7, 6, 1), (8, 0, 1), (9, 0, 18), (10, 7, 10), (11, 3, 1), (12, 8, 7), (13, 8, 1), (14, 9, 6), (15, 1, 6), (16, 0, 6), (17, 6, 6), (18, 4, 14), (19, 8, 25), (20, 2, 10), (21, 3, 11), (22, 5, 11), (23, 6, 27), (24, 3, 34), (25, 9, 16), (26, 6, 22), (27, 7, 16), (28, 8, 18), (29, 5, 20), (30, 1, 16), (31, 8, 13), (32, 6, 12), (33, 2, 20), (34, 3, 21), (35, 9, 23), (36, 6, 38), (37, 4, 20), (38, 6, 33), (39, 8, 35), (40, 3, 28), (41, 7, 24), (42, 0, 31), (43, 5, 29), (44, 1, 22), (45, 2, 43), (46, 0, 26), (47, 2, 27), (48, 9, 29), (49, 0, 125), (50, 4, 26), (51, 7, 31), (52, 0, 39), (53, 5, 34), (54, 1, 27), (55, 2, 32), (56, 4, 36), (57, 9, 36), (58, 5, 54), (59, 8, 48), (60, 2, 48), (61, 5, 41), (62, 1, 33), (63, 7, 41), (64, 0, 52), (65, 4, 41), (66, 5, 63), (67, 3, 54), (68, 4, 154), (69, 8, 54), (70, 4, 51), (71, 1, 40), (72, 9, 48), (73, 7, 48), (74, 6, 48), (75, 3, 47), (76, 4, 81), (77, 8, 69), (78, 6, 168), (79, 9, 62), (80, 5, 138), (81, 4, 58), (82, 1, 50), (83, 6, 57), (84, 4, 89), (85, 1, 78), (86, 4, 70), (87, 3, 70), (88, 7, 65), (89, 1, 59), (90, 5, 116), (91, 5, 80), (92, 2, 65), (93, 9, 97), (94, 1, 156), (95, 5, 123), (96, 7, 72), (97, 6, 72), (98, 0, 68), (99, 7, 86), (100, 0, 86), (101, 4, 98), (102, 8, 103), (103, 1, 164), (104, 9, 164), (105, 5, 164), (106, 6, 78), (107, 9, 77), (108, 2, 77), (109, 0, 74), (110, 4, 120), (111, 0, 104), (112, 4, 109), (113, 5, 169), (114, 5, 177), (115, 4, 169), (116, 3, 83), (117, 8, 83), (118, 9, 87), (119, 7, 79), (120, 6, 114), (121, 3, 125), (122, 1, 114), (123, 4, 183), (124, 3, 178), (125, 6, 89), (126, 5, 89), (127, 1, 92), (128, 2, 124), (129, 7, 124), (130, 3, 132), (131, 4, 125), (132, 9, 121), (133, 6, 185), (134, 3, 94), (135, 5, 95), (136, 6, 101), (137, 1, 101), (138, 7, 131), (139, 5, 131), (140, 9, 131), (141, 4, 131), (142, 1, 131), (143, 6, 192), (144, 7, 103), (145, 6, 210), (146, 3, 109), (147, 2, 107), (148, 0, 157), (149, 3, 142), (150, 6, 137), (151, 2, 116), (152, 0, 167), (153, 5, 148), (154, 2, 148), (155, 7, 147), (156, 8, 123), (157, 1, 212), (158, 9, 154), (159, 7, 155), (160, 4, 161), (161, 6, 155), (162, 2, 155), (163, 1, 177), (164, 6, 130), (165, 8, 130), (166, 7, 168), (167, 3, 163), (168, 2, 137), (169, 0, 136), (170, 1, 198), (171, 7, 173), (172, 9, 170), (173, 8, 147), (174, 1, 143), (175, 9, 143), (176, 4, 206), (177, 0, 182), (178, 9, 192), (179, 3, 192), (180, 8, 157), (181, 3, 151), (182, 2, 199), (183, 8, 164), (184, 8, 172), (185, 2, 172), (186, 8, 177), (187, 2, 178), (188, 5, 188), (189, 8, 188), (190, 7, 197), (191, 3, 206), (192, 7, 212), (193, 6, 222)];94.8347;904.2473890781403;223;1.0190078669170917;3.4889136974509225;3.169058937026068;{'N': 30, 'makespan_delta': 5, 'first_runner': <function run_cp_simp at 0x0000024E55E50540>, 'first_runner_params': {}, 'first_time_limit': 60, 'obj': 'avg_exp_ovp'}
Obj. F. analysis Model With Bounded Makespan (S2);MBs2;./Data/PrecedenceGraphs/LOVATO_gr_aircraft1.txt;./Data/Tasks/exponential/tasks_exponential_194_0.txt;exponential;194;10;900;[(0, 3, 0), (1, 5, 1), (2, 2, 1), (3, 0, 20), (4, 6, 1), (5, 8, 1), (6, 7, 1), (7, 5, 14), (8, 3, 16), (9, 5, 6), (10, 4, 11), (11, 4, 1), (12, 9, 1), (13, 3, 34), (14, 9, 7), (15, 3, 6), (16, 2, 6), (17, 7, 9), (18, 1, 6), (19, 7, 46), (20, 0, 10), (21, 5, 19), (22, 6, 11), (23, 1, 12), (24, 4, 30), (25, 3, 53), (26, 5, 29), (27, 2, 17), (28, 1, 36), (29, 8, 16), (30, 9, 17), (31, 3, 21), (32, 2, 33), (33, 0, 29), (34, 7, 20), (35, 1, 43), (36, 0, 36), (37, 6, 21), (38, 4, 45), (39, 4, 36), (40, 2, 43), (41, 8, 26), (42, 2, 25), (43, 4, 25), (44, 9, 23), (45, 0, 44), (46, 8, 44), (47, 5, 36), (48, 2, 65), (49, 2, 72), (50, 6, 28), (51, 8, 33), (52, 1, 50), (53, 1, 30), (54, 3, 28), (55, 9, 41), (56, 6, 38), (57, 3, 60), (58, 3, 66), (59, 2, 59), (60, 9, 59), (61, 7, 36), (62, 5, 41), (63, 6, 50), (64, 8, 82), (65, 6, 57), (66, 9, 75), (67, 6, 70), (68, 1, 87), (69, 7, 65), (70, 3, 46), (71, 5, 48), (72, 4, 57), (73, 6, 80), (74, 9, 66), (75, 1, 92), (76, 6, 63), (77, 0, 81), (78, 6, 92), (79, 7, 73), (80, 8, 103), (81, 0, 53), (82, 5, 58), (83, 1, 67), (84, 2, 105), (85, 0, 101), (86, 6, 98), (87, 2, 89), (88, 8, 60), (89, 0, 67), (90, 4, 68), (91, 3, 76), (92, 7, 82), (93, 9, 113), (94, 1, 113), (95, 7, 98), (96, 7, 103), (97, 8, 67), (98, 9, 81), (99, 3, 142), (100, 6, 119), (101, 1, 99), (102, 9, 120), (103, 0, 107), (104, 1, 106), (105, 4, 103), (106, 5, 72), (107, 8, 72), (108, 5, 83), (109, 4, 90), (110, 2, 127), (111, 7, 109), (112, 1, 133), (113, 3, 127), (114, 8, 112), (115, 6, 127), (116, 5, 77), (117, 4, 77), (118, 1, 82), (119, 2, 113), (120, 5, 95), (121, 3, 135), (122, 5, 123), (123, 8, 118), (124, 9, 136), (125, 2, 84), (126, 4, 83), (127, 3, 87), (128, 0, 134), (129, 5, 106), (130, 9, 144), (131, 6, 137), (132, 8, 130), (133, 1, 144), (134, 0, 91), (135, 2, 98), (136, 9, 96), (137, 8, 96), (138, 5, 113), (139, 2, 133), (140, 4, 125), (141, 0, 145), (142, 8, 143), (143, 1, 151), (144, 7, 119), (145, 4, 115), (146, 4, 108), (147, 3, 103), (148, 4, 131), (149, 4, 149), (150, 8, 149), (151, 6, 112), (152, 4, 176), (153, 0, 155), (154, 9, 159), (155, 4, 159), (156, 3, 119), (157, 4, 187), (158, 2, 162), (159, 9, 166), (160, 7, 166), (161, 5, 166), (162, 0, 166), (163, 4, 166), (164, 0, 127), (165, 1, 127), (166, 5, 173), (167, 9, 174), (168, 7, 134), (169, 5, 133), (170, 6, 178), (171, 5, 178), (172, 7, 182), (173, 5, 145), (174, 2, 141), (175, 6, 143), (176, 9, 185), (177, 2, 188), (178, 1, 188), (179, 4, 195), (180, 3, 155), (181, 7, 151), (182, 1, 194), (183, 6, 162), (184, 3, 170), (185, 8, 170), (186, 3, 176), (187, 2, 176), (188, 0, 186), (189, 8, 187), (190, 8, 196), (191, 2, 206), (192, 8, 212), (193, 9, 222)];0;541.9596455097198;223;1.1403722460062113;2.175200444948465;1.2338829285371589;{'N': 30, 'makespan_delta': 5, 'first_runner': <function run_cp_simp at 0x0000024E55E50540>, 'first_runner_params': {}, 'first_time_limit': 60, 'obj': 'max_exp_ovp'}
Obj. F. analysis Model With Bounded Makespan (additional Obj F 1);MBmR;./Data/PrecedenceGraphs/LOVATO_gr_aircraft1.txt;./Data/Tasks/exponential/tasks_exponential_194_0.txt;exponential;194;10;900;[(0, 7, 0), (1, 0, 1), (2, 9, 1), (3, 3, 1), (4, 2, 1), (5, 4, 1), (6, 5, 1), (7, 8, 1), (8, 5, 9), (9, 6, 7), (10, 1, 13), (11, 7, 1), (12, 6, 1), (13, 1, 1), (14, 8, 6), (15, 9, 6), (16, 0, 6), (17, 7, 11), (18, 1, 7), (19, 6, 15), (20, 3, 10), (21, 4, 10), (22, 2, 11), (23, 5, 14), (24, 4, 26), (25, 4, 39), (26, 1, 18), (27, 8, 16), (28, 7, 17), (29, 0, 16), (30, 9, 16), (31, 0, 25), (32, 1, 23), (33, 2, 20), (34, 5, 20), (35, 4, 20), (36, 4, 31), (37, 3, 20), (38, 0, 30), (39, 9, 27), (40, 6, 46), (41, 7, 24), (42, 8, 24), (43, 6, 25), (44, 9, 22), (45, 1, 33), (46, 0, 35), (47, 5, 27), (48, 9, 36), (49, 2, 40), (50, 3, 26), (51, 7, 31), (52, 8, 32), (53, 6, 30), (54, 2, 27), (55, 5, 32), (56, 3, 36), (57, 1, 38), (58, 8, 41), (59, 3, 41), (60, 9, 43), (61, 6, 36), (62, 2, 33), (63, 5, 41), (64, 7, 41), (65, 1, 44), (66, 9, 50), (67, 9, 56), (68, 7, 51), (69, 3, 47), (70, 4, 46), (71, 0, 40), (72, 5, 48), (73, 1, 50), (74, 8, 50), (75, 6, 52), (76, 0, 50), (77, 7, 56), (78, 8, 56), (79, 3, 55), (80, 5, 65), (81, 4, 53), (82, 2, 50), (83, 5, 57), (84, 9, 65), (85, 3, 65), (86, 8, 63), (87, 4, 63), (88, 6, 60), (89, 2, 59), (90, 1, 59), (91, 7, 65), (92, 0, 65), (93, 6, 73), (94, 2, 74), (95, 8, 72), (96, 6, 67), (97, 1, 67), (98, 2, 68), (99, 3, 71), (100, 7, 71), (101, 0, 71), (102, 6, 79), (103, 0, 99), (104, 1, 82), (105, 1, 77), (106, 1, 72), (107, 4, 72), (108, 9, 73), (109, 5, 74), (110, 3, 79), (111, 0, 77), (112, 9, 88), (113, 6, 85), (114, 3, 84), (115, 2, 82), (116, 7, 79), (117, 8, 77), (118, 4, 82), (119, 9, 83), (120, 5, 79), (121, 1, 88), (122, 0, 87), (123, 6, 93), (124, 2, 91), (125, 7, 85), (126, 8, 83), (127, 4, 87), (128, 8, 89), (129, 5, 89), (130, 1, 95), (131, 9, 95), (132, 0, 94), (133, 2, 98), (134, 3, 90), (135, 7, 90), (136, 5, 96), (137, 4, 96), (138, 8, 99), (139, 3, 99), (140, 7, 97), (141, 7, 103), (142, 9, 101), (143, 2, 105), (144, 5, 104), (145, 1, 102), (146, 3, 104), (147, 4, 102), (148, 6, 103), (149, 7, 108), (150, 9, 107), (151, 0, 111), (152, 8, 113), (153, 7, 114), (154, 4, 117), (155, 6, 117), (156, 1, 118), (157, 0, 123), (158, 5, 120), (159, 8, 124), (160, 9, 124), (161, 6, 124), (162, 3, 124), (163, 2, 124), (164, 7, 125), (165, 4, 125), (166, 9, 131), (167, 6, 132), (168, 1, 132), (169, 0, 131), (170, 2, 136), (171, 5, 136), (172, 8, 139), (173, 1, 142), (174, 7, 138), (175, 4, 138), (176, 6, 143), (177, 2, 145), (178, 5, 145), (179, 0, 145), (180, 1, 152), (181, 9, 146), (182, 8, 151), (183, 3, 159), (184, 7, 167), (185, 8, 167), (186, 1, 172), (187, 0, 173), (188, 7, 182), (189, 5, 183), (190, 3, 192), (191, 5, 201), (192, 0, 207), (193, 7, 222)];0;126.37731957435608;223;3.78313401450783;8.667364084559464;2.409904002961628;{'N': 30, 'makespan_delta': 5, 'first_runner': <function run_cp_simp at 0x0000024E55E50540>, 'first_runner_params': {}, 'first_time_limit': 60, 'obj': 'max_rm'}
Obj. F. analysis Model With Bounded Makespan (additional Obj F 2);MBmS;./Data/PrecedenceGraphs/LOVATO_gr_aircraft1.txt;./Data/Tasks/exponential/tasks_exponential_194_0.txt;exponential;194;10;900;[(0, 4, 0), (1, 4, 1), (2, 5, 1), (3, 3, 1), (4, 7, 1), (5, 1, 1), (6, 2, 1), (7, 9, 1), (8, 3, 10), (9, 6, 7), (10, 0, 13), (11, 8, 1), (12, 0, 1), (13, 6, 1), (14, 5, 6), (15, 4, 6), (16, 9, 6), (17, 2, 9), (18, 0, 7), (19, 3, 15), (20, 1, 10), (21, 7, 11), (22, 8, 11), (23, 1, 46), (24, 8, 33), (25, 2, 46), (26, 7, 21), (27, 5, 16), (28, 0, 18), (29, 4, 16), (30, 9, 16), (31, 6, 15), (32, 2, 15), (33, 6, 20), (34, 8, 20), (35, 2, 25), (36, 9, 32), (37, 1, 20), (38, 2, 31), (39, 7, 26), (40, 1, 40), (41, 0, 25), (42, 5, 24), (43, 4, 25), (44, 9, 22), (45, 3, 26), (46, 1, 27), (47, 9, 27), (48, 7, 35), (49, 4, 36), (50, 6, 27), (51, 0, 32), (52, 5, 32), (53, 4, 30), (54, 8, 27), (55, 3, 32), (56, 8, 38), (57, 6, 38), (58, 0, 42), (59, 5, 41), (60, 6, 44), (61, 2, 36), (62, 1, 33), (63, 7, 42), (64, 3, 42), (65, 8, 44), (66, 6, 51), (67, 6, 57), (68, 2, 53), (69, 5, 47), (70, 4, 46), (71, 9, 40), (72, 7, 49), (73, 3, 52), (74, 9, 51), (75, 1, 53), (76, 8, 50), (77, 8, 57), (78, 9, 59), (79, 5, 55), (80, 7, 66), (81, 4, 55), (82, 0, 51), (83, 7, 58), (84, 9, 68), (85, 8, 68), (86, 1, 65), (87, 0, 65), (88, 2, 62), (89, 3, 60), (90, 0, 60), (91, 5, 66), (92, 4, 66), (93, 3, 76), (94, 9, 76), (95, 2, 75), (96, 3, 69), (97, 2, 69), (98, 6, 69), (99, 5, 73), (100, 4, 73), (101, 1, 73), (102, 8, 85), (103, 8, 98), (104, 3, 85), (105, 1, 80), (106, 7, 75), (107, 0, 75), (108, 8, 75), (109, 6, 78), (110, 4, 81), (111, 7, 80), (112, 7, 91), (113, 4, 86), (114, 9, 89), (115, 1, 86), (116, 5, 81), (117, 2, 80), (118, 0, 85), (119, 9, 84), (120, 6, 83), (121, 8, 91), (122, 3, 91), (123, 6, 109), (124, 1, 96), (125, 5, 87), (126, 2, 87), (127, 0, 90), (128, 5, 93), (129, 6, 93), (130, 7, 98), (131, 3, 98), (132, 9, 98), (133, 1, 103), (134, 4, 95), (135, 2, 94), (136, 6, 100), (137, 0, 99), (138, 3, 104), (139, 5, 104), (140, 2, 101), (141, 4, 105), (142, 9, 104), (143, 4, 111), (144, 8, 108), (145, 7, 105), (146, 5, 109), (147, 0, 105), (148, 2, 107), (149, 9, 110), (150, 1, 110), (151, 0, 114), (152, 8, 117), (153, 3, 117), (154, 7, 120), (155, 9, 120), (156, 6, 121), (157, 9, 127), (158, 2, 123), (159, 3, 128), (160, 0, 128), (161, 8, 128), (162, 7, 128), (163, 5, 127), (164, 4, 128), (165, 1, 128), (166, 8, 136), (167, 7, 136), (168, 6, 135), (169, 0, 137), (170, 9, 141), (171, 2, 141), (172, 8, 144), (173, 7, 146), (174, 0, 144), (175, 3, 144), (176, 6, 148), (177, 9, 152), (178, 1, 152), (179, 2, 152), (180, 6, 156), (181, 8, 154), (182, 3, 158), (183, 0, 163), (184, 5, 171), (185, 3, 171), (186, 7, 176), (187, 8, 177), (188, 1, 186), (189, 5, 187), (190, 5, 196), (191, 7, 206), (192, 5, 212), (193, 3, 222)];0;111.71959042549133;223;2.053321519564336;5.047475081829294;3.4031576908079417;{'N': 30, 'makespan_delta': 5, 'first_runner': <function run_cp_simp at 0x0000024E55E50540>, 'first_runner_params': {}, 'first_time_limit': 60, 'obj': 'max_max_ovp'}
Obj. F. analysis Model With Bounded Number of Buffer Times (RM);BBr;./Data/PrecedenceGraphs/LOVATO_gr_aircraft1.txt;./Data/Tasks/exponential/tasks_exponential_194_0.txt;exponential;194;10;900;[(0, 0, 0), (1, 9, 1), (2, 0, 1), (3, 6, 10), (4, 5, 1), (5, 6, 1), (6, 3, 1), (7, 1, 1), (8, 7, 19), (9, 9, 16), (10, 2, 1), (11, 7, 1), (12, 4, 1), (13, 7, 12), (14, 9, 6), (15, 8, 6), (16, 2, 7), (17, 1, 7), (18, 5, 33), (19, 0, 22), (20, 3, 10), (21, 9, 24), (22, 0, 12), (23, 3, 44), (24, 4, 16), (25, 9, 50), (26, 8, 67), (27, 2, 17), (28, 8, 16), (29, 5, 16), (30, 6, 30), (31, 1, 14), (32, 7, 25), (33, 3, 20), (34, 1, 20), (35, 9, 35), (36, 5, 40), (37, 8, 23), (38, 4, 22), (39, 3, 72), (40, 6, 75), (41, 5, 25), (42, 8, 29), (43, 6, 25), (44, 7, 37), (45, 6, 20), (46, 1, 40), (47, 3, 28), (48, 9, 42), (49, 1, 29), (50, 2, 29), (51, 3, 33), (52, 8, 37), (53, 4, 30), (54, 7, 42), (55, 0, 33), (56, 6, 40), (57, 2, 40), (58, 4, 53), (59, 1, 47), (60, 2, 47), (61, 4, 36), (62, 7, 49), (63, 0, 43), (64, 5, 49), (65, 7, 57), (66, 2, 63), (67, 5, 60), (68, 0, 75), (69, 1, 54), (70, 4, 46), (71, 6, 57), (72, 0, 51), (73, 9, 57), (74, 3, 51), (75, 1, 71), (76, 6, 68), (77, 7, 87), (78, 5, 87), (79, 1, 63), (80, 4, 72), (81, 8, 53), (82, 7, 68), (83, 0, 61), (84, 8, 98), (85, 4, 103), (86, 0, 81), (87, 9, 71), (88, 8, 60), (89, 1, 78), (90, 9, 90), (91, 8, 72), (92, 0, 69), (93, 5, 106), (94, 8, 80), (95, 2, 93), (96, 5, 70), (97, 4, 67), (98, 2, 87), (99, 3, 104), (100, 7, 78), (101, 4, 81), (102, 8, 112), (103, 6, 136), (104, 7, 98), (105, 2, 105), (106, 5, 76), (107, 2, 72), (108, 9, 80), (109, 0, 93), (110, 1, 87), (111, 8, 88), (112, 8, 118), (113, 7, 111), (114, 6, 124), (115, 9, 111), (116, 5, 81), (117, 8, 106), (118, 2, 82), (119, 3, 123), (120, 9, 98), (121, 2, 119), (122, 2, 98), (123, 0, 159), (124, 2, 126), (125, 4, 88), (126, 3, 117), (127, 3, 87), (128, 3, 134), (129, 2, 111), (130, 2, 133), (131, 6, 118), (132, 3, 112), (133, 1, 146), (134, 4, 93), (135, 5, 123), (136, 3, 96), (137, 1, 96), (138, 7, 119), (139, 9, 120), (140, 4, 119), (141, 5, 130), (142, 3, 128), (143, 2, 153), (144, 6, 146), (145, 7, 130), (146, 1, 104), (147, 6, 102), (148, 0, 125), (149, 1, 134), (150, 8, 134), (151, 6, 111), (152, 4, 142), (153, 1, 140), (154, 5, 144), (155, 3, 144), (156, 1, 118), (157, 4, 152), (158, 2, 146), (159, 5, 151), (160, 0, 152), (161, 6, 152), (162, 8, 151), (163, 7, 151), (164, 1, 125), (165, 6, 130), (166, 7, 161), (167, 1, 167), (168, 4, 132), (169, 3, 151), (170, 7, 166), (171, 5, 166), (172, 2, 174), (173, 0, 142), (174, 6, 173), (175, 5, 158), (176, 4, 173), (177, 1, 175), (178, 4, 178), (179, 2, 182), (180, 9, 152), (181, 3, 166), (182, 9, 184), (183, 1, 159), (184, 2, 167), (185, 6, 167), (186, 8, 172), (187, 0, 173), (188, 5, 182), (189, 0, 183), (190, 8, 192), (191, 7, 201), (192, 9, 207), (193, 8, 217)];0;324.98694467544556;218;1.6455614372866454;5.390421664632401;3.5804972109251656;{'N': 30, 'max_b': 1, 'sum_of_buf': 50, 'obj': 'avg_rm'}
Obj. F. analysis Model With Bounded Number of Buffer Times (S1);BBs1;./Data/PrecedenceGraphs/LOVATO_gr_aircraft1.txt;./Data/Tasks/exponential/tasks_exponential_194_0.txt;exponential;194;10;900;[(0, 8, 0), (1, 8, 1), (2, 5, 1), (3, 4, 1), (4, 2, 1), (5, 0, 6), (6, 9, 1), (7, 3, 1), (8, 6, 1), (9, 1, 8), (10, 0, 1), (11, 9, 9), (12, 1, 1), (13, 7, 1), (14, 8, 6), (15, 5, 6), (16, 3, 6), (17, 4, 10), (18, 7, 7), (19, 5, 25), (20, 0, 16), (21, 6, 6), (22, 2, 48), (23, 4, 123), (24, 8, 16), (25, 3, 29), (26, 1, 16), (27, 8, 30), (28, 4, 16), (29, 5, 16), (30, 3, 16), (31, 7, 16), (32, 1, 22), (33, 2, 26), (34, 0, 26), (35, 3, 22), (36, 3, 36), (37, 7, 90), (38, 4, 90), (39, 8, 39), (40, 7, 26), (41, 0, 39), (42, 5, 39), (43, 8, 25), (44, 9, 22), (45, 7, 21), (46, 1, 32), (47, 2, 33), (48, 7, 32), (49, 0, 118), (50, 6, 97), (51, 9, 46), (52, 4, 47), (53, 4, 30), (54, 9, 27), (55, 2, 38), (56, 6, 108), (57, 5, 108), (58, 7, 56), (59, 4, 56), (60, 9, 56), (61, 4, 36), (62, 9, 33), (63, 1, 48), (64, 0, 48), (65, 6, 113), (66, 8, 80), (67, 8, 63), (68, 6, 63), (69, 4, 63), (70, 6, 46), (71, 7, 40), (72, 1, 55), (73, 8, 55), (74, 6, 55), (75, 1, 130), (76, 6, 119), (77, 2, 86), (78, 5, 69), (79, 8, 72), (80, 7, 122), (81, 5, 53), (82, 3, 50), (83, 1, 64), (84, 2, 96), (85, 6, 127), (86, 5, 80), (87, 1, 80), (88, 2, 60), (89, 0, 59), (90, 3, 59), (91, 7, 73), (92, 6, 73), (93, 9, 109), (94, 5, 89), (95, 1, 89), (96, 1, 73), (97, 2, 67), (98, 3, 68), (99, 3, 79), (100, 8, 86), (101, 0, 79), (102, 2, 120), (103, 2, 134), (104, 1, 110), (105, 1, 94), (106, 4, 72), (107, 9, 72), (108, 7, 111), (109, 6, 79), (110, 8, 94), (111, 0, 86), (112, 2, 127), (113, 4, 108), (114, 9, 102), (115, 1, 100), (116, 6, 85), (117, 4, 78), (118, 9, 82), (119, 7, 85), (120, 3, 87), (121, 8, 99), (122, 0, 96), (123, 9, 126), (124, 3, 110), (125, 6, 92), (126, 4, 84), (127, 9, 87), (128, 9, 115), (129, 2, 104), (130, 3, 117), (131, 0, 103), (132, 4, 103), (133, 1, 117), (134, 5, 97), (135, 2, 112), (136, 8, 136), (137, 9, 96), (138, 6, 151), (139, 4, 117), (140, 5, 115), (141, 4, 130), (142, 8, 109), (143, 1, 124), (144, 6, 134), (145, 5, 151), (146, 8, 145), (147, 7, 102), (148, 0, 128), (149, 3, 132), (150, 8, 125), (151, 0, 111), (152, 6, 162), (153, 0, 139), (154, 3, 139), (155, 1, 137), (156, 8, 118), (157, 2, 182), (158, 1, 145), (159, 6, 146), (160, 2, 146), (161, 5, 146), (162, 7, 146), (163, 0, 145), (164, 3, 125), (165, 9, 145), (166, 3, 160), (167, 0, 155), (168, 7, 132), (169, 3, 152), (170, 3, 165), (171, 8, 167), (172, 3, 172), (173, 4, 142), (174, 2, 160), (175, 0, 162), (176, 7, 172), (177, 8, 176), (178, 7, 177), (179, 0, 176), (180, 8, 152), (181, 1, 170), (182, 7, 189), (183, 8, 159), (184, 9, 167), (185, 4, 167), (186, 2, 172), (187, 9, 173), (188, 6, 182), (189, 5, 183), (190, 4, 192), (191, 6, 201), (192, 0, 207), (193, 2, 217)];0;903.8266415596008;218;1.3048655621215164;4.261636345820366;3.8546405834686657;{'N': 30, 'max_b': 1, 'sum_of_buf': 50, 'obj': 'avg_exp_ovp'}
Obj. F. analysis Model With Bounded Number of Buffer Times (S2);BBs2;./Data/PrecedenceGraphs/LOVATO_gr_aircraft1.txt;./Data/Tasks/exponential/tasks_exponential_194_0.txt;exponential;194;10;900;[(0, 7, 0), (1, 9, 1), (2, 3, 1), (3, 5, 1), (4, 7, 1), (5, 4, 1), (6, 1, 1), (7, 0, 25), (8, 2, 12), (9, 0, 1), (10, 1, 16), (11, 2, 1), (12, 8, 1), (13, 9, 16), (14, 3, 7), (15, 6, 6), (16, 9, 6), (17, 5, 10), (18, 1, 10), (19, 5, 23), (20, 4, 10), (21, 8, 34), (22, 7, 12), (23, 8, 12), (24, 8, 18), (25, 3, 44), (26, 6, 18), (27, 3, 18), (28, 9, 29), (29, 0, 16), (30, 5, 16), (31, 9, 23), (32, 2, 18), (33, 1, 22), (34, 4, 20), (35, 8, 45), (36, 7, 59), (37, 7, 22), (38, 0, 31), (39, 8, 24), (40, 3, 37), (41, 5, 34), (42, 7, 29), (43, 6, 25), (44, 3, 26), (45, 9, 37), (46, 0, 36), (47, 6, 30), (48, 2, 118), (49, 2, 29), (50, 1, 30), (51, 6, 45), (52, 5, 41), (53, 4, 30), (54, 3, 31), (55, 6, 35), (56, 5, 66), (57, 1, 41), (58, 4, 56), (59, 2, 50), (60, 5, 50), (61, 4, 36), (62, 0, 42), (63, 7, 45), (64, 9, 53), (65, 6, 71), (66, 9, 69), (67, 3, 57), (68, 9, 64), (69, 5, 58), (70, 9, 46), (71, 1, 50), (72, 2, 57), (73, 7, 52), (74, 6, 56), (75, 9, 81), (76, 6, 87), (77, 8, 75), (78, 4, 80), (79, 7, 68), (80, 0, 66), (81, 0, 53), (82, 1, 60), (83, 4, 66), (84, 8, 84), (85, 9, 106), (86, 6, 94), (87, 0, 76), (88, 8, 60), (89, 3, 69), (90, 1, 69), (91, 5, 77), (92, 4, 74), (93, 8, 92), (94, 0, 85), (95, 2, 96), (96, 9, 75), (97, 8, 67), (98, 3, 78), (99, 9, 88), (100, 1, 83), (101, 4, 86), (102, 5, 98), (103, 6, 135), (104, 8, 109), (105, 6, 101), (106, 5, 72), (107, 2, 72), (108, 7, 76), (109, 3, 84), (110, 9, 96), (111, 4, 92), (112, 6, 128), (113, 7, 109), (114, 3, 119), (115, 6, 106), (116, 7, 86), (117, 1, 77), (118, 6, 82), (119, 9, 101), (120, 3, 102), (121, 7, 102), (122, 4, 102), (123, 0, 127), (124, 6, 121), (125, 0, 93), (126, 5, 83), (127, 2, 87), (128, 2, 126), (129, 3, 112), (130, 4, 114), (131, 6, 115), (132, 4, 109), (133, 7, 128), (134, 0, 98), (135, 7, 92), (136, 1, 96), (137, 3, 96), (138, 1, 119), (139, 7, 119), (140, 8, 119), (141, 0, 121), (142, 3, 125), (143, 4, 154), (144, 5, 107), (145, 8, 99), (146, 1, 104), (147, 2, 102), (148, 8, 125), (149, 7, 135), (150, 2, 136), (151, 2, 111), (152, 1, 139), (153, 4, 142), (154, 5, 147), (155, 7, 147), (156, 9, 118), (157, 1, 149), (158, 4, 148), (159, 3, 155), (160, 7, 155), (161, 9, 163), (162, 2, 155), (163, 0, 167), (164, 9, 125), (165, 5, 125), (166, 7, 162), (167, 5, 168), (168, 4, 132), (169, 1, 131), (170, 3, 167), (171, 6, 167), (172, 5, 175), (173, 0, 142), (174, 8, 139), (175, 6, 145), (176, 8, 174), (177, 5, 183), (178, 3, 176), (179, 1, 176), (180, 0, 152), (181, 9, 153), (182, 4, 183), (183, 0, 159), (184, 4, 167), (185, 2, 167), (186, 7, 173), (187, 4, 173), (188, 9, 183), (189, 6, 183), (190, 9, 192), (191, 7, 201), (192, 5, 207), (193, 0, 217)];0;291.49855160713196;218;1.3362703292912896;3.786555597727421;3.4299632516943532;{'N': 30, 'max_b': 1, 'sum_of_buf': 50, 'obj': 'max_exp_ovp'}
Obj. F. analysis Model With Bounded Number of Buffer Times (additional Obj F 1);BBmR;./Data/PrecedenceGraphs/LOVATO_gr_aircraft1.txt;./Data/Tasks/exponential/tasks_exponential_194_0.txt;exponential;194;10;900;[(0, 7, 0), (1, 8, 1), (2, 1, 1), (3, 7, 1), (4, 6, 1), (5, 0, 1), (6, 3, 1), (7, 2, 1), (8, 9, 12), (9, 1, 7), (10, 1, 16), (11, 9, 1), (12, 4, 1), (13, 5, 1), (14, 4, 8), (15, 8, 6), (16, 2, 7), (17, 0, 11), (18, 3, 10), (19, 9, 18), (20, 7, 11), (21, 5, 8), (22, 6, 12), (23, 0, 48), (24, 6, 36), (25, 3, 42), (26, 6, 22), (27, 4, 19), (28, 5, 19), (29, 3, 16), (30, 8, 18), (31, 2, 18), (32, 0, 18), (33, 2, 24), (34, 8, 24), (35, 7, 30), (36, 4, 28), (37, 1, 22), (38, 3, 37), (39, 0, 29), (40, 9, 63), (41, 1, 29), (42, 9, 29), (43, 3, 25), (44, 7, 24), (45, 8, 32), (46, 1, 36), (47, 2, 32), (48, 4, 37), (49, 1, 42), (50, 5, 29), (51, 2, 38), (52, 8, 38), (53, 6, 30), (54, 3, 30), (55, 0, 38), (56, 5, 40), (57, 6, 42), (58, 6, 49), (59, 9, 47), (60, 5, 47), (61, 7, 36), (62, 9, 37), (63, 3, 50), (64, 2, 49), (65, 4, 46), (66, 1, 60), (67, 9, 54), (68, 4, 54), (69, 0, 55), (70, 7, 46), (71, 8, 47), (72, 8, 58), (73, 2, 59), (74, 4, 60), (75, 7, 53), (76, 5, 55), (77, 1, 66), (78, 6, 60), (79, 0, 63), (80, 5, 63), (81, 1, 53), (82, 3, 58), (83, 9, 69), (84, 4, 75), (85, 5, 75), (86, 2, 71), (87, 8, 71), (88, 7, 60), (89, 7, 67), (90, 4, 67), (91, 7, 77), (92, 9, 77), (93, 8, 86), (94, 2, 109), (95, 5, 81), (96, 3, 67), (97, 6, 67), (98, 6, 76), (99, 0, 83), (100, 9, 83), (101, 3, 84), (102, 9, 92), (103, 5, 105), (104, 7, 86), (105, 5, 86), (106, 3, 73), (107, 0, 72), (108, 1, 75), (109, 2, 82), (110, 4, 92), (111, 3, 90), (112, 5, 98), (113, 7, 92), (114, 5, 91), (115, 8, 92), (116, 3, 78), (117, 8, 80), (118, 6, 82), (119, 2, 97), (120, 2, 87), (121, 4, 100), (122, 3, 100), (123, 0, 112), (124, 2, 102), (125, 1, 85), (126, 4, 86), (127, 6, 87), (128, 9, 98), (129, 1, 99), (130, 3, 113), (131, 3, 107), (132, 0, 107), (133, 4, 113), (134, 1, 90), (135, 0, 92), (136, 0, 99), (137, 6, 96), (138, 6, 106), (139, 9, 108), (140, 1, 106), (141, 7, 113), (142, 1, 113), (143, 4, 120), (144, 5, 115), (145, 7, 100), (146, 4, 107), (147, 8, 102), (148, 9, 113), (149, 1, 119), (150, 7, 119), (151, 8, 111), (152, 8, 125), (153, 1, 125), (154, 7, 129), (155, 5, 129), (156, 8, 118), (157, 1, 135), (158, 2, 131), (159, 3, 138), (160, 2, 137), (161, 0, 136), (162, 9, 136), (163, 7, 136), (164, 0, 125), (165, 9, 125), (166, 6, 144), (167, 9, 144), (168, 6, 132), (169, 3, 131), (170, 4, 152), (171, 9, 151), (172, 8, 151), (173, 4, 142), (174, 8, 138), (175, 5, 138), (176, 9, 160), (177, 1, 160), (178, 8, 160), (179, 0, 160), (180, 3, 152), (181, 7, 146), (182, 3, 167), (183, 3, 159), (184, 4, 167), (185, 2, 167), (186, 6, 172), (187, 2, 173), (188, 6, 182), (189, 2, 183), (190, 7, 192), (191, 9, 201), (192, 1, 207), (193, 4, 217)];0;190.18262267112732;218;2.7224922997744905;8.59895554580579;5.920727374194551;{'N': 30, 'max_b': 1, 'sum_of_buf': 50, 'obj': 'max_rm'}
Obj. F. analysis Model With Bounded Number of Buffer Times (additional Obj F 2);BBmS;./Data/PrecedenceGraphs/LOVATO_gr_aircraft1.txt;./Data/Tasks/exponential/tasks_exponential_194_0.txt;exponential;194;10;900;[(0, 8, 0), (1, 6, 1), (2, 0, 1), (3, 4, 1), (4, 5, 1), (5, 7, 1), (6, 1, 1), (7, 8, 9), (8, 1, 9), (9, 8, 1), (10, 9, 13), (11, 2, 1), (12, 3, 1), (13, 9, 1), (14, 0, 6), (15, 6, 6), (16, 3, 42), (17, 4, 10), (18, 9, 7), (19, 1, 23), (20, 7, 10), (21, 5, 36), (22, 2, 11), (23, 8, 15), (24, 8, 28), (25, 7, 28), (26, 9, 18), (27, 0, 16), (28, 1, 16), (29, 3, 16), (30, 7, 52), (31, 5, 16), (32, 6, 16), (33, 7, 21), (34, 8, 21), (35, 5, 46), (36, 0, 86), (37, 2, 59), (38, 3, 25), (39, 9, 33), (40, 3, 125), (41, 2, 25), (42, 0, 42), (43, 4, 25), (44, 0, 58), (45, 3, 103), (46, 6, 27), (47, 9, 28), (48, 9, 55), (49, 5, 114), (50, 0, 65), (51, 3, 32), (52, 2, 50), (53, 5, 30), (54, 9, 63), (55, 0, 33), (56, 8, 75), (57, 5, 107), (58, 6, 42), (59, 7, 59), (60, 9, 69), (61, 2, 36), (62, 6, 69), (63, 7, 42), (64, 5, 52), (65, 0, 80), (66, 6, 51), (67, 2, 85), (68, 3, 72), (69, 8, 65), (70, 8, 46), (71, 6, 76), (72, 1, 49), (73, 8, 53), (74, 9, 49), (75, 7, 105), (76, 1, 86), (77, 3, 57), (78, 7, 113), (79, 4, 73), (80, 7, 96), (81, 4, 53), (82, 6, 102), (83, 1, 58), (84, 7, 82), (85, 3, 66), (86, 5, 100), (87, 8, 81), (88, 6, 60), (89, 6, 111), (90, 8, 116), (91, 1, 66), (92, 4, 66), (93, 7, 90), (94, 3, 108), (95, 8, 90), (96, 9, 87), (97, 7, 67), (98, 6, 122), (99, 4, 112), (100, 2, 72), (101, 5, 72), (102, 6, 129), (103, 0, 96), (104, 9, 96), (105, 8, 96), (106, 1, 72), (107, 7, 72), (108, 9, 76), (109, 1, 129), (110, 2, 80), (111, 5, 78), (112, 6, 135), (113, 9, 103), (114, 2, 101), (115, 8, 101), (116, 4, 105), (117, 6, 86), (118, 3, 82), (119, 8, 138), (120, 7, 135), (121, 5, 88), (122, 3, 88), (123, 4, 127), (124, 9, 112), (125, 0, 112), (126, 1, 135), (127, 4, 87), (128, 7, 145), (129, 8, 145), (130, 3, 95), (131, 1, 95), (132, 5, 95), (133, 6, 185), (134, 2, 118), (135, 9, 145), (136, 4, 96), (137, 6, 96), (138, 6, 153), (139, 4, 154), (140, 7, 156), (141, 8, 111), (142, 1, 111), (143, 4, 192), (144, 8, 131), (145, 2, 154), (146, 4, 120), (147, 1, 102), (148, 2, 164), (149, 1, 117), (150, 9, 120), (151, 2, 111), (152, 6, 175), (153, 1, 123), (154, 3, 132), (155, 4, 137), (156, 3, 118), (157, 5, 185), (158, 2, 129), (159, 9, 139), (160, 1, 141), (161, 3, 139), (162, 5, 139), (163, 4, 144), (164, 0, 125), (165, 8, 125), (166, 2, 148), (167, 3, 152), (168, 0, 132), (169, 9, 131), (170, 5, 154), (171, 1, 154), (172, 4, 160), (173, 0, 142), (174, 6, 142), (175, 3, 144), (176, 7, 163), (177, 6, 164), (178, 9, 167), (179, 7, 169), (180, 0, 152), (181, 3, 173), (182, 5, 193), (183, 9, 159), (184, 3, 167), (185, 0, 167), (186, 1, 173), (187, 0, 173), (188, 3, 184), (189, 9, 183), (190, 6, 192), (191, 4, 201), (192, 2, 207), (193, 1, 217)];0;246.77540802955627;218;1.759316460474756;5.875402451376653;5.433773795216941;{'N': 30, 'max_b': 1, 'sum_of_buf': 50, 'obj': 'max_max_ovp'}
Sensitivity analysis SAA model (N);STr2;./Data/PrecedenceGraphs/LOVATO_gr_aircraft1.txt;./Data/Tasks/exponential/tasks_exponential_194_0.txt;exponential;194;10;900;[(0, 2, 0), (1, 3, 1), (2, 8, 1), (3, 4, 1), (4, 7, 1), (5, 1, 1), (6, 5, 1), (7, 0, 1), (8, 1, 10), (9, 2, 7), (10, 3, 12), (11, 6, 1), (12, 2, 1), (13, 9, 1), (14, 5, 9), (15, 8, 6), (16, 9, 7), (17, 4, 10), (18, 3, 6), (19, 0, 31), (20, 7, 11), (21, 0, 6), (22, 6, 11), (23, 2, 41), (24, 2, 26), (25, 5, 36), (26, 1, 23), (27, 6, 20), (28, 2, 19), (29, 8, 16), (30, 1, 17), (31, 4, 16), (32, 3, 17), (33, 0, 24), (34, 9, 23), (35, 9, 17), (36, 0, 16), (37, 5, 20), (38, 3, 32), (39, 1, 28), (40, 0, 41), (41, 6, 28), (42, 8, 30), (43, 8, 25), (44, 7, 23), (45, 3, 27), (46, 7, 28), (47, 7, 33), (48, 4, 23), (49, 2, 31), (50, 5, 26), (51, 6, 35), (52, 7, 38), (53, 9, 30), (54, 4, 30), (55, 1, 38), (56, 3, 37), (57, 4, 36), (58, 8, 45), (59, 1, 47), (60, 0, 47), (61, 9, 36), (62, 8, 38), (63, 3, 48), (64, 9, 47), (65, 3, 42), (66, 5, 55), (67, 8, 54), (68, 4, 55), (69, 7, 57), (70, 6, 46), (71, 7, 47), (72, 9, 57), (73, 2, 55), (74, 1, 55), (75, 5, 48), (76, 4, 48), (77, 8, 63), (78, 2, 62), (79, 7, 65), (80, 1, 65), (81, 6, 53), (82, 3, 57), (83, 2, 68), (84, 4, 72), (85, 9, 72), (86, 5, 83), (87, 3, 77), (88, 4, 60), (89, 5, 66), (90, 6, 66), (91, 7, 76), (92, 2, 76), (93, 4, 80), (94, 3, 114), (95, 9, 88), (96, 6, 71), (97, 4, 67), (98, 1, 75), (99, 8, 82), (100, 0, 82), (101, 2, 82), (102, 7, 87), (103, 6, 94), (104, 8, 93), (105, 0, 93), (106, 3, 72), (107, 0, 72), (108, 8, 72), (109, 1, 81), (110, 9, 93), (111, 4, 88), (112, 5, 93), (113, 0, 98), (114, 3, 98), (115, 2, 98), (116, 6, 77), (117, 5, 77), (118, 7, 82), (119, 6, 89), (120, 2, 88), (121, 9, 98), (122, 5, 100), (123, 3, 104), (124, 9, 107), (125, 9, 83), (126, 6, 83), (127, 1, 87), (128, 4, 98), (129, 7, 100), (130, 9, 114), (131, 4, 108), (132, 2, 107), (133, 5, 114), (134, 3, 88), (135, 7, 93), (136, 8, 99), (137, 1, 96), (138, 1, 111), (139, 5, 107), (140, 7, 107), (141, 2, 114), (142, 4, 114), (143, 1, 121), (144, 7, 113), (145, 6, 104), (146, 8, 107), (147, 1, 102), (148, 6, 114), (149, 5, 121), (150, 3, 122), (151, 0, 111), (152, 6, 124), (153, 8, 132), (154, 7, 132), (155, 5, 132), (156, 8, 118), (157, 2, 134), (158, 2, 142), (159, 1, 139), (160, 8, 139), (161, 3, 139), (162, 6, 141), (163, 3, 144), (164, 8, 125), (165, 0, 125), (166, 2, 148), (167, 2, 153), (168, 9, 132), (169, 6, 134), (170, 0, 153), (171, 3, 154), (172, 3, 163), (173, 9, 142), (174, 8, 146), (175, 1, 144), (176, 9, 160), (177, 0, 163), (178, 5, 163), (179, 5, 169), (180, 5, 152), (181, 8, 156), (182, 8, 169), (183, 4, 159), (184, 2, 167), (185, 1, 167), (186, 1, 173), (187, 3, 173), (188, 8, 183), (189, 0, 183), (190, 0, 192), (191, 3, 201), (192, 7, 207), (193, 1, 217)];0;3.7178916931152344;218;3.6077504328514984;8.530423602528668;7.909462432509308;{'N': 2, 'obj': 'avg_rm'}
Sensitivity analysis SAA model (N);STr10;./Data/PrecedenceGraphs/LOVATO_gr_aircraft1.txt;./Data/Tasks/exponential/tasks_exponential_194_0.txt;exponential;194;10;900;[(0, 6, 0), (1, 6, 1), (2, 9, 1), (3, 7, 1), (4, 2, 1), (5, 5, 1), (6, 8, 1), (7, 0, 1), (8, 2, 11), (9, 0, 6), (10, 5, 10), (11, 1, 1), (12, 4, 1), (13, 3, 1), (14, 4, 7), (15, 6, 6), (16, 3, 7), (17, 1, 11), (18, 9, 6), (19, 1, 35), (20, 9, 12), (21, 8, 9), (22, 7, 11), (23, 7, 44), (24, 7, 29), (25, 2, 34), (26, 2, 17), (27, 5, 17), (28, 0, 17), (29, 6, 16), (30, 4, 17), (31, 1, 17), (32, 8, 19), (33, 4, 23), (34, 7, 22), (35, 3, 19), (36, 1, 22), (37, 0, 24), (38, 8, 36), (39, 9, 22), (40, 4, 40), (41, 3, 25), (42, 6, 25), (43, 5, 25), (44, 2, 23), (45, 0, 30), (46, 1, 30), (47, 3, 32), (48, 8, 29), (49, 7, 34), (50, 4, 30), (51, 9, 32), (52, 5, 36), (53, 5, 30), (54, 2, 28), (55, 0, 37), (56, 9, 42), (57, 8, 41), (58, 2, 42), (59, 8, 47), (60, 4, 46), (61, 6, 36), (62, 3, 37), (63, 9, 47), (64, 0, 46), (65, 6, 47), (66, 4, 53), (67, 6, 53), (68, 0, 56), (69, 3, 54), (70, 1, 46), (71, 3, 44), (72, 2, 54), (73, 8, 54), (74, 5, 54), (75, 8, 61), (76, 1, 53), (77, 6, 62), (78, 0, 61), (79, 3, 62), (80, 1, 62), (81, 7, 53), (82, 9, 54), (83, 2, 63), (84, 1, 71), (85, 3, 76), (86, 7, 70), (87, 0, 70), (88, 4, 60), (89, 9, 63), (90, 5, 63), (91, 6, 71), (92, 5, 71), (93, 8, 79), (94, 9, 109), (95, 6, 79), (96, 3, 70), (97, 4, 67), (98, 2, 72), (99, 2, 83), (100, 1, 79), (101, 0, 79), (102, 0, 85), (103, 3, 108), (104, 5, 84), (105, 8, 85), (106, 8, 72), (107, 4, 72), (108, 9, 72), (109, 2, 78), (110, 3, 88), (111, 9, 85), (112, 0, 91), (113, 5, 90), (114, 1, 97), (115, 8, 90), (116, 5, 77), (117, 7, 77), (118, 4, 82), (119, 7, 104), (120, 6, 84), (121, 3, 95), (122, 9, 95), (123, 0, 109), (124, 9, 102), (125, 3, 83), (126, 7, 83), (127, 4, 87), (128, 6, 94), (129, 2, 94), (130, 0, 102), (131, 5, 102), (132, 4, 102), (133, 6, 110), (134, 1, 88), (135, 7, 89), (136, 7, 96), (137, 4, 96), (138, 2, 101), (139, 1, 103), (140, 3, 102), (141, 8, 118), (142, 1, 108), (143, 0, 119), (144, 7, 109), (145, 4, 107), (146, 6, 104), (147, 8, 102), (148, 5, 108), (149, 1, 114), (150, 2, 114), (151, 8, 111), (152, 1, 120), (153, 9, 120), (154, 9, 126), (155, 0, 125), (156, 7, 118), (157, 2, 138), (158, 8, 126), (159, 1, 133), (160, 5, 133), (161, 7, 133), (162, 4, 133), (163, 9, 133), (164, 7, 125), (165, 6, 125), (166, 3, 142), (167, 1, 141), (168, 3, 132), (169, 2, 131), (170, 1, 148), (171, 8, 148), (172, 0, 152), (173, 0, 142), (174, 8, 138), (175, 7, 138), (176, 8, 157), (177, 4, 157), (178, 7, 157), (179, 3, 157), (180, 5, 152), (181, 3, 147), (182, 1, 163), (183, 2, 159), (184, 7, 167), (185, 5, 167), (186, 4, 172), (187, 1, 173), (188, 1, 183), (189, 4, 183), (190, 8, 192), (191, 0, 201), (192, 1, 207), (193, 6, 217)];0;31.305513858795166;218;3.4322704055037403;9.006277552279645;6.295278713124074;{'N': 10, 'obj': 'avg_rm'}
Sensitivity analysis SAA model (N);STr30;./Data/PrecedenceGraphs/LOVATO_gr_aircraft1.txt;./Data/Tasks/exponential/tasks_exponential_194_0.txt;exponential;194;10;900;[(0, 3, 0), (1, 6, 1), (2, 5, 1), (3, 8, 16), (4, 6, 6), (5, 1, 1), (6, 4, 1), (7, 7, 1), (8, 1, 10), (9, 7, 6), (10, 8, 25), (11, 2, 1), (12, 3, 16), (13, 0, 1), (14, 3, 6), (15, 8, 6), (16, 0, 7), (17, 2, 11), (18, 5, 6), (19, 7, 25), (20, 5, 12), (21, 4, 9), (22, 6, 16), (23, 3, 42), (24, 5, 37), (25, 2, 51), (26, 9, 16), (27, 4, 19), (28, 2, 17), (29, 7, 16), (30, 8, 30), (31, 7, 35), (32, 3, 22), (33, 9, 22), (34, 5, 30), (35, 0, 19), (36, 0, 25), (37, 6, 25), (38, 6, 38), (39, 2, 24), (40, 0, 60), (41, 6, 31), (42, 4, 36), (43, 5, 25), (44, 1, 36), (45, 5, 42), (46, 2, 46), (47, 7, 40), (48, 8, 36), (49, 0, 33), (50, 3, 32), (51, 7, 45), (52, 9, 44), (53, 4, 30), (54, 1, 41), (55, 8, 45), (56, 5, 47), (57, 6, 43), (58, 9, 55), (59, 2, 58), (60, 6, 53), (61, 2, 36), (62, 1, 47), (63, 8, 54), (64, 1, 54), (65, 7, 55), (66, 8, 67), (67, 7, 68), (68, 9, 64), (69, 5, 64), (70, 4, 46), (71, 3, 54), (72, 2, 64), (73, 3, 64), (74, 8, 61), (75, 1, 64), (76, 7, 61), (77, 3, 73), (78, 9, 69), (79, 5, 72), (80, 8, 77), (81, 0, 53), (82, 0, 66), (83, 6, 73), (84, 2, 82), (85, 5, 96), (86, 9, 80), (87, 6, 81), (88, 4, 60), (89, 0, 75), (90, 1, 75), (91, 3, 82), (92, 1, 81), (93, 7, 93), (94, 8, 138), (95, 9, 93), (96, 7, 87), (97, 4, 67), (98, 9, 87), (99, 5, 102), (100, 2, 90), (101, 1, 92), (102, 6, 99), (103, 6, 136), (104, 2, 98), (105, 8, 98), (106, 1, 87), (107, 4, 72), (108, 8, 86), (109, 0, 93), (110, 7, 99), (111, 0, 98), (112, 3, 123), (113, 6, 118), (114, 8, 103), (115, 9, 103), (116, 3, 111), (117, 6, 92), (118, 7, 82), (119, 9, 98), (120, 5, 110), (121, 5, 120), (122, 8, 109), (123, 6, 126), (124, 9, 112), (125, 1, 117), (126, 3, 117), (127, 5, 87), (128, 1, 130), (129, 0, 125), (130, 3, 140), (131, 9, 119), (132, 7, 116), (133, 2, 131), (134, 2, 122), (135, 1, 123), (136, 7, 104), (137, 3, 96), (138, 5, 132), (139, 1, 140), (140, 8, 132), (141, 1, 145), (142, 2, 138), (143, 5, 142), (144, 0, 138), (145, 3, 130), (146, 0, 132), (147, 3, 102), (148, 7, 138), (149, 6, 146), (150, 8, 146), (151, 6, 111), (152, 7, 148), (153, 0, 152), (154, 0, 158), (155, 4, 156), (156, 0, 118), (157, 5, 158), (158, 2, 159), (159, 3, 173), (160, 7, 165), (161, 1, 172), (162, 2, 165), (163, 5, 166), (164, 4, 125), (165, 4, 132), (166, 6, 177), (167, 5, 177), (168, 9, 132), (169, 3, 147), (170, 5, 184), (171, 9, 182), (172, 3, 184), (173, 4, 142), (174, 6, 167), (175, 4, 163), (176, 3, 192), (177, 9, 191), (178, 1, 192), (179, 2, 191), (180, 2, 152), (181, 9, 171), (182, 2, 198), (183, 6, 159), (184, 1, 167), (185, 3, 167), (186, 0, 172), (187, 8, 173), (188, 4, 182), (189, 1, 183), (190, 7, 192), (191, 5, 201), (192, 1, 207), (193, 7, 217)];0;203.60905265808105;218;1.8857311115332376;5.81741526578609;3.7449648995665834;{'N': 30, 'obj': 'avg_rm'}
Sensitivity analysis SAA model (N);STr50;./Data/PrecedenceGraphs/LOVATO_gr_aircraft1.txt;./Data/Tasks/exponential/tasks_exponential_194_0.txt;exponential;194;10;900;[(0, 7, 0), (1, 9, 1), (2, 6, 1), (3, 4, 1), (4, 7, 1), (5, 2, 1), (6, 9, 6), (7, 3, 1), (8, 8, 1), (9, 2, 20), (10, 1, 1), (11, 0, 1), (12, 0, 11), (13, 3, 12), (14, 5, 6), (15, 6, 6), (16, 9, 14), (17, 3, 6), (18, 8, 6), (19, 2, 10), (20, 7, 11), (21, 6, 16), (22, 4, 11), (23, 1, 32), (24, 9, 32), (25, 5, 35), (26, 6, 26), (27, 9, 24), (28, 6, 53), (29, 1, 16), (30, 5, 24), (31, 7, 74), (32, 8, 12), (33, 0, 21), (34, 6, 31), (35, 1, 26), (36, 7, 96), (37, 4, 20), (38, 7, 104), (39, 2, 31), (40, 4, 49), (41, 0, 32), (42, 4, 36), (43, 8, 25), (44, 5, 30), (45, 8, 108), (46, 4, 44), (47, 8, 30), (48, 2, 40), (49, 4, 55), (50, 5, 42), (51, 7, 39), (52, 6, 44), (53, 4, 30), (54, 6, 38), (55, 8, 38), (56, 1, 52), (57, 5, 63), (58, 2, 49), (59, 7, 60), (60, 2, 58), (61, 3, 36), (62, 0, 44), (63, 8, 47), (64, 9, 53), (65, 1, 57), (66, 1, 90), (67, 3, 67), (68, 0, 66), (69, 7, 66), (70, 9, 46), (71, 0, 51), (72, 5, 54), (73, 8, 54), (74, 6, 60), (75, 8, 63), (76, 2, 65), (77, 9, 107), (78, 0, 71), (79, 4, 74), (80, 5, 77), (81, 7, 53), (82, 9, 63), (83, 6, 66), (84, 4, 153), (85, 5, 131), (86, 4, 82), (87, 0, 82), (88, 3, 60), (89, 7, 87), (90, 5, 72), (91, 6, 74), (92, 8, 74), (93, 7, 165), (94, 1, 96), (95, 5, 91), (96, 2, 72), (97, 4, 67), (98, 8, 96), (99, 4, 89), (100, 1, 82), (101, 3, 80), (102, 1, 173), (103, 0, 112), (104, 9, 101), (105, 9, 96), (106, 9, 72), (107, 1, 72), (108, 6, 80), (109, 0, 102), (110, 4, 97), (111, 8, 113), (112, 7, 194), (113, 6, 118), (114, 6, 112), (115, 4, 102), (116, 9, 77), (117, 8, 102), (118, 7, 82), (119, 6, 107), (120, 3, 111), (121, 0, 123), (122, 8, 123), (123, 8, 130), (124, 4, 111), (125, 0, 107), (126, 5, 108), (127, 2, 87), (128, 5, 121), (129, 3, 121), (130, 0, 130), (131, 6, 130), (132, 9, 132), (133, 4, 118), (134, 1, 112), (135, 5, 114), (136, 7, 109), (137, 2, 96), (138, 7, 128), (139, 9, 143), (140, 3, 128), (141, 6, 136), (142, 9, 137), (143, 4, 125), (144, 1, 121), (145, 9, 148), (146, 4, 131), (147, 3, 102), (148, 3, 134), (149, 7, 143), (150, 4, 143), (151, 2, 111), (152, 8, 144), (153, 6, 149), (154, 3, 153), (155, 7, 153), (156, 2, 118), (157, 0, 159), (158, 8, 155), (159, 7, 160), (160, 6, 160), (161, 3, 160), (162, 5, 160), (163, 4, 161), (164, 9, 125), (165, 4, 137), (166, 6, 167), (167, 3, 168), (168, 2, 132), (169, 1, 143), (170, 8, 172), (171, 6, 172), (172, 1, 179), (173, 2, 142), (174, 5, 168), (175, 3, 175), (176, 3, 183), (177, 6, 181), (178, 9, 183), (179, 7, 187), (180, 0, 152), (181, 8, 183), (182, 7, 201), (183, 1, 159), (184, 9, 167), (185, 1, 167), (186, 2, 172), (187, 9, 173), (188, 7, 182), (189, 0, 183), (190, 4, 192), (191, 4, 201), (192, 2, 207), (193, 0, 217)];0;514.2447338104248;218;2.047526372254312;6.014378250832008;3.450222751703941;{'N': 50, 'obj': 'avg_rm'}
Sensitivity analysis SAA model (N);STr100;./Data/PrecedenceGraphs/LOVATO_gr_aircraft1.txt;./Data/Tasks/exponential/tasks_exponential_194_0.txt;exponential;194;10;900;[(0, 7, 0), (1, 0, 1), (2, 5, 1), (3, 4, 1), (4, 6, 1), (5, 8, 1), (6, 7, 1), (7, 1, 1), (8, 6, 11), (9, 1, 6), (10, 5, 12), (11, 3, 1), (12, 2, 1), (13, 9, 1), (14, 2, 7), (15, 0, 6), (16, 9, 7), (17, 8, 10), (18, 5, 6), (19, 1, 14), (20, 4, 10), (21, 7, 9), (22, 3, 11), (23, 5, 46), (24, 6, 28), (25, 7, 36), (26, 6, 17), (27, 0, 17), (28, 2, 17), (29, 8, 16), (30, 5, 17), (31, 5, 23), (32, 9, 17), (33, 7, 20), (34, 3, 20), (35, 6, 22), (36, 4, 26), (37, 4, 20), (38, 5, 35), (39, 7, 27), (40, 5, 40), (41, 1, 25), (42, 2, 25), (43, 0, 25), (44, 8, 25), (45, 1, 32), (46, 2, 33), (47, 3, 27), (48, 5, 28), (49, 1, 37), (50, 9, 27), (51, 6, 33), (52, 3, 33), (53, 0, 30), (54, 8, 30), (55, 4, 34), (56, 9, 37), (57, 8, 37), (58, 4, 43), (59, 8, 43), (60, 6, 43), (61, 0, 36), (62, 2, 38), (63, 3, 43), (64, 9, 43), (65, 7, 43), (66, 5, 52), (67, 9, 53), (68, 4, 52), (69, 6, 50), (70, 0, 46), (71, 2, 45), (72, 3, 50), (73, 1, 50), (74, 8, 50), (75, 8, 56), (76, 7, 49), (77, 2, 58), (78, 6, 58), (79, 3, 59), (80, 6, 64), (81, 0, 53), (82, 7, 56), (83, 5, 59), (84, 0, 67), (85, 1, 67), (86, 9, 67), (87, 4, 67), (88, 1, 60), (89, 8, 65), (90, 7, 65), (91, 2, 67), (92, 5, 67), (93, 1, 75), (94, 4, 76), (95, 7, 76), (96, 7, 70), (97, 3, 67), (98, 6, 74), (99, 2, 73), (100, 8, 74), (101, 0, 75), (102, 1, 81), (103, 4, 84), (104, 5, 83), (105, 3, 82), (106, 9, 74), (107, 3, 72), (108, 5, 73), (109, 6, 80), (110, 0, 82), (111, 8, 82), (112, 0, 87), (113, 1, 87), (114, 5, 89), (115, 6, 87), (116, 7, 81), (117, 9, 79), (118, 2, 82), (119, 6, 96), (120, 7, 87), (121, 3, 92), (122, 2, 93), (123, 0, 95), (124, 5, 96), (125, 3, 87), (126, 2, 87), (127, 9, 87), (128, 3, 99), (129, 7, 97), (130, 0, 105), (131, 2, 100), (132, 8, 100), (133, 7, 104), (134, 9, 96), (135, 8, 93), (136, 1, 96), (137, 4, 96), (138, 1, 104), (139, 2, 106), (140, 6, 104), (141, 5, 110), (142, 8, 106), (143, 7, 111), (144, 2, 111), (145, 9, 105), (146, 5, 104), (147, 4, 102), (148, 8, 112), (149, 0, 112), (150, 6, 112), (151, 4, 111), (152, 2, 122), (153, 3, 118), (154, 4, 125), (155, 3, 124), (156, 4, 118), (157, 6, 132), (158, 9, 124), (159, 8, 132), (160, 2, 132), (161, 5, 132), (162, 3, 132), (163, 1, 131), (164, 7, 125), (165, 8, 125), (166, 1, 141), (167, 6, 140), (168, 7, 132), (169, 0, 131), (170, 6, 147), (171, 9, 148), (172, 3, 147), (173, 5, 142), (174, 9, 138), (175, 0, 138), (176, 5, 154), (177, 7, 157), (178, 2, 157), (179, 1, 157), (180, 4, 152), (181, 8, 146), (182, 8, 163), (183, 4, 159), (184, 6, 167), (185, 0, 167), (186, 0, 173), (187, 2, 173), (188, 4, 183), (189, 0, 183), (190, 3, 192), (191, 7, 201), (192, 1, 207), (193, 5, 217)];0;925.3631887435913;218;4.025146305325595;10.55937659098352;7.671616297026865;{'N': 100, 'obj': 'avg_rm'}
Sensitivity analysis SAA model (N);STr150;./Data/PrecedenceGraphs/LOVATO_gr_aircraft1.txt;./Data/Tasks/exponential/tasks_exponential_194_0.txt;exponential;194;10;900;[(0, 9, 0), (1, 7, 1), (2, 6, 1), (3, 8, 20), (4, 8, 10), (5, 8, 1), (6, 2, 1), (7, 2, 9), (8, 4, 1), (9, 6, 16), (10, 6, 36), (11, 5, 1), (12, 1, 66), (13, 1, 60), (14, 1, 6), (15, 7, 6), (16, 6, 6), (17, 8, 29), (18, 9, 6), (19, 1, 203), (20, 1, 25), (21, 3, 36), (22, 3, 11), (23, 6, 87), (24, 9, 21), (25, 8, 103), (26, 9, 16), (27, 1, 42), (28, 8, 72), (29, 1, 16), (30, 4, 16), (31, 3, 67), (32, 3, 133), (33, 2, 35), (34, 1, 35), (35, 7, 58), (36, 0, 47), (37, 3, 20), (38, 9, 33), (39, 8, 79), (40, 1, 160), (41, 3, 50), (42, 7, 50), (43, 7, 25), (44, 4, 22), (45, 0, 72), (46, 4, 163), (47, 0, 42), (48, 1, 99), (49, 4, 27), (50, 6, 26), (51, 4, 78), (52, 3, 58), (53, 3, 30), (54, 9, 27), (55, 4, 47), (56, 8, 56), (57, 5, 36), (58, 7, 88), (59, 4, 72), (60, 3, 105), (61, 8, 36), (62, 7, 33), (63, 2, 56), (64, 6, 56), (65, 6, 66), (66, 6, 104), (67, 8, 94), (68, 3, 118), (69, 3, 97), (70, 6, 46), (71, 8, 46), (72, 4, 63), (73, 5, 63), (74, 3, 112), (75, 6, 72), (76, 1, 72), (77, 9, 116), (78, 7, 123), (79, 8, 117), (80, 8, 137), (81, 1, 53), (82, 3, 88), (83, 7, 72), (84, 4, 136), (85, 1, 125), (86, 4, 144), (87, 0, 142), (88, 9, 60), (89, 4, 101), (90, 0, 97), (91, 3, 82), (92, 7, 80), (93, 2, 144), (94, 8, 173), (95, 2, 151), (96, 4, 88), (97, 8, 67), (98, 8, 125), (99, 3, 143), (100, 0, 88), (101, 8, 88), (102, 6, 152), (103, 2, 156), (104, 3, 187), (105, 8, 156), (106, 1, 79), (107, 3, 72), (108, 1, 84), (109, 4, 131), (110, 4, 96), (111, 6, 94), (112, 6, 158), (113, 0, 161), (114, 6, 165), (115, 7, 161), (116, 5, 84), (117, 9, 102), (118, 6, 82), (119, 5, 136), (120, 7, 136), (121, 2, 104), (122, 5, 104), (123, 9, 177), (124, 3, 170), (125, 1, 94), (126, 4, 110), (127, 9, 87), (128, 1, 187), (129, 1, 146), (130, 0, 111), (131, 8, 111), (132, 9, 111), (133, 5, 177), (134, 1, 106), (135, 0, 183), (136, 6, 118), (137, 9, 96), (138, 5, 153), (139, 4, 168), (140, 7, 153), (141, 2, 117), (142, 1, 117), (143, 5, 184), (144, 4, 116), (145, 3, 193), (146, 8, 131), (147, 7, 102), (148, 1, 172), (149, 2, 123), (150, 3, 123), (151, 6, 111), (152, 2, 182), (153, 7, 129), (154, 9, 133), (155, 7, 146), (156, 0, 118), (157, 7, 200), (158, 1, 135), (159, 9, 140), (160, 1, 153), (161, 7, 170), (162, 0, 151), (163, 4, 153), (164, 0, 125), (165, 6, 126), (166, 3, 160), (167, 4, 175), (168, 0, 132), (169, 2, 132), (170, 7, 175), (171, 5, 165), (172, 7, 192), (173, 6, 142), (174, 3, 177), (175, 9, 145), (176, 6, 182), (177, 2, 192), (178, 1, 197), (179, 2, 174), (180, 3, 152), (181, 9, 167), (182, 3, 217), (183, 9, 159), (184, 1, 167), (185, 8, 167), (186, 6, 172), (187, 0, 173), (188, 1, 182), (189, 7, 183), (190, 0, 192), (191, 8, 201), (192, 3, 207), (193, 9, 223)];0.0267857;977.650030374527;224;4.227888302984633;10.895910145170385;10.572464570958935;{'N': 150, 'obj': 'avg_rm'}
Sensitivity analysis Model With Bounded Number of Buffer Times (|b_j|);BBr1;./Data/PrecedenceGraphs/LOVATO_gr_aircraft1.txt;./Data/Tasks/exponential/tasks_exponential_194_0.txt;exponential;194;10;900;[(0, 3, 0), (1, 4, 1), (2, 9, 1), (3, 8, 9), (4, 2, 1), (5, 7, 1), (6, 1, 1), (7, 0, 1), (8, 5, 1), (9, 8, 1), (10, 2, 11), (11, 3, 1), (12, 6, 7), (13, 6, 1), (14, 4, 6), (15, 9, 6), (16, 5, 7), (17, 7, 10), (18, 0, 6), (19, 6, 153), (20, 6, 13), (21, 1, 10), (22, 3, 11), (23, 0, 12), (24, 0, 28), (25, 3, 26), (26, 4, 16), (27, 2, 16), (28, 7, 16), (29, 9, 16), (30, 5, 17), (31, 8, 18), (32, 0, 18), (33, 6, 23), (34, 7, 23), (35, 3, 20), (36, 7, 30), (37, 1, 20), (38, 6, 30), (39, 4, 21), (40, 2, 132), (41, 8, 24), (42, 2, 24), (43, 9, 25), (44, 5, 23), (45, 4, 35), (46, 0, 33), (47, 4, 30), (48, 2, 57), (49, 3, 33), (50, 1, 27), (51, 8, 31), (52, 2, 32), (53, 9, 30), (54, 5, 28), (55, 6, 35), (56, 4, 40), (57, 7, 160), (58, 7, 41), (59, 3, 43), (60, 6, 44), (61, 9, 36), (62, 5, 34), (63, 1, 44), (64, 8, 53), (65, 5, 60), (66, 2, 51), (67, 6, 51), (68, 1, 57), (69, 3, 49), (70, 8, 46), (71, 5, 42), (72, 7, 51), (73, 5, 53), (74, 1, 51), (75, 8, 121), (76, 5, 66), (77, 6, 60), (78, 0, 67), (79, 3, 57), (80, 4, 60), (81, 0, 53), (82, 8, 64), (83, 9, 60), (84, 4, 69), (85, 6, 69), (86, 5, 73), (87, 8, 73), (88, 0, 60), (89, 7, 73), (90, 1, 73), (91, 0, 73), (92, 9, 68), (93, 4, 77), (94, 8, 82), (95, 5, 82), (96, 3, 67), (97, 2, 67), (98, 7, 82), (99, 9, 79), (100, 6, 79), (101, 1, 79), (102, 4, 83), (103, 9, 102), (104, 9, 87), (105, 5, 87), (106, 3, 73), (107, 2, 72), (108, 1, 95), (109, 0, 88), (110, 6, 87), (111, 1, 85), (112, 4, 89), (113, 1, 124), (114, 8, 92), (115, 9, 93), (116, 3, 78), (117, 7, 88), (118, 2, 82), (119, 0, 103), (120, 0, 93), (121, 7, 108), (122, 3, 100), (123, 5, 98), (124, 6, 102), (125, 7, 94), (126, 3, 94), (127, 2, 87), (128, 0, 115), (129, 0, 108), (130, 7, 116), (131, 3, 107), (132, 8, 107), (133, 6, 110), (134, 7, 99), (135, 8, 100), (136, 8, 112), (137, 2, 96), (138, 4, 139), (139, 0, 126), (140, 9, 115), (141, 1, 118), (142, 3, 114), (143, 3, 121), (144, 5, 109), (145, 1, 107), (146, 4, 121), (147, 2, 102), (148, 9, 122), (149, 6, 121), (150, 4, 128), (151, 2, 111), (152, 5, 133), (153, 8, 128), (154, 9, 139), (155, 0, 139), (156, 2, 118), (157, 5, 144), (158, 7, 135), (159, 8, 146), (160, 9, 146), (161, 2, 146), (162, 4, 150), (163, 0, 147), (164, 2, 125), (165, 7, 125), (166, 7, 154), (167, 2, 159), (168, 6, 132), (169, 1, 132), (170, 3, 160), (171, 5, 172), (172, 0, 167), (173, 3, 142), (174, 6, 142), (175, 1, 140), (176, 3, 183), (177, 1, 182), (178, 4, 182), (179, 2, 182), (180, 1, 152), (181, 4, 159), (182, 4, 189), (183, 9, 159), (184, 5, 167), (185, 8, 167), (186, 3, 172), (187, 6, 173), (188, 5, 183), (189, 8, 183), (190, 2, 192), (191, 2, 201), (192, 3, 207), (193, 9, 217)];0;288.7303364276886;218;1.4862915779731039;3.813490258982713;3.431927999180178;{'N': 30, 'max_b': 1, 'sum_of_buf': 50, 'obj': 'avg_rm'}
Sensitivity analysis Model With Bounded Number of Buffer Times (|b_j|);BBr2;./Data/PrecedenceGraphs/LOVATO_gr_aircraft1.txt;./Data/Tasks/exponential/tasks_exponential_194_0.txt;exponential;194;10;900;[(0, 8, 0), (1, 8, 1), (2, 3, 6), (3, 1, 1), (4, 1, 10), (5, 9, 1), (6, 8, 6), (7, 8, 14), (8, 3, 1), (9, 9, 11), (10, 5, 24), (11, 4, 1), (12, 5, 1), (13, 7, 1), (14, 5, 7), (15, 0, 6), (16, 2, 6), (17, 1, 20), (18, 2, 16), (19, 4, 11), (20, 7, 11), (21, 5, 29), (22, 0, 36), (23, 6, 11), (24, 5, 19), (25, 6, 19), (26, 4, 21), (27, 2, 22), (28, 9, 21), (29, 3, 16), (30, 0, 16), (31, 4, 26), (32, 6, 26), (33, 7, 40), (34, 8, 21), (35, 5, 39), (36, 9, 39), (37, 6, 45), (38, 1, 45), (39, 1, 26), (40, 3, 26), (41, 8, 30), (42, 2, 30), (43, 0, 25), (44, 7, 22), (45, 9, 31), (46, 1, 36), (47, 7, 47), (48, 5, 45), (49, 6, 51), (50, 7, 52), (51, 3, 37), (52, 8, 38), (53, 0, 30), (54, 7, 27), (55, 1, 52), (56, 6, 62), (57, 3, 62), (58, 3, 47), (59, 8, 47), (60, 9, 47), (61, 4, 36), (62, 7, 33), (63, 2, 61), (64, 8, 61), (65, 0, 67), (66, 3, 56), (67, 5, 53), (68, 0, 53), (69, 8, 53), (70, 0, 46), (71, 2, 40), (72, 7, 71), (73, 3, 68), (74, 2, 68), (75, 6, 73), (76, 9, 73), (77, 7, 62), (78, 9, 58), (79, 1, 61), (80, 5, 62), (81, 4, 53), (82, 2, 50), (83, 5, 80), (84, 3, 89), (85, 1, 76), (86, 1, 69), (87, 5, 71), (88, 4, 60), (89, 9, 64), (90, 0, 59), (91, 7, 88), (92, 5, 88), (93, 6, 131), (94, 6, 80), (95, 7, 80), (96, 6, 67), (97, 4, 67), (98, 0, 73), (99, 2, 96), (100, 6, 96), (101, 5, 96), (102, 8, 160), (103, 5, 125), (104, 9, 90), (105, 1, 85), (106, 8, 72), (107, 4, 72), (108, 9, 80), (109, 8, 79), (110, 5, 106), (111, 7, 103), (112, 3, 166), (113, 7, 142), (114, 5, 119), (115, 0, 99), (116, 3, 77), (117, 2, 77), (118, 4, 82), (119, 3, 84), (120, 8, 132), (121, 0, 115), (122, 4, 115), (123, 4, 149), (124, 3, 108), (125, 0, 83), (126, 2, 83), (127, 4, 87), (128, 3, 142), (129, 2, 148), (130, 6, 124), (131, 1, 124), (132, 4, 124), (133, 2, 170), (134, 0, 88), (135, 8, 89), (136, 1, 96), (137, 4, 96), (138, 0, 155), (139, 1, 155), (140, 6, 157), (141, 0, 132), (142, 4, 132), (143, 0, 177), (144, 8, 142), (145, 4, 138), (146, 5, 113), (147, 4, 102), (148, 4, 168), (149, 0, 139), (150, 2, 138), (151, 9, 111), (152, 4, 178), (153, 1, 145), (154, 8, 148), (155, 2, 155), (156, 2, 118), (157, 3, 188), (158, 6, 151), (159, 8, 155), (160, 4, 161), (161, 9, 162), (162, 2, 162), (163, 9, 167), (164, 8, 125), (165, 9, 125), (166, 8, 168), (167, 1, 170), (168, 7, 132), (169, 0, 145), (170, 6, 173), (171, 8, 173), (172, 9, 177), (173, 9, 142), (174, 0, 167), (175, 9, 154), (176, 3, 180), (177, 7, 183), (178, 9, 185), (179, 4, 188), (180, 7, 152), (181, 6, 163), (182, 4, 195), (183, 7, 159), (184, 5, 167), (185, 7, 167), (186, 5, 172), (187, 7, 173), (188, 0, 183), (189, 2, 183), (190, 6, 192), (191, 5, 201), (192, 3, 207), (193, 4, 217)];0;268.38782954216003;218;1.624952302862597;4.428327349938789;3.5724069259555127;{'N': 30, 'max_b': 2, 'sum_of_buf': 50, 'obj': 'avg_rm'}
Sensitivity analysis Model With Bounded Number of Buffer Times (|b_j|);BBr3;./Data/PrecedenceGraphs/LOVATO_gr_aircraft1.txt;./Data/Tasks/exponential/tasks_exponential_194_0.txt;exponential;194;10;900;[(0, 7, 0), (1, 4, 1), (2, 5, 1), (3, 1, 1), (4, 2, 1), (5, 9, 1), (6, 0, 1), (7, 3, 1), (8, 2, 11), (9, 8, 7), (10, 8, 15), (11, 6, 1), (12, 7, 1), (13, 8, 1), (14, 5, 6), (15, 3, 6), (16, 4, 6), (17, 9, 10), (18, 1, 10), (19, 6, 43), (20, 0, 10), (21, 7, 10), (22, 6, 11), (23, 7, 35), (24, 9, 23), (25, 9, 60), (26, 9, 16), (27, 5, 16), (28, 1, 16), (29, 3, 16), (30, 4, 16), (31, 2, 19), (32, 7, 20), (33, 0, 21), (34, 6, 23), (35, 8, 20), (36, 8, 26), (37, 1, 23), (38, 0, 28), (39, 8, 34), (40, 8, 43), (41, 2, 24), (42, 4, 24), (43, 3, 25), (44, 5, 24), (45, 7, 30), (46, 2, 33), (47, 9, 28), (48, 6, 33), (49, 2, 38), (50, 1, 31), (51, 0, 33), (52, 4, 32), (53, 3, 30), (54, 5, 31), (55, 9, 35), (56, 4, 48), (57, 6, 60), (58, 0, 43), (59, 4, 41), (60, 7, 41), (61, 3, 36), (62, 5, 37), (63, 1, 44), (64, 9, 44), (65, 4, 53), (66, 1, 52), (67, 7, 51), (68, 8, 49), (69, 2, 48), (70, 3, 46), (71, 5, 47), (72, 0, 52), (73, 8, 54), (74, 3, 53), (75, 0, 61), (76, 4, 61), (77, 8, 61), (78, 9, 54), (79, 5, 57), (80, 3, 62), (81, 6, 53), (82, 2, 57), (83, 1, 61), (84, 8, 70), (85, 6, 71), (86, 4, 68), (87, 5, 65), (88, 7, 60), (89, 2, 66), (90, 6, 66), (91, 9, 69), (92, 1, 69), (93, 8, 78), (94, 5, 107), (95, 0, 74), (96, 0, 68), (97, 7, 67), (98, 1, 75), (99, 4, 75), (100, 9, 75), (101, 2, 75), (102, 8, 84), (103, 5, 90), (104, 9, 83), (105, 0, 79), (106, 7, 72), (107, 3, 72), (108, 5, 74), (109, 2, 81), (110, 4, 83), (111, 1, 81), (112, 8, 90), (113, 6, 88), (114, 5, 84), (115, 0, 84), (116, 7, 77), (117, 6, 77), (118, 3, 82), (119, 4, 88), (120, 2, 86), (121, 4, 93), (122, 1, 91), (123, 8, 97), (124, 0, 93), (125, 6, 83), (126, 7, 83), (127, 3, 87), (128, 6, 96), (129, 2, 96), (130, 5, 100), (131, 1, 98), (132, 9, 98), (133, 0, 100), (134, 9, 89), (135, 7, 89), (136, 7, 96), (137, 3, 96), (138, 2, 103), (139, 6, 106), (140, 9, 103), (141, 4, 110), (142, 7, 104), (143, 0, 107), (144, 8, 107), (145, 4, 100), (146, 1, 104), (147, 3, 102), (148, 9, 109), (149, 1, 110), (150, 7, 110), (151, 3, 111), (152, 1, 119), (153, 2, 116), (154, 7, 120), (155, 3, 120), (156, 0, 118), (157, 5, 129), (158, 9, 122), (159, 4, 127), (160, 7, 127), (161, 2, 127), (162, 3, 127), (163, 6, 127), (164, 0, 125), (165, 8, 125), (166, 2, 134), (167, 9, 135), (168, 8, 132), (169, 1, 131), (170, 2, 139), (171, 7, 139), (172, 6, 142), (173, 0, 142), (174, 3, 138), (175, 5, 138), (176, 8, 146), (177, 3, 148), (178, 2, 148), (179, 7, 148), (180, 0, 152), (181, 9, 146), (182, 8, 154), (183, 6, 159), (184, 3, 167), (185, 0, 167), (186, 1, 172), (187, 5, 173), (188, 6, 182), (189, 5, 183), (190, 6, 192), (191, 5, 201), (192, 7, 207), (193, 1, 217)];0;192.40513849258423;218;2.5894841302057436;7.818026129120142;4.2029823100386725;{'N': 30, 'max_b': 3, 'sum_of_buf': 50, 'obj': 'avg_rm'}
Sensitivity analysis Model With Bounded Number of Buffer Times (|b_j|);BBr4;./Data/PrecedenceGraphs/LOVATO_gr_aircraft1.txt;./Data/Tasks/exponential/tasks_exponential_194_0.txt;exponential;194;10;900;[(0, 2, 0), (1, 3, 1), (2, 6, 1), (3, 9, 1), (4, 2, 1), (5, 0, 1), (6, 4, 1), (7, 7, 1), (8, 4, 9), (9, 8, 7), (10, 6, 14), (11, 5, 1), (12, 8, 1), (13, 3, 6), (14, 7, 6), (15, 1, 6), (16, 3, 12), (17, 0, 10), (18, 6, 8), (19, 8, 25), (20, 9, 10), (21, 2, 11), (22, 5, 13), (23, 4, 15), (24, 0, 19), (25, 2, 67), (26, 8, 35), (27, 7, 19), (28, 2, 30), (29, 8, 16), (30, 6, 22), (31, 5, 28), (32, 1, 16), (33, 3, 22), (34, 9, 21), (35, 4, 25), (36, 4, 39), (37, 5, 22), (38, 4, 31), (39, 9, 46), (40, 9, 62), (41, 2, 37), (42, 7, 30), (43, 2, 25), (44, 6, 30), (45, 0, 36), (46, 0, 45), (47, 9, 29), (48, 5, 35), (49, 0, 60), (50, 3, 29), (51, 7, 45), (52, 2, 45), (53, 0, 30), (54, 6, 35), (55, 8, 43), (56, 6, 42), (57, 9, 56), (58, 7, 55), (59, 2, 54), (60, 4, 54), (61, 9, 36), (62, 3, 42), (63, 5, 53), (64, 8, 52), (65, 6, 47), (66, 7, 64), (67, 5, 69), (68, 9, 68), (69, 1, 72), (70, 5, 46), (71, 3, 49), (72, 5, 60), (73, 4, 61), (74, 8, 62), (75, 3, 59), (76, 2, 60), (77, 1, 80), (78, 9, 73), (79, 4, 80), (80, 7, 80), (81, 0, 53), (82, 8, 68), (83, 0, 70), (84, 8, 89), (85, 2, 89), (86, 4, 88), (87, 5, 88), (88, 1, 60), (89, 3, 77), (90, 8, 77), (91, 0, 78), (92, 9, 79), (93, 8, 97), (94, 7, 100), (95, 5, 97), (96, 2, 74), (97, 1, 67), (98, 3, 86), (99, 9, 91), (100, 0, 85), (101, 9, 85), (102, 2, 105), (103, 1, 107), (104, 1, 123), (105, 1, 102), (106, 1, 89), (107, 6, 72), (108, 4, 95), (109, 3, 92), (110, 0, 93), (111, 2, 95), (112, 9, 125), (113, 5, 108), (114, 1, 117), (115, 0, 107), (116, 1, 94), (117, 7, 94), (118, 6, 82), (119, 2, 119), (120, 3, 97), (121, 9, 118), (122, 4, 105), (123, 0, 133), (124, 4, 116), (125, 8, 103), (126, 5, 102), (127, 6, 87), (128, 8, 115), (129, 3, 107), (130, 7, 125), (131, 0, 116), (132, 5, 116), (133, 3, 123), (134, 7, 108), (135, 8, 108), (136, 2, 111), (137, 6, 96), (138, 8, 125), (139, 9, 132), (140, 4, 123), (141, 0, 128), (142, 0, 122), (143, 3, 130), (144, 1, 129), (145, 2, 124), (146, 5, 121), (147, 9, 102), (148, 4, 129), (149, 9, 137), (150, 7, 132), (151, 9, 111), (152, 6, 172), (153, 2, 143), (154, 9, 143), (155, 7, 142), (156, 6, 118), (157, 8, 183), (158, 4, 149), (159, 1, 150), (160, 5, 150), (161, 8, 150), (162, 2, 150), (163, 7, 149), (164, 6, 125), (165, 0, 143), (166, 3, 157), (167, 1, 158), (168, 6, 132), (169, 4, 155), (170, 2, 162), (171, 5, 162), (172, 0, 165), (173, 6, 142), (174, 3, 162), (175, 6, 182), (176, 4, 169), (177, 1, 171), (178, 6, 194), (179, 2, 171), (180, 6, 152), (181, 7, 201), (182, 5, 200), (183, 6, 159), (184, 6, 167), (185, 8, 167), (186, 9, 172), (187, 8, 173), (188, 2, 182), (189, 3, 183), (190, 7, 192), (191, 1, 201), (192, 9, 207), (193, 0, 217)];0;202.152996301651;218;1.7322420204103959;4.1887078405665275;3.561039364030303;{'N': 30, 'max_b': 4, 'sum_of_buf': 50, 'obj': 'avg_rm'}
Sensitivity analysis Model With Bounded Number of Buffer Times (|b_j|);BBr5;./Data/PrecedenceGraphs/LOVATO_gr_aircraft1.txt;./Data/Tasks/exponential/tasks_exponential_194_0.txt;exponential;194;10;900;[(0, 1, 0), (1, 8, 1), (2, 1, 1), (3, 9, 1), (4, 6, 1), (5, 4, 1), (6, 0, 1), (7, 7, 16), (8, 2, 1), (9, 3, 12), (10, 4, 15), (11, 8, 6), (12, 5, 1), (13, 3, 1), (14, 1, 11), (15, 7, 6), (16, 5, 12), (17, 8, 21), (18, 7, 26), (19, 2, 15), (20, 7, 32), (21, 0, 26), (22, 9, 25), (23, 4, 30), (24, 3, 37), (25, 7, 59), (26, 1, 36), (27, 8, 32), (28, 0, 42), (29, 9, 16), (30, 5, 22), (31, 8, 27), (32, 3, 27), (33, 7, 42), (34, 4, 42), (35, 0, 36), (36, 3, 42), (37, 5, 34), (38, 7, 54), (39, 6, 41), (40, 8, 60), (41, 4, 54), (42, 8, 40), (43, 4, 25), (44, 6, 28), (45, 7, 49), (46, 1, 41), (47, 4, 49), (48, 2, 53), (49, 6, 82), (50, 5, 40), (51, 9, 61), (52, 2, 66), (53, 1, 30), (54, 2, 60), (55, 1, 54), (56, 0, 73), (57, 5, 50), (58, 5, 71), (59, 4, 75), (60, 9, 75), (61, 2, 36), (62, 0, 66), (63, 1, 63), (64, 6, 92), (65, 8, 93), (66, 5, 80), (67, 5, 86), (68, 1, 93), (69, 2, 81), (70, 2, 46), (71, 7, 73), (72, 8, 70), (73, 1, 70), (74, 0, 78), (75, 5, 100), (76, 0, 99), (77, 0, 86), (78, 9, 125), (79, 2, 89), (80, 1, 112), (81, 8, 53), (82, 9, 83), (83, 8, 79), (84, 1, 104), (85, 0, 122), (86, 4, 127), (87, 2, 97), (88, 6, 60), (89, 4, 118), (90, 5, 95), (91, 7, 87), (92, 8, 87), (93, 9, 136), (94, 0, 158), (95, 2, 106), (96, 1, 87), (97, 6, 67), (98, 5, 127), (99, 0, 106), (100, 6, 102), (101, 7, 93), (102, 7, 142), (103, 5, 115), (104, 4, 134), (105, 1, 121), (106, 4, 81), (107, 6, 72), (108, 8, 116), (109, 5, 133), (110, 6, 110), (111, 7, 99), (112, 8, 148), (113, 7, 132), (114, 9, 142), (115, 2, 126), (116, 1, 98), (117, 4, 102), (118, 1, 82), (119, 4, 140), (120, 5, 138), (121, 6, 115), (122, 7, 109), (123, 1, 148), (124, 0, 135), (125, 8, 111), (126, 9, 108), (127, 3, 87), (128, 5, 148), (129, 6, 159), (130, 3, 122), (131, 0, 116), (132, 9, 131), (133, 2, 149), (134, 3, 129), (135, 2, 142), (136, 5, 107), (137, 4, 96), (138, 1, 166), (139, 5, 169), (140, 6, 166), (141, 8, 132), (142, 2, 136), (143, 5, 158), (144, 9, 148), (145, 7, 183), (146, 8, 126), (147, 8, 102), (148, 6, 172), (149, 3, 142), (150, 0, 142), (151, 4, 111), (152, 9, 182), (153, 3, 148), (154, 6, 152), (155, 4, 152), (156, 9, 118), (157, 9, 199), (158, 2, 156), (159, 3, 159), (160, 8, 159), (161, 5, 164), (162, 4, 173), (163, 2, 162), (164, 7, 125), (165, 0, 152), (166, 8, 166), (167, 2, 181), (168, 6, 132), (169, 1, 158), (170, 0, 171), (171, 1, 176), (172, 8, 188), (173, 6, 142), (174, 6, 182), (175, 9, 165), (176, 5, 178), (177, 3, 185), (178, 7, 193), (179, 9, 192), (180, 7, 152), (181, 2, 188), (182, 1, 207), (183, 7, 159), (184, 7, 167), (185, 4, 167), (186, 3, 172), (187, 7, 173), (188, 5, 183), (189, 4, 183), (190, 0, 192), (191, 1, 201), (192, 5, 207), (193, 1, 217)];0;203.73558688163757;218;1.8753061012301815;5.183270791657751;4.493964477269833;{'N': 30, 'max_b': 5, 'sum_of_buf': 50, 'obj': 'avg_rm'}

deterministic baseline model;DET;./Data/PrecedenceGraphs/parsedPSPLib/graph_122_0.txt;./Data/Tasks/uniform/tasks_uniform_122_0.txt;uniform;122;8;600;[(0, 3, 0), (1, 1, 1), (2, 5, 1), (3, 3, 1), (4, 0, 10), (5, 1, 10), (6, 1, 19), (7, 5, 11), (8, 3, 11), (9, 6, 10), (10, 1, 26), (11, 2, 7), (12, 7, 11), (13, 4, 15), (14, 5, 16), (15, 5, 52), (16, 2, 15), (17, 5, 35), (18, 7, 81), (19, 0, 33), (20, 0, 40), (21, 5, 22), (22, 6, 18), (23, 6, 47), (24, 2, 69), (25, 6, 34), (26, 5, 75), (27, 0, 71), (28, 2, 27), (29, 0, 28), (30, 2, 35), (31, 2, 20), (32, 3, 42), (33, 4, 20), (34, 3, 31), (35, 3, 51), (36, 7, 86), (37, 0, 19), (38, 3, 25), (39, 7, 31), (40, 5, 68), (41, 4, 37), (42, 3, 60), (43, 6, 26), (44, 7, 52), (45, 7, 64), (46, 4, 44), (47, 3, 37), (48, 3, 66), (49, 1, 77), (50, 7, 21), (51, 3, 76), (52, 2, 45), (53, 2, 63), (54, 5, 27), (55, 4, 27), (56, 5, 101), (57, 7, 59), (58, 7, 37), (59, 3, 19), (60, 0, 61), (61, 1, 35), (62, 3, 85), (63, 4, 94), (64, 4, 7), (65, 6, 81), (66, 1, 41), (67, 7, 74), (68, 1, 70), (69, 2, 78), (70, 6, 59), (71, 1, 46), (72, 5, 42), (73, 2, 93), (74, 0, 53), (75, 2, 53), (76, 4, 66), (77, 1, 56), (78, 4, 52), (79, 0, 45), (80, 6, 65), (81, 4, 61), (82, 6, 89), (83, 7, 94), (84, 4, 82), (85, 4, 72), (86, 3, 99), (87, 0, 80), (88, 6, 53), (89, 4, 89), (90, 2, 98), (91, 5, 83), (92, 0, 89), (93, 5, 90), (94, 3, 93), (95, 7, 45), (96, 6, 41), (97, 6, 100), (98, 5, 62), (99, 7, 101), (100, 5, 95), (101, 2, 108), (102, 6, 75), (103, 2, 85), (104, 3, 107), (105, 6, 95), (106, 4, 117), (107, 0, 97), (108, 0, 106), (109, 1, 83), (110, 4, 102), (111, 1, 65), (112, 1, 93), (113, 6, 105), (114, 0, 114), (115, 6, 127), (116, 2, 136), (117, 1, 101), (118, 5, 114), (119, 0, 124), (120, 6, 145), (121, 3, 155)];0;0.6449387073516846;156;4.163808821948969;9.05907195543482;7.028438194000158;{}
Sensitivity analysis buffer time model (param q);BT10;./Data/PrecedenceGraphs/parsedPSPLib/graph_122_0.txt;./Data/Tasks/uniform/tasks_uniform_122_0.txt;uniform;122;8;600;[(0, 4, 0), (1, 6, 1), (2, 3, 1), (3, 7, 1), (4, 6, 12), (5, 0, 12), (6, 0, 23), (7, 7, 12), (8, 3, 12), (9, 1, 12), (10, 0, 31), (11, 4, 8), (12, 2, 12), (13, 4, 18), (14, 7, 20), (15, 3, 70), (16, 5, 18), (17, 0, 42), (18, 3, 102), (19, 3, 41), (20, 1, 55), (21, 7, 29), (22, 1, 21), (23, 1, 61), (24, 1, 87), (25, 1, 46), (26, 1, 97), (27, 3, 91), (28, 5, 33), (29, 6, 34), (30, 2, 43), (31, 4, 24), (32, 5, 50), (33, 5, 25), (34, 2, 36), (35, 5, 62), (36, 4, 108), (37, 6, 23), (38, 1, 31), (39, 1, 38), (40, 3, 82), (41, 6, 41), (42, 2, 74), (43, 3, 31), (44, 2, 66), (45, 6, 85), (46, 2, 56), (47, 4, 43), (48, 0, 81), (49, 5, 94), (50, 2, 25), (51, 0, 93), (52, 4, 51), (53, 6, 77), (54, 4, 33), (55, 7, 37), (56, 6, 126), (57, 1, 79), (58, 3, 50), (59, 3, 22), (60, 4, 73), (61, 5, 43), (62, 0, 103), (63, 6, 115), (64, 5, 8), (65, 2, 101), (66, 7, 50), (67, 7, 87), (68, 4, 92), (69, 4, 100), (70, 5, 74), (71, 4, 61), (72, 6, 50), (73, 0, 112), (74, 0, 70), (75, 0, 59), (76, 2, 81), (77, 7, 68), (78, 6, 61), (79, 3, 60), (80, 5, 82), (81, 6, 71), (82, 4, 118), (83, 1, 117), (84, 7, 104), (85, 2, 90), (86, 0, 119), (87, 6, 97), (88, 1, 70), (89, 6, 108), (90, 3, 119), (91, 1, 108), (92, 3, 109), (93, 2, 120), (94, 5, 125), (95, 7, 58), (96, 0, 50), (97, 7, 119), (98, 7, 79), (99, 7, 127), (100, 1, 125), (101, 3, 131), (102, 7, 95), (103, 2, 111), (104, 0, 128), (105, 7, 113), (106, 4, 143), (107, 2, 126), (108, 4, 126), (109, 5, 103), (110, 1, 134), (111, 4, 84), (112, 5, 116), (113, 6, 135), (114, 0, 136), (115, 5, 156), (116, 6, 168), (117, 5, 133), (118, 2, 141), (119, 1, 148), (120, 4, 179), (121, 7, 192)];0;0.5841290950775146;193;0.0;0.0;0.0;{'threshold': 0.1}
Sensitivity analysis buffer time model (param q);BT20;./Data/PrecedenceGraphs/parsedPSPLib/graph_122_0.txt;./Data/Tasks/uniform/tasks_uniform_122_0.txt;uniform;122;8;600;[(0, 4, 0), (1, 6, 1), (2, 3, 1), (3, 7, 1), (4, 6, 11), (5, 0, 11), (6, 0, 21), (7, 7, 12), (8, 3, 12), (9, 1, 11), (10, 0, 29), (11, 4, 8), (12, 2, 12), (13, 4, 17), (14, 7, 19), (15, 2, 64), (16, 5, 17), (17, 0, 39), (18, 3, 91), (19, 5, 37), (20, 7, 46), (21, 7, 27), (22, 1, 20), (23, 2, 56), (24, 3, 81), (25, 1, 43), (26, 7, 86), (27, 2, 86), (28, 4, 31), (29, 5, 31), (30, 4, 40), (31, 5, 23), (32, 0, 47), (33, 4, 23), (34, 2, 35), (35, 6, 58), (36, 0, 102), (37, 6, 21), (38, 1, 29), (39, 1, 36), (40, 1, 74), (41, 3, 38), (42, 6, 69), (43, 3, 29), (44, 1, 60), (45, 2, 75), (46, 1, 51), (47, 2, 42), (48, 6, 76), (49, 6, 87), (50, 2, 24), (51, 5, 87), (52, 7, 52), (53, 7, 72), (54, 6, 31), (55, 7, 34), (56, 4, 116), (57, 5, 72), (58, 3, 46), (59, 3, 21), (60, 4, 71), (61, 6, 40), (62, 3, 97), (63, 3, 106), (64, 5, 8), (65, 7, 96), (66, 2, 49), (67, 1, 82), (68, 4, 82), (69, 0, 94), (70, 0, 68), (71, 5, 53), (72, 6, 47), (73, 5, 106), (74, 4, 61), (75, 7, 61), (76, 5, 79), (77, 3, 64), (78, 0, 58), (79, 3, 55), (80, 0, 75), (81, 1, 68), (82, 4, 109), (83, 2, 110), (84, 2, 96), (85, 4, 90), (86, 1, 115), (87, 1, 90), (88, 5, 64), (89, 2, 104), (90, 5, 112), (91, 4, 101), (92, 1, 100), (93, 1, 109), (94, 0, 111), (95, 4, 52), (96, 5, 45), (97, 3, 116), (98, 3, 74), (99, 0, 118), (100, 7, 111), (101, 5, 123), (102, 0, 86), (103, 5, 97), (104, 1, 124), (105, 7, 105), (106, 4, 134), (107, 6, 116), (108, 3, 123), (109, 6, 95), (110, 7, 119), (111, 7, 79), (112, 6, 107), (113, 4, 125), (114, 2, 132), (115, 5, 146), (116, 6, 157), (117, 2, 118), (118, 0, 133), (119, 1, 143), (120, 4, 167), (121, 7, 179)];0;0.6111295223236084;180;0.21926262134900995;0.65016654447294;0.24159067077168153;{'threshold': 0.2}
Sensitivity analysis buffer time model (param q);BT30;./Data/PrecedenceGraphs/parsedPSPLib/graph_122_0.txt;./Data/Tasks/uniform/tasks_uniform_122_0.txt;uniform;122;8;600;[(0, 4, 0), (1, 6, 1), (2, 3, 1), (3, 7, 1), (4, 6, 11), (5, 0, 11), (6, 0, 21), (7, 7, 12), (8, 3, 12), (9, 1, 11), (10, 0, 29), (11, 4, 8), (12, 2, 12), (13, 4, 17), (14, 7, 18), (15, 5, 59), (16, 5, 17), (17, 0, 39), (18, 6, 87), (19, 5, 37), (20, 5, 45), (21, 7, 25), (22, 1, 20), (23, 1, 55), (24, 3, 77), (25, 1, 38), (26, 5, 91), (27, 4, 84), (28, 2, 31), (29, 5, 31), (30, 2, 40), (31, 5, 23), (32, 4, 47), (33, 2, 23), (34, 4, 34), (35, 4, 57), (36, 5, 100), (37, 6, 21), (38, 3, 28), (39, 3, 35), (40, 4, 76), (41, 7, 42), (42, 2, 67), (43, 1, 29), (44, 7, 57), (45, 0, 75), (46, 1, 46), (47, 4, 41), (48, 2, 74), (49, 0, 86), (50, 4, 23), (51, 2, 85), (52, 3, 51), (53, 3, 70), (54, 6, 31), (55, 7, 31), (56, 5, 109), (57, 1, 62), (58, 3, 42), (59, 3, 21), (60, 6, 68), (61, 6, 40), (62, 2, 95), (63, 1, 107), (64, 5, 8), (65, 1, 92), (66, 0, 47), (67, 5, 83), (68, 6, 79), (69, 7, 90), (70, 7, 65), (71, 0, 53), (72, 6, 47), (73, 6, 104), (74, 4, 67), (75, 0, 64), (76, 1, 74), (77, 3, 60), (78, 6, 58), (79, 2, 51), (80, 7, 72), (81, 1, 68), (82, 4, 102), (83, 0, 108), (84, 4, 94), (85, 1, 81), (86, 3, 112), (87, 3, 87), (88, 2, 60), (89, 1, 101), (90, 6, 110), (91, 0, 93), (92, 7, 98), (93, 3, 106), (94, 0, 101), (95, 5, 51), (96, 7, 50), (97, 2, 113), (98, 5, 70), (99, 4, 116), (100, 4, 109), (101, 6, 121), (102, 7, 83), (103, 3, 97), (104, 3, 121), (105, 7, 107), (106, 3, 131), (107, 7, 113), (108, 1, 116), (109, 6, 93), (110, 5, 118), (111, 5, 77), (112, 2, 104), (113, 2, 119), (114, 4, 129), (115, 5, 142), (116, 6, 152), (117, 0, 116), (118, 2, 127), (119, 1, 140), (120, 4, 162), (121, 7, 173)];0;0.6696207523345947;174;0.5099660220909669;1.4321447055648076;0.8460290545993117;{'threshold': 0.3}
Sensitivity analysis buffer time model (param q);BT40;./Data/PrecedenceGraphs/parsedPSPLib/graph_122_0.txt;./Data/Tasks/uniform/tasks_uniform_122_0.txt;uniform;122;8;600;[(0, 7, 0), (1, 7, 1), (2, 1, 1), (3, 6, 1), (4, 5, 10), (5, 7, 10), (6, 5, 19), (7, 0, 11), (8, 1, 11), (9, 2, 10), (10, 2, 26), (11, 4, 7), (12, 6, 11), (13, 3, 15), (14, 0, 17), (15, 6, 59), (16, 4, 15), (17, 4, 35), (18, 5, 84), (19, 7, 33), (20, 6, 45), (21, 0, 24), (22, 2, 18), (23, 7, 47), (24, 0, 70), (25, 6, 38), (26, 1, 77), (27, 5, 75), (28, 3, 27), (29, 7, 28), (30, 2, 35), (31, 4, 20), (32, 4, 42), (33, 3, 20), (34, 6, 32), (35, 4, 52), (36, 5, 89), (37, 7, 19), (38, 1, 26), (39, 1, 32), (40, 6, 69), (41, 5, 34), (42, 4, 62), (43, 5, 26), (44, 7, 54), (45, 3, 70), (46, 5, 41), (47, 1, 38), (48, 2, 68), (49, 0, 79), (50, 6, 22), (51, 2, 78), (52, 2, 46), (53, 0, 64), (54, 4, 27), (55, 0, 30), (56, 4, 102), (57, 1, 64), (58, 3, 41), (59, 1, 19), (60, 5, 59), (61, 3, 35), (62, 2, 87), (63, 1, 93), (64, 3, 7), (65, 7, 84), (66, 0, 41), (67, 1, 70), (68, 6, 76), (69, 6, 83), (70, 7, 61), (71, 5, 49), (72, 1, 44), (73, 6, 95), (74, 6, 50), (75, 1, 54), (76, 4, 68), (77, 0, 55), (78, 2, 54), (79, 3, 49), (80, 7, 67), (81, 2, 63), (82, 2, 95), (83, 3, 97), (84, 4, 85), (85, 4, 75), (86, 6, 100), (87, 3, 80), (88, 3, 57), (89, 6, 90), (90, 7, 100), (91, 1, 86), (92, 3, 89), (93, 4, 97), (94, 5, 97), (95, 0, 47), (96, 7, 40), (97, 2, 101), (98, 3, 64), (99, 1, 109), (100, 1, 102), (101, 7, 110), (102, 7, 77), (103, 7, 92), (104, 6, 108), (105, 4, 92), (106, 5, 120), (107, 5, 103), (108, 3, 104), (109, 0, 86), (110, 4, 110), (111, 5, 69), (112, 0, 97), (113, 2, 107), (114, 3, 115), (115, 2, 131), (116, 0, 141), (117, 0, 105), (118, 4, 119), (119, 6, 125), (120, 5, 150), (121, 3, 161)];0;0.5953946113586426;162;2.7100029632078395;6.399849548984585;3.6659722334854097;{'threshold': 0.4}
Sensitivity analysis buffer time model (param q);BT50;./Data/PrecedenceGraphs/parsedPSPLib/graph_122_0.txt;./Data/Tasks/uniform/tasks_uniform_122_0.txt;uniform;122;8;600;[(0, 6, 0), (1, 4, 1), (2, 7, 1), (3, 2, 1), (4, 7, 10), (5, 5, 10), (6, 5, 19), (7, 4, 11), (8, 2, 11), (9, 1, 10), (10, 1, 26), (11, 0, 7), (12, 6, 11), (13, 0, 15), (14, 4, 16), (15, 0, 50), (16, 3, 15), (17, 4, 35), (18, 5, 74), (19, 7, 33), (20, 7, 40), (21, 4, 22), (22, 1, 18), (23, 1, 49), (24, 6, 70), (25, 5, 34), (26, 5, 79), (27, 0, 73), (28, 3, 27), (29, 7, 28), (30, 3, 35), (31, 3, 20), (32, 6, 42), (33, 0, 20), (34, 2, 31), (35, 6, 51), (36, 7, 89), (37, 7, 19), (38, 2, 25), (39, 6, 31), (40, 0, 66), (41, 0, 37), (42, 1, 60), (43, 5, 26), (44, 4, 52), (45, 5, 64), (46, 1, 41), (47, 6, 37), (48, 1, 66), (49, 1, 76), (50, 6, 21), (51, 3, 76), (52, 7, 45), (53, 0, 60), (54, 4, 27), (55, 0, 27), (56, 1, 100), (57, 1, 55), (58, 2, 37), (59, 2, 19), (60, 6, 60), (61, 1, 35), (62, 3, 85), (63, 2, 94), (64, 3, 7), (65, 7, 81), (66, 5, 41), (67, 4, 73), (68, 3, 69), (69, 4, 80), (70, 7, 59), (71, 5, 46), (72, 4, 42), (73, 3, 93), (74, 5, 56), (75, 3, 53), (76, 2, 66), (77, 4, 59), (78, 2, 52), (79, 3, 45), (80, 7, 65), (81, 2, 61), (82, 0, 89), (83, 4, 95), (84, 0, 82), (85, 2, 72), (86, 6, 99), (87, 6, 79), (88, 7, 53), (89, 6, 88), (90, 3, 98), (91, 2, 82), (92, 4, 87), (93, 2, 89), (94, 6, 93), (95, 2, 45), (96, 0, 44), (97, 0, 100), (98, 3, 63), (99, 7, 106), (100, 5, 95), (101, 3, 108), (102, 7, 75), (103, 5, 87), (104, 6, 107), (105, 0, 95), (106, 2, 117), (107, 7, 97), (108, 2, 102), (109, 1, 82), (110, 4, 102), (111, 4, 68), (112, 1, 92), (113, 0, 105), (114, 6, 114), (115, 0, 127), (116, 0, 136), (117, 5, 101), (118, 5, 116), (119, 1, 124), (120, 6, 145), (121, 3, 155)];0;0.5806009769439697;156;4.385743494304115;8.489154420891236;8.014992061523891;{'threshold': 0.5}
Sensitivity analysis transitions time model (param q);TR40;./Data/PrecedenceGraphs/parsedPSPLib/graph_122_0.txt;./Data/Tasks/uniform/tasks_uniform_122_0.txt;uniform;122;8;600;[(0, 3, 0), (1, 5, 1), (2, 4, 1), (3, 0, 1), (4, 6, 10), (5, 3, 10), (6, 1, 19), (7, 0, 12), (8, 4, 12), (9, 1, 10), (10, 0, 26), (11, 7, 7), (12, 5, 11), (13, 2, 15), (14, 3, 21), (15, 4, 78), (16, 7, 17), (17, 6, 35), (18, 7, 104), (19, 7, 54), (20, 0, 19), (21, 6, 28), (22, 5, 24), (23, 2, 73), (24, 5, 80), (25, 2, 54), (26, 4, 110), (27, 2, 98), (28, 7, 34), (29, 3, 37), (30, 4, 46), (31, 2, 21), (32, 5, 42), (33, 6, 20), (34, 5, 33), (35, 6, 51), (36, 6, 117), (37, 1, 45), (38, 2, 29), (39, 2, 36), (40, 0, 94), (41, 1, 63), (42, 0, 60), (43, 7, 24), (44, 0, 52), (45, 7, 92), (46, 2, 63), (47, 7, 63), (48, 4, 66), (49, 0, 76), (50, 4, 22), (51, 6, 76), (52, 7, 71), (53, 2, 90), (54, 1, 27), (55, 4, 33), (56, 3, 102), (57, 2, 82), (58, 0, 43), (59, 3, 44), (60, 7, 43), (61, 0, 36), (62, 0, 85), (63, 4, 121), (64, 2, 7), (65, 0, 110), (66, 6, 43), (67, 1, 55), (68, 3, 29), (69, 0, 102), (70, 5, 63), (71, 3, 73), (72, 2, 43), (73, 1, 93), (74, 7, 81), (75, 3, 62), (76, 1, 72), (77, 1, 81), (78, 5, 53), (79, 3, 53), (80, 6, 86), (81, 6, 62), (82, 0, 120), (83, 4, 89), (84, 7, 111), (85, 3, 84), (86, 1, 99), (87, 5, 107), (88, 0, 67), (89, 3, 120), (90, 6, 98), (91, 3, 111), (92, 5, 118), (93, 4, 58), (94, 1, 120), (95, 5, 71), (96, 6, 68), (97, 7, 125), (98, 5, 90), (99, 7, 133), (100, 1, 128), (101, 1, 108), (102, 5, 98), (103, 1, 36), (104, 6, 109), (105, 7, 119), (106, 2, 117), (107, 5, 128), (108, 4, 132), (109, 4, 97), (110, 1, 136), (111, 3, 95), (112, 2, 108), (113, 2, 130), (114, 0, 128), (115, 6, 127), (116, 3, 136), (117, 3, 126), (118, 4, 143), (119, 6, 138), (120, 5, 145), (121, 7, 155)];0;1.089268684387207;156;1.5299964322880404;7.037642929324633;7.037642929324633;{'threshold': 0.4}
Sensitivity analysis transitions time model (param q);TR45;./Data/PrecedenceGraphs/parsedPSPLib/graph_122_0.txt;./Data/Tasks/uniform/tasks_uniform_122_0.txt;uniform;122;8;600;[(0, 7, 0), (1, 7, 1), (2, 4, 1), (3, 2, 1), (4, 3, 10), (5, 6, 10), (6, 2, 19), (7, 2, 12), (8, 4, 11), (9, 0, 10), (10, 5, 26), (11, 1, 7), (12, 7, 11), (13, 5, 15), (14, 0, 19), (15, 0, 55), (16, 1, 16), (17, 6, 35), (18, 7, 91), (19, 3, 37), (20, 5, 20), (21, 2, 33), (22, 6, 20), (23, 1, 74), (24, 0, 87), (25, 7, 39), (26, 0, 97), (27, 4, 89), (28, 3, 28), (29, 6, 29), (30, 1, 62), (31, 3, 20), (32, 2, 42), (33, 4, 20), (34, 1, 32), (35, 1, 51), (36, 6, 109), (37, 0, 36), (38, 2, 26), (39, 7, 32), (40, 7, 83), (41, 3, 45), (42, 4, 60), (43, 7, 23), (44, 4, 52), (45, 3, 82), (46, 0, 46), (47, 7, 67), (48, 0, 66), (49, 6, 77), (50, 1, 22), (51, 5, 76), (52, 7, 47), (53, 5, 68), (54, 0, 27), (55, 1, 39), (56, 5, 95), (57, 1, 82), (58, 5, 50), (59, 2, 53), (60, 4, 42), (61, 5, 36), (62, 6, 85), (63, 4, 115), (64, 5, 7), (65, 2, 102), (66, 5, 43), (67, 6, 61), (68, 4, 27), (69, 6, 93), (70, 3, 64), (71, 3, 53), (72, 6, 42), (73, 3, 93), (74, 2, 80), (75, 7, 56), (76, 4, 74), (77, 0, 77), (78, 6, 52), (79, 5, 59), (80, 3, 71), (81, 2, 61), (82, 5, 112), (83, 4, 66), (84, 5, 104), (85, 5, 85), (86, 4, 99), (87, 3, 99), (88, 2, 72), (89, 7, 109), (90, 7, 98), (91, 1, 104), (92, 3, 109), (93, 2, 66), (94, 2, 111), (95, 7, 74), (96, 6, 69), (97, 1, 118), (98, 4, 82), (99, 6, 118), (100, 0, 119), (101, 0, 108), (102, 1, 96), (103, 4, 34), (104, 4, 107), (105, 1, 112), (106, 7, 117), (107, 5, 120), (108, 1, 125), (109, 2, 90), (110, 2, 126), (111, 1, 89), (112, 6, 100), (113, 4, 125), (114, 3, 118), (115, 0, 127), (116, 5, 136), (117, 2, 118), (118, 6, 133), (119, 7, 132), (120, 4, 145), (121, 7, 155)];0;1.0035250186920166;156;1.9991602964832447;6.4420834246182865;6.4420834246182865;{'threshold': 0.45}
Sensitivity analysis transitions time model (param q);TR50;./Data/PrecedenceGraphs/parsedPSPLib/graph_122_0.txt;./Data/Tasks/uniform/tasks_uniform_122_0.txt;uniform;122;8;600;[(0, 2, 0), (1, 7, 1), (2, 3, 1), (3, 2, 1), (4, 0, 10), (5, 4, 10), (6, 3, 19), (7, 3, 11), (8, 5, 11), (9, 1, 10), (10, 1, 26), (11, 2, 11), (12, 6, 11), (13, 6, 22), (14, 2, 20), (15, 7, 58), (16, 0, 20), (17, 6, 35), (18, 0, 100), (19, 3, 43), (20, 6, 58), (21, 6, 27), (22, 5, 20), (23, 0, 70), (24, 4, 85), (25, 6, 42), (26, 1, 97), (27, 0, 83), (28, 0, 28), (29, 1, 36), (30, 0, 37), (31, 7, 30), (32, 5, 42), (33, 4, 30), (34, 3, 28), (35, 0, 51), (36, 6, 107), (37, 4, 20), (38, 2, 27), (39, 4, 37), (40, 3, 83), (41, 1, 42), (42, 3, 60), (43, 7, 21), (44, 6, 51), (45, 5, 78), (46, 3, 51), (47, 3, 37), (48, 6, 66), (49, 1, 79), (50, 5, 29), (51, 4, 76), (52, 7, 49), (53, 3, 76), (54, 2, 37), (55, 7, 38), (56, 2, 118), (57, 0, 77), (58, 5, 52), (59, 1, 18), (60, 4, 65), (61, 2, 46), (62, 6, 85), (63, 0, 106), (64, 7, 7), (65, 2, 102), (66, 2, 52), (67, 3, 91), (68, 0, 93), (69, 2, 95), (70, 4, 58), (71, 1, 50), (72, 4, 44), (73, 6, 93), (74, 7, 74), (75, 1, 69), (76, 2, 67), (77, 5, 68), (78, 2, 58), (79, 0, 61), (80, 2, 74), (81, 7, 69), (82, 4, 114), (83, 0, 115), (84, 3, 109), (85, 2, 85), (86, 5, 98), (87, 7, 89), (88, 3, 69), (89, 5, 115), (90, 3, 98), (91, 7, 108), (92, 4, 98), (93, 1, 118), (94, 2, 111), (95, 1, 61), (96, 5, 61), (97, 4, 121), (98, 6, 77), (99, 7, 120), (100, 0, 122), (101, 1, 108), (102, 5, 89), (103, 7, 100), (104, 4, 107), (105, 5, 110), (106, 3, 117), (107, 1, 123), (108, 1, 133), (109, 1, 86), (110, 7, 131), (111, 7, 83), (112, 6, 99), (113, 5, 131), (114, 6, 116), (115, 4, 127), (116, 0, 136), (117, 5, 123), (118, 0, 146), (119, 1, 142), (120, 7, 145), (121, 3, 155)];0;0.6070654392242432;156;2.0132892536093663;8.148341628777487;8.148341628777487;{'threshold': 0.5}
Sensitivity analysis transitions time model (param q);TR55;./Data/PrecedenceGraphs/parsedPSPLib/graph_122_0.txt;./Data/Tasks/uniform/tasks_uniform_122_0.txt;uniform;122;8;600;[(0, 4, 0), (1, 4, 1), (2, 7, 1), (3, 0, 1), (4, 5, 10), (5, 2, 10), (6, 2, 19), (7, 6, 11), (8, 3, 11), (9, 1, 10), (10, 5, 26), (11, 7, 10), (12, 0, 11), (13, 0, 22), (14, 3, 19), (15, 0, 52), (16, 5, 19), (17, 7, 35), (18, 6, 90), (19, 6, 39), (20, 4, 53), (21, 2, 26), (22, 1, 18), (23, 7, 60), (24, 5, 70), (25, 4, 38), (26, 5, 88), (27, 5, 79), (28, 6, 26), (29, 6, 34), (30, 1, 34), (31, 7, 28), (32, 7, 42), (33, 1, 27), (34, 3, 32), (35, 5, 51), (36, 4, 88), (37, 7, 19), (38, 3, 26), (39, 4, 32), (40, 0, 82), (41, 3, 39), (42, 3, 60), (43, 4, 21), (44, 2, 56), (45, 2, 63), (46, 0, 44), (47, 0, 38), (48, 3, 66), (49, 6, 83), (50, 0, 27), (51, 3, 76), (52, 5, 43), (53, 2, 73), (54, 5, 35), (55, 2, 32), (56, 7, 118), (57, 4, 73), (58, 4, 45), (59, 6, 17), (60, 6, 62), (61, 3, 46), (62, 3, 85), (63, 5, 105), (64, 4, 7), (65, 1, 93), (66, 6, 56), (67, 1, 79), (68, 7, 79), (69, 1, 86), (70, 4, 67), (71, 1, 45), (72, 6, 46), (73, 3, 93), (74, 4, 58), (75, 2, 46), (76, 1, 66), (77, 5, 61), (78, 0, 62), (79, 1, 55), (80, 6, 73), (81, 7, 74), (82, 4, 103), (83, 3, 105), (84, 3, 98), (85, 0, 72), (86, 7, 100), (87, 0, 89), (88, 7, 67), (89, 4, 98), (90, 6, 98), (91, 2, 90), (92, 5, 97), (93, 2, 107), (94, 6, 108), (95, 7, 52), (96, 3, 52), (97, 4, 116), (98, 1, 73), (99, 6, 114), (100, 1, 115), (101, 7, 108), (102, 2, 83), (103, 0, 98), (104, 4, 109), (105, 0, 106), (106, 3, 117), (107, 1, 105), (108, 3, 128), (109, 7, 89), (110, 0, 121), (111, 4, 79), (112, 2, 99), (113, 5, 121), (114, 2, 116), (115, 0, 127), (116, 4, 136), (117, 5, 129), (118, 3, 137), (119, 1, 137), (120, 6, 145), (121, 1, 155)];0;0.5089936256408691;156;3.0965525339537425;8.130521364786167;8.130521364786167;{'threshold': 0.55}
Sensitivity analysis transitions time model (param q);TR60;./Data/PrecedenceGraphs/parsedPSPLib/graph_122_0.txt;./Data/Tasks/uniform/tasks_uniform_122_0.txt;uniform;122;8;600;[(0, 6, 0), (1, 4, 1), (2, 7, 1), (3, 2, 1), (4, 7, 10), (5, 5, 10), (6, 5, 19), (7, 4, 11), (8, 2, 11), (9, 1, 10), (10, 1, 26), (11, 0, 7), (12, 6, 11), (13, 0, 15), (14, 4, 16), (15, 0, 50), (16, 3, 15), (17, 4, 35), (18, 5, 74), (19, 7, 33), (20, 7, 40), (21, 4, 22), (22, 1, 18), (23, 1, 49), (24, 6, 70), (25, 5, 34), (26, 5, 79), (27, 0, 73), (28, 3, 27), (29, 7, 28), (30, 3, 35), (31, 3, 20), (32, 6, 42), (33, 0, 20), (34, 2, 31), (35, 6, 51), (36, 7, 89), (37, 7, 19), (38, 2, 25), (39, 6, 31), (40, 0, 66), (41, 0, 37), (42, 1, 60), (43, 5, 26), (44, 4, 52), (45, 5, 64), (46, 1, 41), (47, 6, 37), (48, 1, 66), (49, 1, 76), (50, 6, 21), (51, 3, 76), (52, 7, 45), (53, 0, 60), (54, 4, 27), (55, 0, 27), (56, 1, 100), (57, 1, 55), (58, 2, 37), (59, 2, 19), (60, 6, 60), (61, 1, 35), (62, 3, 85), (63, 2, 94), (64, 3, 7), (65, 7, 81), (66, 5, 41), (67, 4, 73), (68, 3, 69), (69, 4, 80), (70, 7, 59), (71, 5, 46), (72, 4, 42), (73, 3, 93), (74, 5, 56), (75, 3, 53), (76, 2, 66), (77, 4, 59), (78, 2, 52), (79, 3, 45), (80, 7, 65), (81, 2, 61), (82, 0, 89), (83, 4, 95), (84, 0, 82), (85, 2, 72), (86, 6, 99), (87, 6, 79), (88, 7, 53), (89, 6, 88), (90, 3, 98), (91, 2, 82), (92, 4, 87), (93, 2, 89), (94, 6, 93), (95, 2, 45), (96, 0, 44), (97, 0, 100), (98, 3, 63), (99, 7, 106), (100, 5, 95), (101, 3, 108), (102, 7, 75), (103, 5, 87), (104, 6, 107), (105, 0, 95), (106, 2, 117), (107, 7, 97), (108, 2, 102), (109, 1, 82), (110, 4, 102), (111, 4, 68), (112, 1, 92), (113, 0, 105), (114, 6, 114), (115, 0, 127), (116, 0, 136), (117, 5, 101), (118, 5, 116), (119, 1, 124), (120, 6, 145), (121, 3, 155)];0;0.6450259685516357;156;4.385743494304115;8.489154420891236;8.014992061523891;{'threshold': 0.6}
Obj. F. analysis SAA model (RM);STr;./Data/PrecedenceGraphs/parsedPSPLib/graph_122_0.txt;./Data/Tasks/uniform/tasks_uniform_122_0.txt;uniform;122;8;600;[(0, 7, 0), (1, 6, 1), (2, 2, 1), (3, 3, 1), (4, 2, 10), (5, 6, 10), (6, 6, 19), (7, 3, 11), (8, 1, 11), (9, 4, 10), (10, 6, 26), (11, 7, 7), (12, 5, 11), (13, 0, 15), (14, 3, 16), (15, 3, 46), (16, 7, 15), (17, 6, 35), (18, 5, 81), (19, 0, 35), (20, 7, 44), (21, 3, 22), (22, 4, 18), (23, 2, 50), (24, 5, 72), (25, 1, 33), (26, 7, 77), (27, 7, 68), (28, 4, 26), (29, 1, 28), (30, 4, 34), (31, 0, 20), (32, 6, 42), (33, 7, 20), (34, 2, 31), (35, 6, 51), (36, 3, 87), (37, 1, 19), (38, 2, 25), (39, 5, 31), (40, 5, 65), (41, 7, 37), (42, 6, 60), (43, 0, 27), (44, 4, 51), (45, 1, 64), (46, 2, 42), (47, 2, 37), (48, 6, 66), (49, 0, 76), (50, 5, 21), (51, 6, 76), (52, 1, 40), (53, 2, 56), (54, 3, 27), (55, 7, 27), (56, 4, 100), (57, 3, 56), (58, 5, 37), (59, 2, 19), (60, 1, 54), (61, 3, 35), (62, 6, 85), (63, 2, 88), (64, 0, 7), (65, 1, 80), (66, 3, 41), (67, 0, 69), (68, 4, 74), (69, 2, 81), (70, 4, 58), (71, 7, 49), (72, 0, 42), (73, 6, 93), (74, 0, 61), (75, 2, 62), (76, 3, 66), (77, 7, 59), (78, 0, 52), (79, 5, 45), (80, 4, 64), (81, 3, 61), (82, 3, 95), (83, 1, 95), (84, 7, 85), (85, 3, 77), (86, 0, 98), (87, 2, 72), (88, 5, 53), (89, 5, 86), (90, 6, 98), (91, 1, 88), (92, 4, 81), (93, 2, 96), (94, 0, 92), (95, 4, 44), (96, 1, 48), (97, 5, 99), (98, 5, 59), (99, 7, 100), (100, 4, 94), (101, 6, 108), (102, 1, 74), (103, 5, 91), (104, 0, 106), (105, 4, 89), (106, 6, 117), (107, 3, 101), (108, 2, 101), (109, 0, 82), (110, 4, 108), (111, 3, 72), (112, 7, 92), (113, 5, 104), (114, 2, 113), (115, 3, 127), (116, 3, 136), (117, 1, 102), (118, 1, 114), (119, 4, 123), (120, 4, 145), (121, 7, 155)];0;72.9064347743988;156;3.3065076445958637;8.819511996504056;4.327487774390631;{'N': 30, 'obj': 'avg_rm'}
Obj. F. analysis SAA model (S1);STs1;./Data/PrecedenceGraphs/parsedPSPLib/graph_122_0.txt;./Data/Tasks/uniform/tasks_uniform_122_0.txt;uniform;122;8;600;[(0, 6, 0), (1, 0, 1), (2, 1, 1), (3, 4, 1), (4, 1, 19), (5, 1, 10), (6, 3, 19), (7, 0, 11), (8, 4, 11), (9, 2, 10), (10, 6, 26), (11, 6, 7), (12, 7, 11), (13, 5, 15), (14, 0, 16), (15, 4, 52), (16, 6, 15), (17, 6, 35), (18, 0, 22), (19, 7, 29), (20, 5, 50), (21, 3, 26), (22, 2, 18), (23, 3, 100), (24, 3, 106), (25, 5, 28), (26, 3, 31), (27, 1, 72), (28, 4, 26), (29, 1, 35), (30, 4, 34), (31, 2, 26), (32, 3, 42), (33, 1, 28), (34, 5, 44), (35, 3, 51), (36, 1, 124), (37, 5, 35), (38, 0, 33), (39, 6, 42), (40, 2, 93), (41, 3, 74), (42, 3, 60), (43, 4, 44), (44, 6, 51), (45, 5, 70), (46, 5, 90), (47, 1, 54), (48, 7, 66), (49, 7, 85), (50, 7, 36), (51, 7, 76), (52, 7, 21), (53, 7, 53), (54, 2, 41), (55, 0, 39), (56, 2, 125), (57, 6, 98), (58, 0, 49), (59, 4, 19), (60, 4, 62), (61, 2, 49), (62, 1, 85), (63, 3, 66), (64, 5, 7), (65, 2, 33), (66, 2, 55), (67, 6, 103), (68, 4, 89), (69, 2, 80), (70, 6, 65), (71, 1, 44), (72, 3, 81), (73, 7, 93), (74, 4, 81), (75, 5, 60), (76, 1, 66), (77, 0, 65), (78, 3, 91), (79, 0, 57), (80, 0, 74), (81, 5, 100), (82, 0, 27), (83, 6, 58), (84, 1, 117), (85, 5, 80), (86, 4, 103), (87, 6, 85), (88, 2, 66), (89, 4, 119), (90, 1, 98), (91, 6, 110), (92, 2, 110), (93, 1, 93), (94, 2, 87), (95, 7, 46), (96, 2, 60), (97, 7, 98), (98, 6, 71), (99, 4, 132), (100, 5, 115), (101, 1, 108), (102, 2, 100), (103, 4, 111), (104, 2, 118), (105, 5, 55), (106, 7, 117), (107, 5, 124), (108, 6, 77), (109, 0, 106), (110, 3, 121), (111, 0, 89), (112, 6, 117), (113, 7, 103), (114, 3, 127), (115, 0, 127), (116, 7, 136), (117, 0, 98), (118, 0, 142), (119, 6, 147), (120, 7, 145), (121, 4, 155)];0;602.9790782928467;156;2.7747893317201933;7.229388923722499;7.229388923722499;{'N': 30, 'obj': 'avg_exp_ovp'}
Obj. F. analysis SAA model (S2);STs2;./Data/PrecedenceGraphs/parsedPSPLib/graph_122_0.txt;./Data/Tasks/uniform/tasks_uniform_122_0.txt;uniform;122;8;600;[(0, 1, 0), (1, 3, 1), (2, 2, 1), (3, 1, 1), (4, 1, 19), (5, 7, 10), (6, 7, 19), (7, 6, 11), (8, 1, 11), (9, 2, 10), (10, 4, 26), (11, 5, 7), (12, 4, 11), (13, 5, 15), (14, 2, 18), (15, 2, 58), (16, 3, 15), (17, 2, 35), (18, 5, 20), (19, 5, 32), (20, 0, 35), (21, 0, 24), (22, 6, 16), (23, 5, 102), (24, 3, 109), (25, 7, 28), (26, 0, 100), (27, 1, 72), (28, 5, 39), (29, 6, 24), (30, 4, 71), (31, 5, 25), (32, 7, 42), (33, 3, 20), (34, 2, 24), (35, 6, 51), (36, 5, 94), (37, 2, 42), (38, 1, 34), (39, 1, 40), (40, 7, 51), (41, 4, 35), (42, 6, 60), (43, 7, 64), (44, 2, 51), (45, 0, 48), (46, 4, 55), (47, 6, 37), (48, 6, 66), (49, 6, 76), (50, 5, 70), (51, 7, 76), (52, 3, 27), (53, 3, 61), (54, 6, 29), (55, 3, 43), (56, 7, 101), (57, 3, 67), (58, 3, 53), (59, 0, 16), (60, 7, 85), (61, 4, 42), (62, 4, 85), (63, 3, 35), (64, 3, 7), (65, 0, 40), (66, 5, 80), (67, 3, 95), (68, 4, 48), (69, 2, 77), (70, 7, 58), (71, 0, 58), (72, 5, 55), (73, 4, 93), (74, 5, 47), (75, 1, 46), (76, 1, 66), (77, 2, 68), (78, 2, 85), (79, 4, 63), (80, 0, 90), (81, 2, 94), (82, 1, 28), (83, 0, 68), (84, 1, 118), (85, 2, 99), (86, 1, 98), (87, 5, 85), (88, 1, 81), (89, 1, 108), (90, 4, 98), (91, 2, 109), (92, 6, 103), (93, 5, 65), (94, 0, 84), (95, 1, 87), (96, 0, 29), (97, 6, 98), (98, 7, 95), (99, 0, 114), (100, 1, 126), (101, 4, 108), (102, 3, 103), (103, 1, 56), (104, 5, 109), (105, 7, 117), (106, 6, 117), (107, 2, 126), (108, 7, 122), (109, 6, 82), (110, 4, 132), (111, 0, 77), (112, 7, 109), (113, 2, 116), (114, 0, 124), (115, 6, 127), (116, 5, 136), (117, 0, 134), (118, 2, 138), (119, 4, 143), (120, 7, 145), (121, 5, 155)];0;106.37495303153992;156;2.9624959604131758;6.564225376771296;5.758324285724511;{'N': 30, 'obj': 'max_exp_ovp'}
Obj. F. analysis SAA model (additional Obj F 1);STmR;./Data/PrecedenceGraphs/parsedPSPLib/graph_122_0.txt;./Data/Tasks/uniform/tasks_uniform_122_0.txt;uniform;122;8;600;[(0, 1, 0), (1, 4, 1), (2, 6, 1), (3, 3, 1), (4, 6, 10), (5, 5, 10), (6, 7, 19), (7, 3, 11), (8, 7, 11), (9, 4, 10), (10, 7, 26), (11, 1, 7), (12, 0, 11), (13, 2, 15), (14, 3, 16), (15, 6, 52), (16, 1, 15), (17, 7, 35), (18, 4, 81), (19, 6, 33), (20, 6, 40), (21, 3, 22), (22, 4, 18), (23, 1, 47), (24, 1, 69), (25, 4, 34), (26, 5, 75), (27, 2, 73), (28, 2, 27), (29, 6, 28), (30, 2, 35), (31, 1, 20), (32, 7, 42), (33, 2, 20), (34, 0, 31), (35, 7, 51), (36, 4, 86), (37, 6, 19), (38, 5, 25), (39, 5, 31), (40, 3, 67), (41, 5, 37), (42, 7, 60), (43, 4, 26), (44, 5, 52), (45, 4, 65), (46, 5, 44), (47, 0, 37), (48, 0, 66), (49, 1, 78), (50, 0, 21), (51, 0, 76), (52, 3, 45), (53, 3, 61), (54, 1, 27), (55, 3, 27), (56, 5, 97), (57, 2, 53), (58, 3, 37), (59, 5, 19), (60, 1, 59), (61, 1, 35), (62, 0, 85), (63, 3, 95), (64, 2, 7), (65, 2, 82), (66, 4, 41), (67, 3, 74), (68, 6, 68), (69, 6, 75), (70, 5, 59), (71, 4, 46), (72, 0, 42), (73, 0, 93), (74, 3, 53), (75, 2, 58), (76, 7, 66), (77, 4, 56), (78, 0, 52), (79, 2, 45), (80, 5, 65), (81, 0, 61), (82, 5, 91), (83, 6, 94), (84, 6, 82), (85, 7, 72), (86, 4, 99), (87, 3, 81), (88, 1, 53), (89, 3, 90), (90, 0, 98), (91, 7, 82), (92, 7, 89), (93, 6, 89), (94, 2, 90), (95, 6, 45), (96, 1, 41), (97, 6, 101), (98, 6, 62), (99, 2, 102), (100, 2, 96), (101, 0, 108), (102, 4, 75), (103, 5, 83), (104, 4, 107), (105, 4, 94), (106, 6, 117), (107, 7, 97), (108, 5, 105), (109, 1, 84), (110, 3, 103), (111, 2, 68), (112, 1, 94), (113, 6, 106), (114, 2, 114), (115, 1, 127), (116, 1, 136), (117, 1, 102), (118, 1, 113), (119, 7, 124), (120, 5, 145), (121, 3, 155)];0;26.322482109069824;156;3.4270136107121103;8.441324902368988;6.603305447163917;{'N': 30, 'obj': 'max_rm'}
Obj. F. analysis SAA model (additional Obj F 2);STmS;./Data/PrecedenceGraphs/parsedPSPLib/graph_122_0.txt;./Data/Tasks/uniform/tasks_uniform_122_0.txt;uniform;122;8;600;[(0, 2, 0), (1, 1, 1), (2, 4, 1), (3, 7, 1), (4, 3, 10), (5, 4, 10), (6, 4, 19), (7, 0, 11), (8, 6, 20), (9, 5, 10), (10, 7, 26), (11, 6, 7), (12, 1, 12), (13, 0, 16), (14, 2, 16), (15, 5, 51), (16, 6, 15), (17, 6, 35), (18, 7, 92), (19, 4, 34), (20, 0, 49), (21, 0, 22), (22, 7, 16), (23, 5, 61), (24, 1, 75), (25, 1, 34), (26, 2, 83), (27, 3, 74), (28, 4, 26), (29, 1, 29), (30, 2, 35), (31, 2, 22), (32, 7, 42), (33, 1, 22), (34, 0, 35), (35, 7, 51), (36, 6, 92), (37, 5, 19), (38, 6, 28), (39, 7, 35), (40, 4, 75), (41, 6, 42), (42, 0, 60), (43, 0, 27), (44, 6, 51), (45, 3, 64), (46, 0, 41), (47, 1, 41), (48, 0, 66), (49, 5, 77), (50, 3, 20), (51, 0, 76), (52, 2, 45), (53, 2, 70), (54, 3, 30), (55, 5, 28), (56, 0, 108), (57, 7, 66), (58, 5, 38), (59, 2, 29), (60, 4, 59), (61, 3, 38), (62, 0, 85), (63, 2, 99), (64, 1, 7), (65, 3, 83), (66, 5, 46), (67, 5, 83), (68, 2, 76), (69, 6, 84), (70, 7, 60), (71, 1, 46), (72, 4, 42), (73, 0, 93), (74, 2, 62), (75, 3, 54), (76, 6, 67), (77, 6, 58), (78, 2, 53), (79, 3, 46), (80, 5, 67), (81, 1, 62), (82, 3, 98), (83, 4, 99), (84, 4, 84), (85, 7, 73), (86, 6, 100), (87, 7, 83), (88, 1, 56), (89, 5, 99), (90, 0, 98), (91, 3, 91), (92, 4, 91), (93, 3, 104), (94, 5, 92), (95, 4, 52), (96, 0, 54), (97, 7, 98), (98, 4, 69), (99, 6, 108), (100, 1, 102), (101, 5, 108), (102, 6, 77), (103, 2, 91), (104, 3, 109), (105, 7, 103), (106, 5, 117), (107, 1, 108), (108, 4, 108), (109, 1, 84), (110, 2, 117), (111, 1, 70), (112, 1, 94), (113, 7, 108), (114, 6, 118), (115, 1, 127), (116, 5, 136), (117, 2, 109), (118, 6, 128), (119, 0, 128), (120, 4, 145), (121, 5, 155)];0;49.948564767837524;156;3.8841510288814574;8.846913057767065;6.478344001293514;{'N': 30, 'obj': 'max_max_ovp'}
Obj. F. analysis Model With Bounded Makespan (RM);MBr;./Data/PrecedenceGraphs/parsedPSPLib/graph_122_0.txt;./Data/Tasks/uniform/tasks_uniform_122_0.txt;uniform;122;8;600;[(0, 6, 0), (1, 4, 1), (2, 2, 1), (3, 7, 1), (4, 3, 10), (5, 1, 10), (6, 1, 19), (7, 0, 12), (8, 4, 11), (9, 5, 10), (10, 1, 26), (11, 2, 10), (12, 7, 11), (13, 5, 18), (14, 6, 17), (15, 5, 46), (16, 2, 18), (17, 1, 35), (18, 7, 82), (19, 6, 36), (20, 0, 52), (21, 6, 23), (22, 0, 17), (23, 5, 56), (24, 6, 73), (25, 2, 37), (26, 6, 82), (27, 3, 71), (28, 6, 28), (29, 5, 30), (30, 5, 36), (31, 5, 23), (32, 1, 42), (33, 2, 23), (34, 3, 31), (35, 1, 51), (36, 7, 87), (37, 7, 21), (38, 3, 25), (39, 2, 31), (40, 2, 64), (41, 6, 43), (42, 1, 60), (43, 4, 21), (44, 2, 51), (45, 5, 67), (46, 3, 37), (47, 0, 37), (48, 1, 66), (49, 0, 77), (50, 0, 25), (51, 1, 76), (52, 3, 45), (53, 2, 71), (54, 7, 30), (55, 4, 29), (56, 0, 103), (57, 7, 61), (58, 4, 39), (59, 3, 19), (60, 0, 57), (61, 7, 38), (62, 1, 85), (63, 3, 87), (64, 0, 7), (65, 0, 83), (66, 2, 44), (67, 5, 77), (68, 3, 80), (69, 4, 83), (70, 2, 58), (71, 7, 44), (72, 0, 42), (73, 1, 93), (74, 4, 61), (75, 6, 57), (76, 7, 66), (77, 3, 62), (78, 3, 53), (79, 4, 47), (80, 0, 67), (81, 5, 62), (82, 7, 95), (83, 5, 94), (84, 2, 86), (85, 7, 72), (86, 6, 98), (87, 2, 77), (88, 7, 55), (89, 2, 102), (90, 1, 98), (91, 0, 91), (92, 4, 90), (93, 3, 101), (94, 3, 95), (95, 6, 50), (96, 4, 55), (97, 0, 98), (98, 6, 67), (99, 2, 107), (100, 4, 98), (101, 1, 108), (102, 4, 77), (103, 6, 90), (104, 6, 106), (105, 7, 101), (106, 1, 117), (107, 5, 101), (108, 7, 106), (109, 5, 84), (110, 6, 113), (111, 4, 71), (112, 2, 94), (113, 4, 104), (114, 4, 113), (115, 0, 127), (116, 4, 136), (117, 3, 106), (118, 5, 119), (119, 2, 123), (120, 7, 145), (121, 2, 160)];0;75.30477523803711;161;3.4199638484885373;7.983727611421558;1.3006556281322421;{'N': 30, 'makespan_delta': 5, 'first_runner': <function run_cp_simp at 0x0000020415A904A0>, 'first_runner_params': {}, 'first_time_limit': 60, 'obj': 'avg_rm'}
Obj. F. analysis Model With Bounded Makespan (S1);MBs1;./Data/PrecedenceGraphs/parsedPSPLib/graph_122_0.txt;./Data/Tasks/uniform/tasks_uniform_122_0.txt;uniform;122;8;600;[(0, 0, 0), (1, 0, 1), (2, 5, 1), (3, 1, 1), (4, 6, 10), (5, 0, 10), (6, 0, 19), (7, 7, 11), (8, 3, 72), (9, 4, 10), (10, 0, 26), (11, 3, 7), (12, 1, 11), (13, 3, 15), (14, 7, 28), (15, 3, 110), (16, 4, 18), (17, 4, 35), (18, 5, 65), (19, 0, 35), (20, 6, 19), (21, 3, 40), (22, 5, 16), (23, 2, 29), (24, 0, 94), (25, 2, 22), (26, 6, 38), (27, 3, 121), (28, 3, 27), (29, 5, 40), (30, 1, 88), (31, 3, 20), (32, 4, 42), (33, 4, 23), (34, 6, 28), (35, 4, 51), (36, 3, 130), (37, 1, 29), (38, 2, 35), (39, 2, 45), (40, 5, 53), (41, 0, 60), (42, 4, 60), (43, 1, 21), (44, 6, 51), (45, 6, 105), (46, 1, 38), (47, 1, 46), (48, 4, 66), (49, 2, 76), (50, 2, 57), (51, 4, 76), (52, 0, 76), (53, 0, 84), (54, 5, 30), (55, 7, 45), (56, 2, 127), (57, 3, 52), (58, 3, 80), (59, 2, 16), (60, 5, 98), (61, 2, 51), (62, 4, 85), (63, 7, 88), (64, 2, 7), (65, 7, 20), (66, 2, 67), (67, 5, 108), (68, 3, 45), (69, 6, 123), (70, 3, 61), (71, 6, 63), (72, 0, 44), (73, 4, 93), (74, 5, 72), (75, 5, 83), (76, 1, 76), (77, 1, 56), (78, 6, 75), (79, 3, 88), (80, 7, 67), (81, 6, 84), (82, 0, 70), (83, 0, 107), (84, 0, 117), (85, 7, 115), (86, 5, 115), (87, 3, 101), (88, 2, 100), (89, 1, 118), (90, 4, 98), (91, 7, 125), (92, 2, 115), (93, 0, 55), (94, 1, 131), (95, 1, 98), (96, 5, 46), (97, 6, 130), (98, 1, 105), (99, 3, 139), (100, 5, 124), (101, 4, 108), (102, 1, 111), (103, 7, 57), (104, 0, 124), (105, 7, 34), (106, 4, 117), (107, 7, 135), (108, 7, 98), (109, 2, 82), (110, 5, 132), (111, 6, 96), (112, 2, 92), (113, 6, 141), (114, 0, 131), (115, 4, 127), (116, 2, 136), (117, 1, 137), (118, 5, 149), (119, 7, 150), (120, 0, 147), (121, 4, 160)];69.8592;603.1289327144623;161;1.0011765471051033;3.958652262316778;1.397591327509922;{'N': 30, 'makespan_delta': 5, 'first_runner': <function run_cp_simp at 0x0000020415A904A0>, 'first_runner_params': {}, 'first_time_limit': 60, 'obj': 'avg_exp_ovp'}
Obj. F. analysis Model With Bounded Makespan (S2);MBs2;./Data/PrecedenceGraphs/parsedPSPLib/graph_122_0.txt;./Data/Tasks/uniform/tasks_uniform_122_0.txt;uniform;122;8;600;[(0, 5, 0), (1, 6, 1), (2, 3, 1), (3, 0, 1), (4, 1, 27), (5, 6, 10), (6, 7, 19), (7, 0, 11), (8, 2, 36), (9, 4, 10), (10, 7, 26), (11, 1, 7), (12, 2, 11), (13, 1, 15), (14, 0, 16), (15, 4, 69), (16, 6, 19), (17, 7, 35), (18, 5, 24), (19, 5, 15), (20, 4, 19), (21, 0, 22), (22, 3, 16), (23, 4, 36), (24, 0, 45), (25, 7, 83), (26, 2, 63), (27, 3, 80), (28, 0, 28), (29, 4, 24), (30, 4, 43), (31, 1, 20), (32, 7, 42), (33, 2, 21), (34, 3, 30), (35, 7, 52), (36, 3, 109), (37, 6, 61), (38, 3, 24), (39, 6, 45), (40, 0, 68), (41, 4, 29), (42, 7, 61), (43, 0, 37), (44, 4, 55), (45, 6, 51), (46, 3, 101), (47, 7, 77), (48, 7, 67), (49, 0, 78), (50, 6, 24), (51, 1, 77), (52, 3, 36), (53, 5, 58), (54, 2, 28), (55, 6, 34), (56, 3, 61), (57, 4, 109), (58, 2, 54), (59, 6, 80), (60, 2, 44), (61, 5, 36), (62, 1, 86), (63, 6, 118), (64, 3, 10), (65, 1, 36), (66, 5, 42), (67, 7, 90), (68, 2, 72), (69, 5, 73), (70, 2, 87), (71, 6, 92), (72, 5, 48), (73, 1, 95), (74, 4, 80), (75, 3, 44), (76, 0, 90), (77, 6, 102), (78, 6, 70), (79, 5, 65), (80, 2, 93), (81, 6, 87), (82, 1, 45), (83, 1, 131), (84, 5, 97), (85, 0, 109), (86, 4, 115), (87, 3, 69), (88, 5, 80), (89, 2, 111), (90, 1, 100), (91, 3, 119), (92, 7, 97), (93, 5, 92), (94, 4, 95), (95, 4, 62), (96, 0, 62), (97, 7, 105), (98, 4, 89), (99, 0, 129), (100, 0, 55), (101, 1, 111), (102, 2, 104), (103, 5, 105), (104, 3, 127), (105, 5, 86), (106, 1, 120), (107, 0, 119), (108, 5, 126), (109, 3, 90), (110, 5, 135), (111, 6, 112), (112, 0, 101), (113, 2, 138), (114, 6, 134), (115, 7, 131), (116, 1, 141), (117, 7, 111), (118, 6, 144), (119, 5, 147), (120, 3, 150), (121, 2, 160)];0;227.49428009986877;161;1.5667487317500797;2.6871536175566018;2.6871536175566018;{'N': 30, 'makespan_delta': 5, 'first_runner': <function run_cp_simp at 0x0000020415A904A0>, 'first_runner_params': {}, 'first_time_limit': 60, 'obj': 'max_exp_ovp'}
Obj. F. analysis Model With Bounded Makespan (additional Obj F 1);MBmR;./Data/PrecedenceGraphs/parsedPSPLib/graph_122_0.txt;./Data/Tasks/uniform/tasks_uniform_122_0.txt;uniform;122;8;600;[(0, 7, 0), (1, 7, 1), (2, 0, 1), (3, 6, 1), (4, 0, 35), (5, 4, 10), (6, 7, 19), (7, 7, 11), (8, 0, 11), (9, 4, 19), (10, 0, 26), (11, 3, 7), (12, 7, 26), (13, 6, 15), (14, 3, 27), (15, 3, 61), (16, 1, 15), (17, 2, 35), (18, 3, 33), (19, 4, 35), (20, 2, 28), (21, 2, 42), (22, 6, 20), (23, 7, 56), (24, 3, 91), (25, 5, 59), (26, 7, 97), (27, 0, 93), (28, 1, 41), (29, 0, 44), (30, 3, 51), (31, 5, 20), (32, 3, 42), (33, 3, 20), (34, 5, 53), (35, 2, 51), (36, 0, 102), (37, 2, 19), (38, 5, 33), (39, 5, 39), (40, 5, 85), (41, 5, 66), (42, 1, 60), (43, 5, 45), (44, 1, 51), (45, 6, 34), (46, 1, 71), (47, 2, 60), (48, 7, 66), (49, 0, 76), (50, 7, 36), (51, 5, 76), (52, 1, 27), (53, 0, 87), (54, 4, 27), (55, 4, 47), (56, 6, 71), (57, 0, 82), (58, 4, 57), (59, 6, 28), (60, 3, 71), (61, 1, 35), (62, 4, 85), (63, 3, 112), (64, 5, 7), (65, 2, 83), (66, 6, 46), (67, 1, 106), (68, 5, 118), (69, 3, 105), (70, 6, 58), (71, 0, 65), (72, 7, 46), (73, 5, 93), (74, 2, 75), (75, 2, 65), (76, 1, 79), (77, 7, 82), (78, 0, 56), (79, 4, 65), (80, 3, 81), (81, 1, 66), (82, 6, 51), (83, 5, 133), (84, 1, 113), (85, 1, 85), (86, 1, 98), (87, 6, 93), (88, 7, 76), (89, 6, 105), (90, 5, 98), (91, 7, 105), (92, 4, 113), (93, 7, 112), (94, 6, 112), (95, 6, 64), (96, 0, 49), (97, 7, 122), (98, 4, 73), (99, 3, 121), (100, 0, 110), (101, 2, 108), (102, 7, 91), (103, 1, 125), (104, 4, 106), (105, 7, 117), (106, 2, 117), (107, 7, 127), (108, 5, 140), (109, 5, 108), (110, 2, 127), (111, 3, 100), (112, 5, 125), (113, 6, 140), (114, 1, 133), (115, 6, 127), (116, 0, 136), (117, 0, 118), (118, 3, 148), (119, 6, 147), (120, 2, 145), (121, 6, 160)];0;11.317232370376587;161;3.3859892074157925;8.125233981691895;4.88030297279285;{'N': 30, 'makespan_delta': 5, 'first_runner': <function run_cp_simp at 0x0000020415A904A0>, 'first_runner_params': {}, 'first_time_limit': 60, 'obj': 'max_rm'}
Obj. F. analysis Model With Bounded Makespan (additional Obj F 2);MBmS;./Data/PrecedenceGraphs/parsedPSPLib/graph_122_0.txt;./Data/Tasks/uniform/tasks_uniform_122_0.txt;uniform;122;8;600;[(0, 2, 0), (1, 3, 1), (2, 5, 1), (3, 1, 1), (4, 7, 10), (5, 5, 10), (6, 0, 19), (7, 1, 11), (8, 2, 18), (9, 2, 10), (10, 2, 26), (11, 0, 7), (12, 4, 12), (13, 1, 16), (14, 6, 16), (15, 1, 49), (16, 3, 15), (17, 5, 35), (18, 1, 85), (19, 2, 35), (20, 4, 55), (21, 4, 22), (22, 5, 19), (23, 3, 61), (24, 7, 73), (25, 7, 34), (26, 7, 83), (27, 6, 74), (28, 5, 27), (29, 4, 36), (30, 3, 36), (31, 1, 21), (32, 5, 42), (33, 7, 21), (34, 1, 36), (35, 2, 52), (36, 3, 94), (37, 4, 27), (38, 6, 22), (39, 7, 28), (40, 1, 71), (41, 1, 42), (42, 4, 61), (43, 1, 28), (44, 5, 51), (45, 5, 64), (46, 0, 47), (47, 0, 42), (48, 4, 67), (49, 5, 79), (50, 3, 20), (51, 4, 77), (52, 3, 46), (53, 0, 68), (54, 0, 28), (55, 6, 28), (56, 6, 111), (57, 1, 66), (58, 6, 38), (59, 3, 30), (60, 7, 62), (61, 0, 36), (62, 3, 86), (63, 1, 100), (64, 4, 7), (65, 2, 86), (66, 4, 42), (67, 1, 78), (68, 0, 74), (69, 0, 81), (70, 1, 59), (71, 2, 42), (72, 7, 42), (73, 6, 94), (74, 6, 49), (75, 6, 57), (76, 6, 67), (77, 2, 61), (78, 7, 53), (79, 4, 47), (80, 3, 67), (81, 0, 62), (82, 0, 92), (83, 0, 99), (84, 7, 92), (85, 2, 76), (86, 5, 101), (87, 6, 83), (88, 0, 55), (89, 5, 94), (90, 6, 101), (91, 5, 86), (92, 2, 94), (93, 4, 105), (94, 7, 100), (95, 3, 54), (96, 5, 58), (97, 3, 104), (98, 2, 70), (99, 4, 111), (100, 2, 104), (101, 2, 111), (102, 3, 79), (103, 1, 92), (104, 7, 111), (105, 7, 106), (106, 0, 120), (107, 0, 106), (108, 1, 111), (109, 4, 86), (110, 6, 119), (111, 5, 74), (112, 4, 97), (113, 3, 111), (114, 1, 119), (115, 2, 132), (116, 5, 141), (117, 5, 111), (118, 1, 130), (119, 7, 130), (120, 0, 150), (121, 1, 160)];0;67.75517559051514;161;3.242613308338876;6.682163636890317;4.7903114239236695;{'N': 30, 'makespan_delta': 5, 'first_runner': <function run_cp_simp at 0x0000020415A904A0>, 'first_runner_params': {}, 'first_time_limit': 60, 'obj': 'max_max_ovp'}
Obj. F. analysis Model With Bounded Number of Buffer Times (RM);BBr;./Data/PrecedenceGraphs/parsedPSPLib/graph_122_0.txt;./Data/Tasks/uniform/tasks_uniform_122_0.txt;uniform;122;8;600;[(0, 4, 0), (1, 5, 1), (2, 7, 1), (3, 3, 1), (4, 0, 24), (5, 1, 10), (6, 5, 19), (7, 2, 12), (8, 4, 12), (9, 6, 10), (10, 5, 26), (11, 7, 10), (12, 3, 12), (13, 0, 19), (14, 6, 19), (15, 5, 66), (16, 1, 19), (17, 5, 35), (18, 5, 107), (19, 1, 40), (20, 4, 21), (21, 4, 26), (22, 1, 25), (23, 6, 33), (24, 4, 84), (25, 4, 50), (26, 3, 83), (27, 1, 91), (28, 2, 33), (29, 0, 34), (30, 2, 41), (31, 3, 32), (32, 7, 42), (33, 7, 24), (34, 4, 43), (35, 7, 51), (36, 5, 112), (37, 2, 19), (38, 1, 33), (39, 6, 40), (40, 0, 85), (41, 6, 46), (42, 7, 60), (43, 5, 49), (44, 6, 54), (45, 4, 57), (46, 3, 51), (47, 0, 50), (48, 7, 66), (49, 6, 79), (50, 4, 32), (51, 7, 76), (52, 3, 23), (53, 2, 58), (54, 7, 32), (55, 3, 40), (56, 4, 106), (57, 0, 73), (58, 0, 56), (59, 6, 26), (60, 3, 60), (61, 5, 42), (62, 7, 85), (63, 1, 100), (64, 5, 8), (65, 4, 93), (66, 2, 52), (67, 0, 78), (68, 3, 76), (69, 1, 84), (70, 6, 62), (71, 4, 67), (72, 1, 48), (73, 7, 93), (74, 1, 76), (75, 1, 66), (76, 5, 76), (77, 5, 82), (78, 2, 64), (79, 0, 64), (80, 2, 74), (81, 6, 74), (82, 5, 120), (83, 6, 95), (84, 0, 93), (85, 5, 97), (86, 0, 100), (87, 2, 84), (88, 4, 78), (89, 3, 104), (90, 7, 98), (91, 4, 114), (92, 2, 104), (93, 1, 108), (94, 2, 112), (95, 5, 58), (96, 1, 59), (97, 3, 99), (98, 3, 70), (99, 3, 120), (100, 2, 98), (101, 7, 108), (102, 5, 91), (103, 3, 91), (104, 0, 108), (105, 4, 101), (106, 7, 117), (107, 6, 110), (108, 3, 109), (109, 6, 85), (110, 6, 119), (111, 2, 93), (112, 6, 102), (113, 0, 115), (114, 2, 118), (115, 7, 127), (116, 0, 136), (117, 1, 127), (118, 4, 130), (119, 3, 136), (120, 2, 145), (121, 4, 155)];0;92.41807317733765;156;1.607464828842883;4.330598060524191;4.330598060524191;{'N': 30, 'max_b': 1, 'sum_of_buf': 40, 'obj': 'avg_rm'}
Obj. F. analysis Model With Bounded Number of Buffer Times (S1);BBs1;./Data/PrecedenceGraphs/parsedPSPLib/graph_122_0.txt;./Data/Tasks/uniform/tasks_uniform_122_0.txt;uniform;122;8;600;[(0, 0, 0), (1, 7, 1), (2, 4, 1), (3, 3, 1), (4, 3, 11), (5, 4, 10), (6, 2, 19), (7, 2, 11), (8, 0, 11), (9, 7, 10), (10, 2, 26), (11, 1, 8), (12, 6, 11), (13, 1, 16), (14, 7, 18), (15, 6, 78), (16, 5, 16), (17, 2, 35), (18, 0, 33), (19, 7, 30), (20, 5, 22), (21, 7, 25), (22, 4, 19), (23, 6, 54), (24, 6, 60), (25, 6, 47), (26, 3, 35), (27, 3, 110), (28, 3, 60), (29, 1, 29), (30, 3, 68), (31, 5, 34), (32, 7, 42), (33, 1, 21), (34, 3, 28), (35, 3, 51), (36, 4, 125), (37, 1, 50), (38, 5, 28), (39, 5, 57), (40, 0, 98), (41, 0, 38), (42, 4, 60), (43, 5, 41), (44, 1, 59), (45, 4, 35), (46, 2, 59), (47, 6, 41), (48, 4, 66), (49, 3, 79), (50, 0, 22), (51, 2, 76), (52, 5, 63), (53, 7, 88), (54, 6, 31), (55, 7, 51), (56, 4, 116), (57, 7, 116), (58, 0, 74), (59, 3, 20), (60, 1, 73), (61, 0, 46), (62, 2, 85), (63, 0, 52), (64, 5, 8), (65, 6, 22), (66, 4, 52), (67, 1, 84), (68, 4, 28), (69, 0, 61), (70, 1, 67), (71, 7, 62), (72, 2, 42), (73, 5, 93), (74, 4, 90), (75, 2, 105), (76, 1, 92), (77, 6, 69), (78, 2, 67), (79, 4, 82), (80, 7, 94), (81, 5, 80), (82, 5, 50), (83, 0, 82), (84, 5, 85), (85, 6, 98), (86, 7, 121), (87, 1, 98), (88, 7, 104), (89, 1, 107), (90, 5, 98), (91, 4, 108), (92, 3, 97), (93, 2, 52), (94, 0, 68), (95, 0, 90), (96, 7, 72), (97, 3, 105), (98, 4, 98), (99, 5, 133), (100, 2, 93), (101, 5, 108), (102, 7, 110), (103, 1, 41), (104, 1, 130), (105, 1, 35), (106, 2, 117), (107, 0, 106), (108, 5, 71), (109, 3, 86), (110, 2, 99), (111, 6, 117), (112, 6, 108), (113, 0, 115), (114, 1, 137), (115, 0, 127), (116, 3, 136), (117, 7, 79), (118, 6, 146), (119, 7, 147), (120, 5, 145), (121, 3, 155)];0;602.2803192138672;156;1.5349121432841732;6.473535031589378;6.473535031589378;{'N': 30, 'max_b': 1, 'sum_of_buf': 40, 'obj': 'avg_exp_ovp'}
Obj. F. analysis Model With Bounded Number of Buffer Times (S2);BBs2;./Data/PrecedenceGraphs/parsedPSPLib/graph_122_0.txt;./Data/Tasks/uniform/tasks_uniform_122_0.txt;uniform;122;8;600;[(0, 3, 0), (1, 1, 1), (2, 0, 1), (3, 5, 1), (4, 3, 10), (5, 2, 10), (6, 1, 19), (7, 7, 11), (8, 4, 11), (9, 0, 10), (10, 6, 26), (11, 1, 7), (12, 5, 11), (13, 0, 18), (14, 7, 16), (15, 4, 99), (16, 6, 15), (17, 6, 35), (18, 2, 20), (19, 2, 25), (20, 7, 30), (21, 5, 22), (22, 0, 36), (23, 3, 20), (24, 3, 34), (25, 0, 53), (26, 4, 48), (27, 2, 110), (28, 3, 45), (29, 4, 25), (30, 0, 60), (31, 2, 33), (32, 6, 42), (33, 3, 27), (34, 7, 52), (35, 6, 51), (36, 3, 119), (37, 7, 43), (38, 0, 24), (39, 4, 61), (40, 5, 65), (41, 4, 30), (42, 6, 60), (43, 1, 34), (44, 1, 52), (45, 2, 54), (46, 3, 53), (47, 5, 59), (48, 6, 66), (49, 7, 76), (50, 7, 59), (51, 3, 76), (52, 7, 22), (53, 0, 30), (54, 2, 40), (55, 4, 38), (56, 2, 65), (57, 5, 72), (58, 5, 50), (59, 4, 19), (60, 0, 81), (61, 2, 48), (62, 3, 85), (63, 1, 72), (64, 6, 7), (65, 5, 34), (66, 2, 74), (67, 7, 101), (68, 7, 36), (69, 6, 76), (70, 1, 81), (71, 0, 71), (72, 2, 79), (73, 5, 93), (74, 0, 45), (75, 3, 61), (76, 1, 66), (77, 4, 67), (78, 4, 90), (79, 5, 77), (80, 1, 87), (81, 0, 99), (82, 5, 27), (83, 2, 96), (84, 6, 83), (85, 6, 91), (86, 3, 98), (87, 1, 42), (88, 7, 85), (89, 4, 56), (90, 5, 98), (91, 3, 106), (92, 0, 111), (93, 3, 128), (94, 6, 107), (95, 4, 77), (96, 1, 27), (97, 2, 119), (98, 2, 90), (99, 4, 128), (100, 5, 43), (101, 1, 108), (102, 0, 104), (103, 4, 110), (104, 5, 111), (105, 7, 69), (106, 6, 117), (107, 7, 109), (108, 7, 130), (109, 7, 91), (110, 4, 119), (111, 6, 101), (112, 1, 117), (113, 2, 125), (114, 7, 119), (115, 6, 127), (116, 2, 136), (117, 3, 133), (118, 1, 139), (119, 5, 142), (120, 6, 145), (121, 4, 155)];0;124.17108273506165;156;1.9821309606883004;4.7458967761266235;4.7458967761266235;{'N': 30, 'max_b': 1, 'sum_of_buf': 40, 'obj': 'max_exp_ovp'}
Obj. F. analysis Model With Bounded Number of Buffer Times (additional Obj F 1);BBmR;./Data/PrecedenceGraphs/parsedPSPLib/graph_122_0.txt;./Data/Tasks/uniform/tasks_uniform_122_0.txt;uniform;122;8;600;[(0, 3, 0), (1, 6, 1), (2, 5, 1), (3, 0, 1), (4, 4, 10), (5, 3, 10), (6, 4, 19), (7, 0, 11), (8, 6, 11), (9, 2, 10), (10, 2, 26), (11, 7, 7), (12, 5, 11), (13, 7, 15), (14, 0, 16), (15, 2, 42), (16, 1, 15), (17, 2, 35), (18, 4, 90), (19, 1, 28), (20, 0, 43), (21, 0, 22), (22, 6, 19), (23, 1, 52), (24, 4, 81), (25, 5, 32), (26, 0, 82), (27, 3, 79), (28, 6, 27), (29, 4, 26), (30, 1, 36), (31, 7, 20), (32, 6, 42), (33, 1, 21), (34, 7, 27), (35, 6, 51), (36, 1, 95), (37, 3, 19), (38, 5, 39), (39, 4, 48), (40, 5, 71), (41, 4, 32), (42, 6, 60), (43, 6, 77), (44, 0, 55), (45, 6, 66), (46, 2, 53), (47, 6, 36), (48, 7, 66), (49, 5, 78), (50, 5, 21), (51, 7, 76), (52, 4, 40), (53, 5, 65), (54, 0, 28), (55, 3, 28), (56, 3, 110), (57, 4, 62), (58, 3, 39), (59, 2, 19), (60, 2, 61), (61, 0, 37), (62, 7, 85), (63, 1, 104), (64, 1, 7), (65, 6, 92), (66, 1, 46), (67, 4, 74), (68, 0, 74), (69, 1, 87), (70, 0, 62), (71, 7, 41), (72, 5, 45), (73, 7, 93), (74, 7, 51), (75, 3, 56), (76, 4, 67), (77, 1, 58), (78, 5, 55), (79, 3, 47), (80, 3, 68), (81, 1, 67), (82, 4, 96), (83, 6, 105), (84, 3, 90), (85, 1, 77), (86, 7, 98), (87, 2, 71), (88, 4, 56), (89, 6, 100), (90, 2, 98), (91, 0, 90), (92, 2, 81), (93, 0, 97), (94, 3, 97), (95, 0, 48), (96, 7, 34), (97, 0, 102), (98, 0, 68), (99, 5, 109), (100, 5, 102), (101, 2, 108), (102, 6, 85), (103, 4, 102), (104, 7, 107), (105, 3, 104), (106, 0, 117), (107, 4, 110), (108, 4, 120), (109, 5, 84), (110, 1, 112), (111, 1, 72), (112, 5, 94), (113, 6, 112), (114, 7, 115), (115, 0, 127), (116, 1, 136), (117, 0, 107), (118, 5, 129), (119, 2, 126), (120, 1, 145), (121, 5, 155)];0;78.61037993431091;156;2.309837450529203;5.650405360799073;5.650405360799073;{'N': 30, 'max_b': 1, 'sum_of_buf': 40, 'obj': 'max_rm'}
Obj. F. analysis Model With Bounded Number of Buffer Times (additional Obj F 2);BBmS;./Data/PrecedenceGraphs/parsedPSPLib/graph_122_0.txt;./Data/Tasks/uniform/tasks_uniform_122_0.txt;uniform;122;8;600;[(0, 0, 0), (1, 5, 1), (2, 0, 1), (3, 3, 1), (4, 7, 10), (5, 6, 10), (6, 1, 19), (7, 1, 12), (8, 0, 16), (9, 5, 10), (10, 1, 26), (11, 2, 8), (12, 3, 12), (13, 5, 19), (14, 6, 19), (15, 2, 25), (16, 4, 16), (17, 3, 35), (18, 7, 92), (19, 7, 20), (20, 7, 45), (21, 2, 45), (22, 7, 28), (23, 3, 51), (24, 4, 93), (25, 5, 40), (26, 6, 43), (27, 1, 43), (28, 7, 36), (29, 6, 26), (30, 0, 51), (31, 5, 25), (32, 3, 42), (33, 3, 25), (34, 4, 36), (35, 4, 51), (36, 5, 98), (37, 0, 24), (38, 4, 26), (39, 5, 33), (40, 5, 78), (41, 1, 35), (42, 3, 60), (43, 0, 33), (44, 6, 76), (45, 2, 51), (46, 0, 42), (47, 4, 43), (48, 6, 66), (49, 7, 86), (50, 6, 32), (51, 0, 76), (52, 5, 58), (53, 6, 84), (54, 2, 36), (55, 1, 52), (56, 3, 74), (57, 5, 73), (58, 4, 68), (59, 2, 18), (60, 5, 48), (61, 6, 51), (62, 5, 85), (63, 1, 63), (64, 0, 10), (65, 2, 90), (66, 6, 57), (67, 7, 58), (68, 2, 98), (69, 4, 61), (70, 2, 84), (71, 7, 75), (72, 2, 61), (73, 5, 93), (74, 7, 50), (75, 7, 65), (76, 4, 87), (77, 6, 90), (78, 4, 77), (79, 1, 77), (80, 1, 92), (81, 3, 87), (82, 0, 123), (83, 2, 105), (84, 2, 112), (85, 6, 104), (86, 3, 109), (87, 1, 102), (88, 1, 86), (89, 0, 111), (90, 7, 98), (91, 0, 116), (92, 3, 66), (93, 1, 72), (94, 5, 115), (95, 0, 61), (96, 5, 67), (97, 3, 104), (98, 4, 102), (99, 4, 116), (100, 1, 111), (101, 7, 108), (102, 4, 108), (103, 5, 106), (104, 3, 117), (105, 6, 99), (106, 1, 117), (107, 6, 121), (108, 4, 126), (109, 0, 92), (110, 7, 117), (111, 3, 99), (112, 0, 102), (113, 6, 114), (114, 7, 124), (115, 1, 127), (116, 1, 136), (117, 5, 129), (118, 2, 134), (119, 4, 137), (120, 4, 145), (121, 4, 155)];0;83.4799313545227;156;2.2510443261408892;8.405950154711539;8.405950154711539;{'N': 30, 'max_b': 1, 'sum_of_buf': 40, 'obj': 'max_max_ovp'}
Sensitivity analysis SAA model (N);STr2;./Data/PrecedenceGraphs/parsedPSPLib/graph_122_0.txt;./Data/Tasks/uniform/tasks_uniform_122_0.txt;uniform;122;8;600;[(0, 1, 0), (1, 3, 1), (2, 1, 1), (3, 2, 1), (4, 6, 10), (5, 7, 10), (6, 3, 19), (7, 2, 11), (8, 0, 11), (9, 3, 10), (10, 4, 26), (11, 1, 10), (12, 5, 12), (13, 0, 19), (14, 2, 16), (15, 0, 64), (16, 2, 22), (17, 7, 35), (18, 3, 89), (19, 3, 33), (20, 7, 58), (21, 7, 22), (22, 4, 16), (23, 5, 66), (24, 5, 77), (25, 2, 41), (26, 2, 85), (27, 7, 74), (28, 2, 27), (29, 1, 22), (30, 1, 36), (31, 3, 26), (32, 6, 42), (33, 0, 24), (34, 4, 35), (35, 6, 51), (36, 5, 92), (37, 1, 27), (38, 5, 22), (39, 7, 28), (40, 2, 78), (41, 4, 41), (42, 6, 60), (43, 6, 22), (44, 2, 56), (45, 2, 63), (46, 7, 50), (47, 0, 41), (48, 6, 66), (49, 1, 78), (50, 0, 31), (51, 6, 76), (52, 2, 48), (53, 0, 74), (54, 5, 31), (55, 6, 30), (56, 2, 108), (57, 5, 72), (58, 7, 42), (59, 2, 35), (60, 7, 63), (61, 5, 39), (62, 6, 85), (63, 5, 100), (64, 5, 7), (65, 1, 91), (66, 5, 45), (67, 0, 80), (68, 4, 82), (69, 1, 84), (70, 4, 64), (71, 5, 50), (72, 3, 42), (73, 6, 93), (74, 1, 48), (75, 4, 48), (76, 1, 66), (77, 3, 61), (78, 3, 52), (79, 0, 50), (80, 3, 70), (81, 5, 61), (82, 6, 98), (83, 4, 97), (84, 2, 93), (85, 4, 72), (86, 3, 101), (87, 3, 80), (88, 4, 58), (89, 1, 99), (90, 7, 98), (91, 3, 94), (92, 7, 87), (93, 4, 104), (94, 0, 104), (95, 1, 56), (96, 0, 58), (97, 7, 108), (98, 1, 72), (99, 1, 116), (100, 4, 109), (101, 5, 108), (102, 5, 86), (103, 4, 89), (104, 6, 109), (105, 0, 99), (106, 5, 117), (107, 3, 109), (108, 1, 108), (109, 0, 87), (110, 7, 115), (111, 2, 73), (112, 2, 100), (113, 4, 115), (114, 6, 116), (115, 0, 127), (116, 0, 136), (117, 2, 116), (118, 6, 126), (119, 5, 127), (120, 6, 145), (121, 5, 155)];0;1.7780883312225342;156;3.8226659428479564;9.417378299429918;7.324275517595376;{'N': 2, 'obj': 'avg_rm'}
Sensitivity analysis SAA model (N);STr10;./Data/PrecedenceGraphs/parsedPSPLib/graph_122_0.txt;./Data/Tasks/uniform/tasks_uniform_122_0.txt;uniform;122;8;600;[(0, 0, 0), (1, 4, 1), (2, 0, 1), (3, 2, 1), (4, 6, 10), (5, 7, 10), (6, 7, 19), (7, 2, 11), (8, 1, 11), (9, 3, 10), (10, 7, 26), (11, 4, 7), (12, 5, 11), (13, 0, 15), (14, 4, 16), (15, 0, 45), (16, 3, 18), (17, 7, 35), (18, 4, 82), (19, 5, 35), (20, 0, 55), (21, 4, 22), (22, 2, 16), (23, 0, 60), (24, 2, 67), (25, 3, 34), (26, 0, 76), (27, 1, 67), (28, 4, 27), (29, 3, 29), (30, 0, 35), (31, 1, 20), (32, 7, 42), (33, 6, 20), (34, 6, 35), (35, 7, 51), (36, 6, 89), (37, 0, 20), (38, 3, 23), (39, 0, 29), (40, 3, 67), (41, 3, 41), (42, 7, 60), (43, 5, 21), (44, 2, 52), (45, 0, 66), (46, 6, 46), (47, 6, 41), (48, 7, 66), (49, 2, 76), (50, 2, 24), (51, 7, 76), (52, 4, 35), (53, 6, 60), (54, 6, 27), (55, 1, 27), (56, 6, 103), (57, 5, 64), (58, 1, 37), (59, 5, 29), (60, 3, 48), (61, 2, 35), (62, 7, 85), (63, 5, 92), (64, 0, 10), (65, 5, 84), (66, 5, 42), (67, 3, 74), (68, 1, 76), (69, 6, 82), (70, 1, 61), (71, 1, 45), (72, 2, 42), (73, 7, 93), (74, 2, 59), (75, 5, 54), (76, 6, 66), (77, 3, 58), (78, 4, 53), (79, 4, 45), (80, 5, 69), (81, 4, 62), (82, 2, 95), (83, 0, 92), (84, 4, 87), (85, 6, 72), (86, 1, 101), (87, 4, 73), (88, 1, 55), (89, 3, 91), (90, 7, 98), (91, 2, 88), (92, 0, 84), (93, 3, 96), (94, 6, 97), (95, 5, 47), (96, 6, 54), (97, 2, 101), (98, 4, 67), (99, 4, 97), (100, 0, 99), (101, 7, 108), (102, 2, 82), (103, 3, 83), (104, 1, 109), (105, 3, 101), (106, 7, 117), (107, 5, 100), (108, 0, 106), (109, 1, 83), (110, 4, 107), (111, 5, 79), (112, 1, 93), (113, 3, 106), (114, 5, 116), (115, 6, 127), (116, 4, 136), (117, 2, 106), (118, 4, 114), (119, 7, 127), (120, 0, 145), (121, 5, 155)];0;31.081814289093018;156;3.5035238358513494;9.058110220511963;4.344506280737843;{'N': 10, 'obj': 'avg_rm'}
Sensitivity analysis SAA model (N);STr30;./Data/PrecedenceGraphs/parsedPSPLib/graph_122_0.txt;./Data/Tasks/uniform/tasks_uniform_122_0.txt;uniform;122;8;600;[(0, 7, 0), (1, 0, 1), (2, 6, 1), (3, 4, 1), (4, 2, 32), (5, 0, 10), (6, 7, 19), (7, 4, 11), (8, 6, 11), (9, 5, 10), (10, 3, 26), (11, 3, 7), (12, 1, 11), (13, 3, 15), (14, 4, 16), (15, 1, 47), (16, 7, 26), (17, 5, 35), (18, 6, 78), (19, 0, 42), (20, 0, 49), (21, 5, 22), (22, 2, 16), (23, 4, 51), (24, 7, 62), (25, 2, 41), (26, 0, 90), (27, 4, 83), (28, 2, 24), (29, 0, 27), (30, 3, 35), (31, 0, 20), (32, 5, 42), (33, 6, 20), (34, 6, 35), (35, 5, 51), (36, 7, 95), (37, 7, 31), (38, 1, 22), (39, 1, 28), (40, 6, 71), (41, 1, 34), (42, 5, 60), (43, 4, 75), (44, 7, 55), (45, 4, 65), (46, 4, 43), (47, 6, 41), (48, 5, 66), (49, 3, 76), (50, 0, 32), (51, 5, 76), (52, 3, 45), (53, 3, 62), (54, 6, 27), (55, 4, 27), (56, 7, 110), (57, 2, 63), (58, 7, 40), (59, 1, 57), (60, 1, 63), (61, 4, 37), (62, 5, 85), (63, 2, 89), (64, 7, 7), (65, 3, 68), (66, 2, 48), (67, 6, 83), (68, 1, 73), (69, 1, 80), (70, 0, 68), (71, 2, 53), (72, 6, 46), (73, 5, 93), (74, 4, 57), (75, 7, 71), (76, 2, 73), (77, 3, 53), (78, 6, 56), (79, 0, 54), (80, 0, 74), (81, 2, 68), (82, 1, 114), (83, 0, 98), (84, 2, 97), (85, 2, 79), (86, 1, 98), (87, 7, 86), (88, 0, 62), (89, 4, 98), (90, 6, 98), (91, 7, 103), (92, 6, 108), (93, 5, 98), (94, 4, 103), (95, 7, 48), (96, 1, 41), (97, 2, 104), (98, 6, 65), (99, 2, 116), (100, 2, 109), (101, 3, 108), (102, 0, 84), (103, 1, 106), (104, 5, 106), (105, 3, 92), (106, 0, 117), (107, 4, 109), (108, 6, 116), (109, 3, 82), (110, 4, 118), (111, 7, 81), (112, 3, 117), (113, 7, 118), (114, 5, 114), (115, 0, 127), (116, 7, 136), (117, 1, 120), (118, 5, 126), (119, 3, 128), (120, 1, 145), (121, 2, 155)];0;64.75491571426392;156;2.7414950479043343;7.637946649846587;4.399581849083362;{'N': 30, 'obj': 'avg_rm'}
Sensitivity analysis SAA model (N);STr50;./Data/PrecedenceGraphs/parsedPSPLib/graph_122_0.txt;./Data/Tasks/uniform/tasks_uniform_122_0.txt;uniform;122;8;600;[(0, 0, 0), (1, 5, 1), (2, 6, 1), (3, 4, 1), (4, 2, 10), (5, 3, 10), (6, 3, 19), (7, 5, 11), (8, 0, 11), (9, 7, 10), (10, 3, 26), (11, 6, 10), (12, 1, 12), (13, 6, 18), (14, 5, 16), (15, 7, 50), (16, 7, 18), (17, 3, 35), (18, 6, 82), (19, 0, 31), (20, 0, 46), (21, 5, 22), (22, 4, 16), (23, 7, 60), (24, 1, 68), (25, 2, 36), (26, 0, 81), (27, 7, 71), (28, 2, 28), (29, 4, 32), (30, 6, 36), (31, 1, 23), (32, 3, 42), (33, 6, 23), (34, 6, 30), (35, 3, 51), (36, 0, 89), (37, 2, 19), (38, 0, 25), (39, 7, 33), (40, 2, 69), (41, 4, 37), (42, 3, 60), (43, 4, 24), (44, 6, 52), (45, 4, 60), (46, 2, 43), (47, 1, 38), (48, 3, 66), (49, 2, 76), (50, 7, 23), (51, 3, 76), (52, 0, 38), (53, 5, 63), (54, 1, 30), (55, 5, 27), (56, 4, 101), (57, 7, 66), (58, 5, 37), (59, 0, 19), (60, 5, 53), (61, 7, 39), (62, 3, 85), (63, 5, 90), (64, 1, 7), (65, 5, 82), (66, 7, 45), (67, 6, 75), (68, 5, 75), (69, 7, 80), (70, 6, 59), (71, 1, 43), (72, 4, 44), (73, 3, 93), (74, 2, 61), (75, 2, 51), (76, 0, 67), (77, 0, 58), (78, 1, 54), (79, 5, 45), (80, 6, 65), (81, 1, 63), (82, 7, 94), (83, 1, 94), (84, 7, 87), (85, 4, 75), (86, 0, 98), (87, 1, 77), (88, 4, 54), (89, 2, 92), (90, 3, 98), (91, 6, 87), (92, 4, 85), (93, 5, 98), (94, 6, 94), (95, 0, 51), (96, 6, 46), (97, 2, 98), (98, 5, 69), (99, 5, 103), (100, 1, 101), (101, 3, 108), (102, 0, 75), (103, 1, 86), (104, 1, 107), (105, 6, 100), (106, 3, 117), (107, 7, 100), (108, 6, 105), (109, 2, 82), (110, 7, 109), (111, 4, 70), (112, 4, 93), (113, 0, 106), (114, 7, 115), (115, 3, 127), (116, 6, 136), (117, 2, 103), (118, 5, 115), (119, 2, 125), (120, 4, 145), (121, 2, 155)];0;146.1577124595642;156;3.189282384285718;7.732371943444787;4.317744865162077;{'N': 50, 'obj': 'avg_rm'}
Sensitivity analysis SAA model (N);STr100;./Data/PrecedenceGraphs/parsedPSPLib/graph_122_0.txt;./Data/Tasks/uniform/tasks_uniform_122_0.txt;uniform;122;8;600;[(0, 5, 0), (1, 4, 1), (2, 6, 1), (3, 7, 1), (4, 6, 10), (5, 3, 10), (6, 3, 19), (7, 0, 11), (8, 7, 11), (9, 4, 10), (10, 3, 26), (11, 5, 7), (12, 1, 12), (13, 0, 16), (14, 2, 16), (15, 2, 48), (16, 5, 15), (17, 3, 35), (18, 6, 84), (19, 4, 34), (20, 0, 48), (21, 1, 22), (22, 4, 18), (23, 5, 59), (24, 2, 67), (25, 6, 33), (26, 5, 78), (27, 1, 71), (28, 7, 28), (29, 6, 28), (30, 7, 36), (31, 6, 21), (32, 3, 42), (33, 0, 21), (34, 5, 30), (35, 3, 51), (36, 0, 89), (37, 7, 19), (38, 2, 22), (39, 0, 28), (40, 4, 66), (41, 2, 36), (42, 3, 60), (43, 4, 26), (44, 5, 52), (45, 7, 64), (46, 0, 40), (47, 4, 41), (48, 3, 66), (49, 2, 76), (50, 5, 20), (51, 3, 76), (52, 7, 46), (53, 5, 65), (54, 2, 28), (55, 1, 27), (56, 1, 102), (57, 0, 63), (58, 1, 37), (59, 0, 34), (60, 7, 54), (61, 5, 36), (62, 3, 85), (63, 2, 92), (64, 1, 7), (65, 0, 81), (66, 2, 43), (67, 0, 74), (68, 5, 71), (69, 1, 80), (70, 1, 59), (71, 6, 40), (72, 5, 42), (73, 3, 93), (74, 6, 57), (75, 0, 53), (76, 0, 68), (77, 2, 58), (78, 4, 52), (79, 1, 45), (80, 6, 65), (81, 4, 61), (82, 1, 89), (83, 1, 95), (84, 4, 84), (85, 7, 74), (86, 2, 100), (87, 6, 75), (88, 1, 53), (89, 5, 94), (90, 3, 98), (91, 7, 84), (92, 6, 89), (93, 0, 97), (94, 7, 91), (95, 6, 50), (96, 4, 46), (97, 4, 100), (98, 1, 65), (99, 6, 102), (100, 7, 97), (101, 3, 108), (102, 4, 78), (103, 5, 86), (104, 2, 108), (105, 6, 97), (106, 3, 117), (107, 5, 99), (108, 7, 103), (109, 2, 82), (110, 5, 108), (111, 4, 73), (112, 4, 92), (113, 4, 105), (114, 2, 115), (115, 6, 127), (116, 0, 136), (117, 0, 102), (118, 4, 114), (119, 3, 127), (120, 5, 145), (121, 3, 155)];0;378.93083691596985;156;3.4765735523545063;9.327689309939574;4.323660151772655;{'N': 100, 'obj': 'avg_rm'}
Sensitivity analysis SAA model (N);STr150;./Data/PrecedenceGraphs/parsedPSPLib/graph_122_0.txt;./Data/Tasks/uniform/tasks_uniform_122_0.txt;uniform;122;8;600;[(0, 0, 0), (1, 4, 1), (2, 2, 1), (3, 1, 1), (4, 4, 10), (5, 7, 10), (6, 4, 19), (7, 5, 11), (8, 1, 11), (9, 2, 10), (10, 2, 26), (11, 6, 7), (12, 0, 11), (13, 3, 15), (14, 5, 16), (15, 5, 52), (16, 6, 15), (17, 2, 35), (18, 1, 80), (19, 7, 33), (20, 7, 40), (21, 5, 22), (22, 2, 18), (23, 4, 47), (24, 1, 71), (25, 4, 34), (26, 3, 75), (27, 5, 73), (28, 3, 27), (29, 7, 28), (30, 3, 35), (31, 3, 20), (32, 2, 42), (33, 6, 20), (34, 0, 31), (35, 2, 51), (36, 6, 89), (37, 7, 19), (38, 1, 25), (39, 1, 31), (40, 7, 66), (41, 0, 37), (42, 2, 60), (43, 4, 26), (44, 0, 52), (45, 4, 64), (46, 0, 44), (47, 1, 37), (48, 2, 66), (49, 7, 80), (50, 0, 21), (51, 2, 76), (52, 3, 45), (53, 3, 62), (54, 6, 27), (55, 5, 27), (56, 6, 97), (57, 4, 59), (58, 5, 37), (59, 1, 19), (60, 1, 61), (61, 6, 35), (62, 2, 85), (63, 1, 93), (64, 3, 7), (65, 4, 81), (66, 6, 41), (67, 7, 73), (68, 3, 68), (69, 4, 74), (70, 0, 59), (71, 6, 46), (72, 1, 42), (73, 2, 93), (74, 7, 53), (75, 6, 56), (76, 6, 66), (77, 3, 53), (78, 1, 52), (79, 7, 45), (80, 0, 65), (81, 7, 61), (82, 4, 89), (83, 0, 95), (84, 6, 82), (85, 6, 72), (86, 4, 100), (87, 0, 81), (88, 4, 53), (89, 0, 90), (90, 2, 98), (91, 5, 82), (92, 1, 85), (93, 3, 91), (94, 5, 89), (95, 5, 45), (96, 4, 41), (97, 1, 101), (98, 5, 62), (99, 7, 105), (100, 5, 95), (101, 2, 108), (102, 0, 75), (103, 3, 83), (104, 1, 108), (105, 4, 95), (106, 4, 117), (107, 7, 96), (108, 3, 104), (109, 7, 86), (110, 0, 102), (111, 5, 68), (112, 3, 96), (113, 6, 106), (114, 5, 115), (115, 0, 127), (116, 5, 136), (117, 5, 101), (118, 1, 115), (119, 1, 125), (120, 0, 145), (121, 0, 155)];0;626.2392687797546;156;3.3700390342900843;9.341133364802099;4.965299277028635;{'N': 150, 'obj': 'avg_rm'}
Sensitivity analysis Model With Bounded Number of Buffer Times (|b_j|);BBr1;./Data/PrecedenceGraphs/parsedPSPLib/graph_122_0.txt;./Data/Tasks/uniform/tasks_uniform_122_0.txt;uniform;122;8;600;[(0, 5, 0), (1, 7, 1), (2, 1, 1), (3, 6, 1), (4, 7, 10), (5, 3, 10), (6, 1, 19), (7, 6, 12), (8, 7, 20), (9, 4, 10), (10, 1, 26), (11, 2, 8), (12, 5, 12), (13, 0, 17), (14, 4, 18), (15, 1, 60), (16, 6, 18), (17, 1, 35), (18, 5, 108), (19, 7, 41), (20, 0, 23), (21, 4, 24), (22, 2, 18), (23, 7, 29), (24, 5, 36), (25, 5, 23), (26, 7, 73), (27, 6, 77), (28, 3, 47), (29, 7, 36), (30, 0, 61), (31, 6, 41), (32, 1, 42), (33, 4, 29), (34, 0, 28), (35, 1, 51), (36, 1, 103), (37, 3, 19), (38, 6, 24), (39, 2, 46), (40, 6, 91), (41, 3, 55), (42, 2, 60), (43, 2, 38), (44, 7, 51), (45, 1, 86), (46, 3, 29), (47, 5, 57), (48, 3, 66), (49, 7, 87), (50, 2, 27), (51, 3, 76), (52, 0, 46), (53, 7, 66), (54, 4, 37), (55, 0, 35), (56, 3, 119), (57, 2, 75), (58, 1, 77), (59, 0, 55), (60, 5, 46), (61, 4, 46), (62, 2, 85), (63, 0, 72), (64, 0, 8), (65, 3, 38), (66, 4, 53), (67, 1, 70), (68, 7, 59), (69, 2, 103), (70, 5, 62), (71, 6, 31), (72, 6, 48), (73, 5, 93), (74, 6, 63), (75, 4, 59), (76, 6, 71), (77, 3, 85), (78, 2, 66), (79, 7, 93), (80, 0, 80), (81, 2, 93), (82, 3, 113), (83, 4, 106), (84, 2, 110), (85, 0, 90), (86, 4, 98), (87, 4, 73), (88, 5, 102), (89, 6, 86), (90, 3, 98), (91, 0, 120), (92, 4, 82), (93, 1, 119), (94, 5, 113), (95, 5, 72), (96, 5, 30), (97, 1, 125), (98, 5, 79), (99, 7, 117), (100, 7, 81), (101, 6, 108), (102, 1, 97), (103, 1, 111), (104, 6, 117), (105, 7, 112), (106, 4, 117), (107, 2, 117), (108, 3, 128), (109, 7, 102), (110, 4, 90), (111, 2, 98), (112, 0, 112), (113, 1, 130), (114, 6, 124), (115, 4, 127), (116, 7, 136), (117, 5, 125), (118, 5, 136), (119, 4, 137), (120, 6, 145), (121, 6, 155)];0;126.9836413860321;156;1.8691050032153995;5.5704974820280935;4.908506084829314;{'N': 30, 'max_b': 1, 'sum_of_buf': 40, 'obj': 'avg_rm'}
Sensitivity analysis Model With Bounded Number of Buffer Times (|b_j|);BBr2;./Data/PrecedenceGraphs/parsedPSPLib/graph_122_0.txt;./Data/Tasks/uniform/tasks_uniform_122_0.txt;uniform;122;8;600;[(0, 4, 0), (1, 7, 1), (2, 3, 1), (3, 6, 1), (4, 2, 10), (5, 3, 10), (6, 3, 19), (7, 1, 11), (8, 6, 11), (9, 0, 10), (10, 3, 26), (11, 5, 7), (12, 7, 11), (13, 5, 15), (14, 1, 16), (15, 2, 57), (16, 4, 15), (17, 3, 35), (18, 4, 84), (19, 2, 33), (20, 2, 41), (21, 1, 23), (22, 0, 19), (23, 0, 55), (24, 6, 75), (25, 4, 35), (26, 2, 82), (27, 5, 80), (28, 0, 27), (29, 2, 28), (30, 0, 37), (31, 4, 20), (32, 3, 42), (33, 5, 20), (34, 7, 31), (35, 3, 51), (36, 1, 95), (37, 2, 19), (38, 6, 25), (39, 6, 32), (40, 5, 73), (41, 1, 40), (42, 3, 60), (43, 4, 27), (44, 7, 51), (45, 7, 71), (46, 0, 47), (47, 5, 39), (48, 3, 66), (49, 1, 79), (50, 7, 21), (51, 3, 76), (52, 1, 47), (53, 1, 68), (54, 5, 29), (55, 1, 30), (56, 6, 105), (57, 7, 65), (58, 6, 40), (59, 6, 19), (60, 6, 65), (61, 7, 39), (62, 3, 85), (63, 1, 103), (64, 4, 7), (65, 7, 87), (66, 7, 45), (67, 0, 80), (68, 2, 75), (69, 6, 84), (70, 7, 59), (71, 5, 52), (72, 4, 42), (73, 3, 93), (74, 5, 64), (75, 1, 57), (76, 4, 68), (77, 0, 61), (78, 4, 54), (79, 6, 48), (80, 0, 70), (81, 4, 63), (82, 6, 99), (83, 0, 102), (84, 5, 89), (85, 4, 74), (86, 2, 98), (87, 0, 87), (88, 6, 58), (89, 4, 96), (90, 3, 98), (91, 4, 89), (92, 6, 91), (93, 5, 96), (94, 0, 96), (95, 2, 48), (96, 5, 46), (97, 4, 101), (98, 2, 69), (99, 7, 109), (100, 7, 103), (101, 3, 108), (102, 7, 81), (103, 2, 90), (104, 5, 106), (105, 5, 101), (106, 3, 117), (107, 2, 106), (108, 1, 111), (109, 1, 85), (110, 6, 113), (111, 1, 74), (112, 7, 95), (113, 0, 109), (114, 5, 113), (115, 6, 127), (116, 0, 136), (117, 4, 106), (118, 2, 119), (119, 7, 123), (120, 6, 145), (121, 6, 155)];0;80.5611162185669;156;1.9096108418266922;6.8849646150407136;4.402648225781949;{'N': 30, 'max_b': 2, 'sum_of_buf': 40, 'obj': 'avg_rm'}
Sensitivity analysis Model With Bounded Number of Buffer Times (|b_j|);BBr3;./Data/PrecedenceGraphs/parsedPSPLib/graph_122_0.txt;./Data/Tasks/uniform/tasks_uniform_122_0.txt;uniform;122;8;600;[(0, 4, 0), (1, 3, 1), (2, 5, 1), (3, 6, 1), (4, 3, 10), (5, 5, 10), (6, 2, 19), (7, 1, 14), (8, 0, 14), (9, 5, 19), (10, 0, 26), (11, 7, 10), (12, 6, 14), (13, 7, 21), (14, 4, 22), (15, 6, 61), (16, 5, 30), (17, 1, 35), (18, 7, 100), (19, 0, 35), (20, 1, 64), (21, 4, 31), (22, 3, 22), (23, 0, 78), (24, 7, 84), (25, 1, 52), (26, 5, 98), (27, 3, 91), (28, 3, 33), (29, 2, 51), (30, 6, 41), (31, 7, 29), (32, 2, 42), (33, 5, 38), (34, 4, 36), (35, 0, 51), (36, 0, 104), (37, 1, 22), (38, 6, 33), (39, 3, 41), (40, 6, 76), (41, 3, 56), (42, 2, 60), (43, 2, 27), (44, 0, 60), (45, 3, 81), (46, 4, 52), (47, 5, 59), (48, 2, 66), (49, 4, 77), (50, 1, 42), (51, 2, 76), (52, 3, 63), (53, 5, 82), (54, 5, 45), (55, 7, 36), (56, 0, 120), (57, 6, 71), (58, 7, 46), (59, 6, 27), (60, 4, 67), (61, 5, 53), (62, 2, 85), (63, 0, 112), (64, 2, 10), (65, 4, 97), (66, 1, 59), (67, 7, 93), (68, 1, 91), (69, 1, 98), (70, 0, 67), (71, 6, 51), (72, 4, 42), (73, 2, 93), (74, 7, 68), (75, 3, 71), (76, 1, 75), (77, 5, 73), (78, 5, 64), (79, 7, 54), (80, 1, 81), (81, 0, 73), (82, 2, 108), (83, 1, 113), (84, 5, 106), (85, 5, 88), (86, 3, 108), (87, 0, 95), (88, 7, 62), (89, 7, 116), (90, 6, 98), (91, 4, 105), (92, 1, 105), (93, 5, 113), (94, 4, 112), (95, 4, 60), (96, 1, 69), (97, 2, 114), (98, 0, 84), (99, 4, 121), (100, 3, 116), (101, 6, 108), (102, 4, 91), (103, 3, 100), (104, 2, 119), (105, 5, 118), (106, 6, 117), (107, 1, 120), (108, 2, 126), (109, 2, 98), (110, 1, 129), (111, 0, 90), (112, 7, 108), (113, 3, 122), (114, 5, 126), (115, 6, 127), (116, 6, 136), (117, 7, 121), (118, 2, 135), (119, 4, 136), (120, 7, 145), (121, 4, 155)];0;90.80065584182739;156;2.6817847741105574;7.109993264623757;4.459879500110797;{'N': 30, 'max_b': 3, 'sum_of_buf': 40, 'obj': 'avg_rm'}
Sensitivity analysis Model With Bounded Number of Buffer Times (|b_j|);BBr4;./Data/PrecedenceGraphs/parsedPSPLib/graph_122_0.txt;./Data/Tasks/uniform/tasks_uniform_122_0.txt;uniform;122;8;600;[(0, 6, 0), (1, 7, 1), (2, 2, 1), (3, 5, 1), (4, 2, 10), (5, 3, 10), (6, 3, 19), (7, 0, 11), (8, 4, 11), (9, 6, 10), (10, 3, 26), (11, 7, 7), (12, 5, 11), (13, 7, 15), (14, 0, 16), (15, 1, 64), (16, 1, 15), (17, 3, 35), (18, 0, 88), (19, 7, 41), (20, 7, 50), (21, 0, 22), (22, 6, 18), (23, 7, 55), (24, 2, 73), (25, 2, 36), (26, 5, 83), (27, 2, 82), (28, 6, 28), (29, 5, 29), (30, 6, 39), (31, 1, 24), (32, 3, 42), (33, 7, 24), (34, 7, 35), (35, 3, 51), (36, 6, 93), (37, 1, 35), (38, 2, 23), (39, 2, 30), (40, 6, 79), (41, 5, 37), (42, 3, 60), (43, 5, 21), (44, 1, 51), (45, 0, 71), (46, 4, 53), (47, 1, 46), (48, 3, 66), (49, 4, 76), (50, 4, 25), (51, 3, 76), (52, 5, 47), (53, 4, 61), (54, 4, 35), (55, 0, 31), (56, 4, 106), (57, 2, 68), (58, 0, 41), (59, 4, 19), (60, 7, 61), (61, 2, 43), (62, 3, 85), (63, 5, 101), (64, 1, 7), (65, 7, 86), (66, 0, 49), (67, 6, 72), (68, 0, 81), (69, 6, 86), (70, 1, 58), (71, 6, 56), (72, 4, 43), (73, 3, 93), (74, 0, 63), (75, 7, 71), (76, 6, 66), (77, 4, 67), (78, 0, 54), (79, 2, 49), (80, 5, 67), (81, 2, 63), (82, 4, 100), (83, 6, 101), (84, 0, 93), (85, 1, 83), (86, 2, 99), (87, 1, 74), (88, 2, 57), (89, 5, 91), (90, 3, 98), (91, 1, 93), (92, 2, 91), (93, 7, 102), (94, 0, 100), (95, 6, 49), (96, 5, 55), (97, 1, 100), (98, 5, 61), (99, 7, 107), (100, 1, 105), (101, 3, 108), (102, 5, 77), (103, 4, 92), (104, 2, 107), (105, 5, 96), (106, 3, 117), (107, 0, 106), (108, 5, 109), (109, 4, 82), (110, 2, 114), (111, 7, 81), (112, 7, 94), (113, 6, 108), (114, 4, 114), (115, 1, 127), (116, 5, 136), (117, 1, 111), (118, 0, 120), (119, 7, 124), (120, 2, 145), (121, 6, 155)];0;75.78920412063599;156;2.5393487971667783;7.4993436403568445;4.413097123541511;{'N': 30, 'max_b': 4, 'sum_of_buf': 40, 'obj': 'avg_rm'}
Sensitivity analysis Model With Bounded Number of Buffer Times (|b_j|);BBr5;./Data/PrecedenceGraphs/parsedPSPLib/graph_122_0.txt;./Data/Tasks/uniform/tasks_uniform_122_0.txt;uniform;122;8;600;[(0, 7, 0), (1, 2, 1), (2, 0, 1), (3, 3, 1), (4, 5, 10), (5, 4, 10), (6, 4, 19), (7, 2, 11), (8, 3, 11), (9, 0, 10), (10, 7, 26), (11, 7, 10), (12, 1, 11), (13, 7, 20), (14, 2, 16), (15, 5, 61), (16, 5, 20), (17, 7, 35), (18, 2, 58), (19, 0, 37), (20, 5, 33), (21, 5, 28), (22, 6, 16), (23, 0, 60), (24, 7, 66), (25, 3, 22), (26, 7, 89), (27, 3, 72), (28, 1, 30), (29, 0, 32), (30, 1, 60), (31, 4, 26), (32, 5, 42), (33, 2, 27), (34, 4, 37), (35, 1, 51), (36, 0, 89), (37, 0, 22), (38, 3, 29), (39, 6, 53), (40, 3, 81), (41, 7, 42), (42, 4, 60), (43, 1, 21), (44, 7, 59), (45, 0, 44), (46, 4, 48), (47, 4, 43), (48, 4, 66), (49, 5, 78), (50, 6, 29), (51, 4, 76), (52, 2, 44), (53, 2, 52), (54, 2, 36), (55, 5, 51), (56, 3, 88), (57, 1, 70), (58, 0, 66), (59, 3, 40), (60, 7, 49), (61, 6, 47), (62, 4, 85), (63, 5, 108), (64, 6, 10), (65, 6, 39), (66, 6, 59), (67, 6, 79), (68, 1, 85), (69, 0, 74), (70, 3, 66), (71, 1, 38), (72, 3, 46), (73, 4, 93), (74, 0, 81), (75, 3, 56), (76, 6, 73), (77, 6, 64), (78, 2, 64), (79, 7, 75), (80, 1, 75), (81, 2, 73), (82, 7, 97), (83, 1, 109), (84, 2, 78), (85, 2, 85), (86, 6, 98), (87, 1, 92), (88, 7, 83), (89, 6, 106), (90, 4, 98), (91, 3, 96), (92, 1, 101), (93, 3, 108), (94, 2, 95), (95, 5, 71), (96, 0, 54), (97, 3, 103), (98, 5, 84), (99, 2, 111), (100, 2, 101), (101, 4, 108), (102, 0, 97), (103, 5, 100), (104, 6, 111), (105, 0, 103), (106, 4, 117), (107, 7, 111), (108, 5, 116), (109, 5, 90), (110, 6, 118), (111, 6, 89), (112, 7, 103), (113, 1, 116), (114, 7, 120), (115, 3, 127), (116, 3, 136), (117, 0, 113), (118, 1, 124), (119, 5, 130), (120, 2, 145), (121, 0, 155)];0;73.53852844238281;156;2.377862862699299;7.817615184259686;4.358678823697685;{'N': 30, 'max_b': 5, 'sum_of_buf': 40, 'obj': 'avg_rm'}
deterministic baseline model;DET;./Data/PrecedenceGraphs/parsedPSPLib/graph_122_0.txt;./Data/Tasks/normal/tasks_normal_122_0.txt;normal;122;8;600;[(0, 3, 0), (1, 1, 1), (2, 5, 1), (3, 3, 1), (4, 5, 11), (5, 3, 11), (6, 3, 20), (7, 0, 10), (8, 6, 10), (9, 7, 11), (10, 3, 30), (11, 2, 9), (12, 1, 10), (13, 2, 17), (14, 6, 15), (15, 2, 65), (16, 7, 18), (17, 7, 36), (18, 6, 69), (19, 2, 42), (20, 6, 35), (21, 5, 25), (22, 4, 15), (23, 5, 67), (24, 5, 89), (25, 1, 16), (26, 5, 81), (27, 5, 75), (28, 4, 22), (29, 3, 36), (30, 4, 31), (31, 6, 25), (32, 5, 45), (33, 0, 25), (34, 1, 22), (35, 3, 53), (36, 1, 99), (37, 5, 30), (38, 2, 25), (39, 2, 33), (40, 2, 80), (41, 4, 43), (42, 3, 63), (43, 5, 16), (44, 5, 53), (45, 4, 48), (46, 3, 43), (47, 6, 41), (48, 1, 71), (49, 3, 78), (50, 7, 28), (51, 7, 78), (52, 5, 40), (53, 6, 59), (54, 0, 34), (55, 1, 30), (56, 6, 113), (57, 7, 60), (58, 1, 35), (59, 0, 15), (60, 1, 64), (61, 0, 39), (62, 6, 83), (63, 3, 101), (64, 4, 9), (65, 7, 83), (66, 0, 46), (67, 1, 78), (68, 2, 70), (69, 7, 69), (70, 5, 61), (71, 2, 50), (72, 7, 45), (73, 2, 90), (74, 2, 58), (75, 4, 58), (76, 3, 71), (77, 1, 55), (78, 0, 56), (79, 1, 42), (80, 4, 67), (81, 0, 66), (82, 1, 85), (83, 3, 84), (84, 6, 100), (85, 0, 83), (86, 5, 97), (87, 0, 76), (88, 6, 50), (89, 7, 94), (90, 2, 96), (91, 3, 93), (92, 0, 93), (93, 6, 90), (94, 7, 89), (95, 4, 36), (96, 7, 51), (97, 4, 99), (98, 1, 48), (99, 1, 107), (100, 7, 102), (101, 6, 106), (102, 4, 74), (103, 1, 91), (104, 5, 103), (105, 0, 101), (106, 7, 113), (107, 0, 109), (108, 3, 111), (109, 4, 84), (110, 7, 108), (111, 6, 75), (112, 4, 94), (113, 2, 106), (114, 5, 111), (115, 6, 122), (116, 2, 130), (117, 4, 106), (118, 5, 116), (119, 0, 116), (120, 6, 138), (121, 3, 144)];0;0.5643572807312012;145;3.1675789324534014;8.94208207207742;7.953939961600126;{}
Sensitivity analysis buffer time model (param q);BT10;./Data/PrecedenceGraphs/parsedPSPLib/graph_122_0.txt;./Data/Tasks/normal/tasks_normal_122_0.txt;normal;122;8;600;[(0, 5, 0), (1, 5, 1), (2, 1, 1), (3, 4, 1), (4, 1, 12), (5, 5, 12), (6, 5, 22), (7, 2, 11), (8, 7, 11), (9, 3, 12), (10, 5, 33), (11, 4, 11), (12, 6, 11), (13, 4, 20), (14, 6, 17), (15, 0, 75), (16, 3, 20), (17, 5, 40), (18, 3, 80), (19, 6, 47), (20, 0, 37), (21, 2, 36), (22, 0, 17), (23, 4, 68), (24, 0, 97), (25, 1, 19), (26, 0, 80), (27, 3, 96), (28, 0, 26), (29, 7, 39), (30, 1, 39), (31, 7, 29), (32, 5, 50), (33, 4, 29), (34, 2, 27), (35, 5, 60), (36, 1, 108), (37, 1, 27), (38, 6, 28), (39, 6, 38), (40, 3, 86), (41, 7, 48), (42, 6, 72), (43, 2, 17), (44, 2, 62), (45, 7, 54), (46, 0, 53), (47, 3, 42), (48, 6, 81), (49, 2, 92), (50, 3, 32), (51, 6, 90), (52, 4, 45), (53, 2, 72), (54, 4, 40), (55, 2, 41), (56, 3, 126), (57, 7, 74), (58, 2, 47), (59, 7, 17), (60, 3, 73), (61, 0, 45), (62, 6, 95), (63, 3, 116), (64, 0, 11), (65, 5, 98), (66, 3, 53), (67, 0, 89), (68, 1, 87), (69, 4, 78), (70, 5, 72), (71, 1, 55), (72, 4, 51), (73, 6, 103), (74, 7, 65), (75, 3, 64), (76, 2, 84), (77, 0, 64), (78, 1, 64), (79, 2, 55), (80, 5, 79), (81, 1, 76), (82, 4, 105), (83, 1, 98), (84, 0, 107), (85, 7, 93), (86, 6, 111), (87, 7, 85), (88, 6, 63), (89, 0, 114), (90, 4, 111), (91, 5, 105), (92, 5, 114), (93, 3, 104), (94, 4, 99), (95, 1, 46), (96, 4, 58), (97, 2, 111), (98, 6, 56), (99, 1, 124), (100, 7, 120), (101, 4, 121), (102, 4, 88), (103, 7, 105), (104, 6, 117), (105, 1, 116), (106, 4, 130), (107, 5, 123), (108, 7, 127), (109, 2, 100), (110, 2, 131), (111, 5, 88), (112, 7, 113), (113, 2, 120), (114, 6, 126), (115, 0, 140), (116, 3, 148), (117, 0, 123), (118, 3, 137), (119, 6, 133), (120, 2, 157), (121, 6, 165)];0;0.5948572158813477;166;0.04400922861222336;0.21609716702445725;0.08659303171344172;{'threshold': 0.1}
Sensitivity analysis buffer time model (param q);BT20;./Data/PrecedenceGraphs/parsedPSPLib/graph_122_0.txt;./Data/Tasks/normal/tasks_normal_122_0.txt;normal;122;8;600;[(0, 5, 0), (1, 5, 1), (2, 1, 1), (3, 4, 1), (4, 1, 12), (5, 5, 12), (6, 5, 22), (7, 7, 11), (8, 4, 11), (9, 0, 12), (10, 5, 33), (11, 3, 10), (12, 6, 11), (13, 3, 19), (14, 4, 17), (15, 4, 74), (16, 0, 20), (17, 5, 40), (18, 0, 75), (19, 2, 45), (20, 1, 34), (21, 4, 27), (22, 6, 17), (23, 3, 66), (24, 1, 95), (25, 1, 18), (26, 5, 79), (27, 7, 83), (28, 6, 25), (29, 0, 40), (30, 3, 38), (31, 3, 28), (32, 5, 50), (33, 7, 28), (34, 1, 25), (35, 5, 60), (36, 0, 102), (37, 6, 36), (38, 2, 27), (39, 2, 36), (40, 3, 85), (41, 0, 48), (42, 6, 72), (43, 2, 17), (44, 1, 61), (45, 7, 53), (46, 1, 51), (47, 1, 41), (48, 0, 81), (49, 6, 89), (50, 0, 31), (51, 0, 89), (52, 3, 44), (53, 0, 64), (54, 4, 38), (55, 4, 32), (56, 4, 123), (57, 7, 73), (58, 7, 38), (59, 7, 17), (60, 5, 72), (61, 4, 43), (62, 0, 94), (63, 2, 112), (64, 2, 10), (65, 3, 95), (66, 4, 51), (67, 5, 88), (68, 1, 85), (69, 3, 75), (70, 1, 70), (71, 2, 54), (72, 3, 50), (73, 6, 102), (74, 7, 64), (75, 6, 63), (76, 6, 81), (77, 2, 63), (78, 4, 62), (79, 7, 46), (80, 1, 77), (81, 2, 74), (82, 7, 101), (83, 2, 95), (84, 2, 105), (85, 7, 90), (86, 0, 110), (87, 4, 79), (88, 3, 57), (89, 3, 102), (90, 6, 109), (91, 1, 104), (92, 7, 107), (93, 5, 96), (94, 6, 96), (95, 6, 47), (96, 0, 54), (97, 3, 111), (98, 6, 56), (99, 1, 119), (100, 1, 113), (101, 3, 119), (102, 2, 85), (103, 4, 107), (104, 0, 116), (105, 5, 113), (106, 3, 127), (107, 4, 115), (108, 2, 122), (109, 4, 96), (110, 5, 121), (111, 4, 87), (112, 5, 107), (113, 6, 119), (114, 0, 125), (115, 3, 137), (116, 3, 145), (117, 7, 115), (118, 7, 128), (119, 4, 130), (120, 2, 153), (121, 6, 161)];0;0.5174272060394287;162;0.18613902328665596;0.5069466144468163;0.1613782045809968;{'threshold': 0.2}
Sensitivity analysis buffer time model (param q);BT30;./Data/PrecedenceGraphs/parsedPSPLib/graph_122_0.txt;./Data/Tasks/normal/tasks_normal_122_0.txt;normal;122;8;600;[(0, 7, 0), (1, 7, 1), (2, 1, 1), (3, 6, 1), (4, 5, 12), (5, 7, 12), (6, 7, 22), (7, 0, 11), (8, 6, 11), (9, 1, 12), (10, 7, 33), (11, 4, 10), (12, 2, 11), (13, 4, 19), (14, 6, 16), (15, 3, 71), (16, 1, 20), (17, 0, 40), (18, 6, 73), (19, 3, 45), (20, 3, 38), (21, 2, 27), (22, 0, 16), (23, 1, 67), (24, 7, 91), (25, 5, 18), (26, 1, 76), (27, 5, 81), (28, 0, 24), (29, 4, 38), (30, 0, 34), (31, 4, 28), (32, 0, 50), (33, 1, 31), (34, 5, 25), (35, 0, 59), (36, 4, 101), (37, 3, 27), (38, 6, 26), (39, 6, 35), (40, 1, 84), (41, 1, 46), (42, 0, 70), (43, 2, 17), (44, 2, 59), (45, 2, 49), (46, 5, 45), (47, 6, 44), (48, 0, 79), (49, 0, 87), (50, 2, 32), (51, 6, 87), (52, 5, 40), (53, 6, 62), (54, 1, 41), (55, 5, 34), (56, 4, 117), (57, 5, 71), (58, 7, 40), (59, 3, 16), (60, 5, 64), (61, 4, 46), (62, 2, 92), (63, 3, 110), (64, 3, 10), (65, 6, 92), (66, 4, 54), (67, 3, 84), (68, 7, 81), (69, 7, 72), (70, 2, 68), (71, 7, 54), (72, 1, 51), (73, 6, 99), (74, 6, 54), (75, 5, 55), (76, 6, 79), (77, 1, 57), (78, 4, 64), (79, 7, 47), (80, 2, 74), (81, 4, 75), (82, 4, 95), (83, 3, 92), (84, 5, 105), (85, 5, 88), (86, 2, 107), (87, 3, 76), (88, 7, 63), (89, 0, 105), (90, 6, 106), (91, 7, 100), (92, 3, 102), (93, 1, 94), (94, 5, 99), (95, 2, 41), (96, 3, 61), (97, 7, 108), (98, 3, 54), (99, 0, 114), (100, 1, 111), (101, 7, 116), (102, 2, 82), (103, 2, 99), (104, 2, 113), (105, 4, 109), (106, 4, 124), (107, 0, 121), (108, 3, 120), (109, 0, 94), (110, 1, 117), (111, 4, 86), (112, 1, 105), (113, 6, 116), (114, 5, 122), (115, 1, 133), (116, 0, 141), (117, 5, 112), (118, 2, 126), (119, 6, 127), (120, 5, 149), (121, 3, 156)];0;0.5075230598449707;157;0.41698483871854164;1.5421747649818451;0.8984316902459492;{'threshold': 0.3}
Sensitivity analysis buffer time model (param q);BT40;./Data/PrecedenceGraphs/parsedPSPLib/graph_122_0.txt;./Data/Tasks/normal/tasks_normal_122_0.txt;normal;122;8;600;[(0, 5, 0), (1, 5, 1), (2, 1, 1), (3, 4, 1), (4, 1, 11), (5, 5, 11), (6, 5, 20), (7, 7, 10), (8, 4, 10), (9, 0, 11), (10, 5, 30), (11, 3, 9), (12, 6, 10), (13, 3, 17), (14, 4, 15), (15, 7, 65), (16, 0, 18), (17, 5, 36), (18, 7, 70), (19, 3, 41), (20, 3, 35), (21, 4, 25), (22, 2, 15), (23, 4, 67), (24, 3, 85), (25, 6, 16), (26, 1, 77), (27, 7, 76), (28, 2, 22), (29, 0, 36), (30, 2, 31), (31, 3, 25), (32, 5, 45), (33, 1, 25), (34, 6, 32), (35, 5, 53), (36, 3, 93), (37, 6, 22), (38, 7, 25), (39, 7, 33), (40, 3, 75), (41, 2, 44), (42, 5, 64), (43, 1, 16), (44, 0, 53), (45, 7, 48), (46, 0, 43), (47, 4, 42), (48, 5, 72), (49, 0, 80), (50, 0, 28), (51, 5, 79), (52, 6, 41), (53, 2, 65), (54, 1, 34), (55, 4, 30), (56, 2, 110), (57, 0, 61), (58, 4, 35), (59, 7, 15), (60, 4, 60), (61, 1, 39), (62, 5, 84), (63, 3, 101), (64, 2, 9), (65, 1, 85), (66, 1, 47), (67, 6, 81), (68, 0, 70), (69, 3, 66), (70, 6, 61), (71, 3, 49), (72, 6, 46), (73, 5, 91), (74, 7, 58), (75, 3, 57), (76, 6, 74), (77, 2, 56), (78, 1, 57), (79, 7, 42), (80, 6, 67), (81, 1, 67), (82, 6, 88), (83, 2, 85), (84, 1, 101), (85, 7, 82), (86, 7, 100), (87, 4, 75), (88, 6, 52), (89, 7, 92), (90, 5, 97), (91, 2, 94), (92, 6, 94), (93, 1, 91), (94, 0, 86), (95, 2, 36), (96, 4, 51), (97, 0, 100), (98, 2, 49), (99, 5, 107), (100, 6, 102), (101, 0, 107), (102, 2, 75), (103, 0, 92), (104, 7, 106), (105, 2, 102), (106, 7, 114), (107, 6, 113), (108, 3, 111), (109, 4, 90), (110, 6, 108), (111, 4, 82), (112, 4, 100), (113, 1, 107), (114, 0, 114), (115, 3, 123), (116, 3, 131), (117, 4, 105), (118, 3, 116), (119, 4, 119), (120, 2, 139), (121, 6, 145)];0;0.5006282329559326;146;2.202875651423874;6.299189252090098;6.299189252090098;{'threshold': 0.4}
Sensitivity analysis buffer time model (param q);BT50;./Data/PrecedenceGraphs/parsedPSPLib/graph_122_0.txt;./Data/Tasks/normal/tasks_normal_122_0.txt;normal;122;8;600;[(0, 6, 0), (1, 4, 1), (2, 7, 1), (3, 2, 1), (4, 7, 11), (5, 5, 11), (6, 5, 20), (7, 4, 10), (8, 1, 10), (9, 2, 11), (10, 5, 30), (11, 0, 9), (12, 6, 10), (13, 0, 17), (14, 1, 15), (15, 0, 65), (16, 2, 18), (17, 2, 36), (18, 0, 70), (19, 1, 42), (20, 0, 35), (21, 0, 25), (22, 3, 15), (23, 3, 65), (24, 7, 89), (25, 6, 16), (26, 0, 76), (27, 7, 76), (28, 3, 22), (29, 5, 36), (30, 6, 32), (31, 1, 25), (32, 2, 45), (33, 7, 25), (34, 3, 31), (35, 5, 53), (36, 3, 92), (37, 6, 22), (38, 4, 25), (39, 4, 33), (40, 6, 73), (41, 3, 44), (42, 4, 63), (43, 7, 16), (44, 2, 53), (45, 6, 44), (46, 5, 43), (47, 0, 41), (48, 4, 71), (49, 3, 80), (50, 2, 28), (51, 4, 78), (52, 3, 39), (53, 6, 63), (54, 7, 34), (55, 0, 30), (56, 1, 112), (57, 1, 59), (58, 1, 35), (59, 4, 15), (60, 5, 63), (61, 7, 39), (62, 6, 83), (63, 2, 102), (64, 3, 9), (65, 0, 84), (66, 7, 46), (67, 1, 77), (68, 5, 70), (69, 1, 68), (70, 2, 61), (71, 0, 50), (72, 4, 48), (73, 5, 90), (74, 0, 58), (75, 6, 54), (76, 3, 73), (77, 3, 56), (78, 7, 56), (79, 4, 42), (80, 2, 67), (81, 7, 66), (82, 3, 86), (83, 1, 84), (84, 6, 100), (85, 5, 80), (86, 7, 97), (87, 7, 82), (88, 1, 50), (89, 1, 93), (90, 5, 96), (91, 0, 95), (92, 2, 94), (93, 2, 84), (94, 0, 90), (95, 6, 37), (96, 4, 54), (97, 4, 99), (98, 3, 49), (99, 6, 106), (100, 1, 101), (101, 5, 106), (102, 2, 74), (103, 4, 91), (104, 0, 103), (105, 7, 103), (106, 5, 113), (107, 7, 111), (108, 2, 112), (109, 6, 90), (110, 1, 107), (111, 4, 83), (112, 3, 100), (113, 4, 106), (114, 0, 111), (115, 0, 122), (116, 0, 130), (117, 3, 105), (118, 4, 117), (119, 3, 116), (120, 6, 138), (121, 3, 144)];0;0.5046861171722412;145;2.835017286663004;7.422811701559334;6.106341403167568;{'threshold': 0.5}
Sensitivity analysis transitions time model (param q);TR40;./Data/PrecedenceGraphs/parsedPSPLib/graph_122_0.txt;./Data/Tasks/normal/tasks_normal_122_0.txt;normal;122;8;600;[(0, 1, 0), (1, 5, 1), (2, 6, 1), (3, 1, 1), (4, 6, 12), (5, 1, 11), (6, 7, 20), (7, 4, 10), (8, 7, 10), (9, 0, 11), (10, 5, 30), (11, 3, 9), (12, 5, 10), (13, 6, 18), (14, 4, 15), (15, 7, 15), (16, 3, 18), (17, 6, 36), (18, 3, 28), (19, 2, 41), (20, 2, 23), (21, 5, 25), (22, 2, 15), (23, 6, 76), (24, 1, 102), (25, 0, 30), (26, 5, 57), (27, 6, 85), (28, 5, 37), (29, 4, 42), (30, 1, 47), (31, 6, 26), (32, 0, 45), (33, 7, 31), (34, 2, 73), (35, 6, 53), (36, 6, 91), (37, 1, 21), (38, 4, 25), (39, 4, 33), (40, 0, 53), (41, 7, 52), (42, 0, 63), (43, 5, 16), (44, 4, 58), (45, 3, 43), (46, 1, 37), (47, 4, 82), (48, 3, 71), (49, 1, 80), (50, 3, 34), (51, 3, 78), (52, 1, 32), (53, 1, 53), (54, 7, 41), (55, 2, 30), (56, 1, 122), (57, 6, 65), (58, 0, 37), (59, 0, 19), (60, 6, 45), (61, 2, 65), (62, 0, 83), (63, 5, 81), (64, 2, 9), (65, 7, 66), (66, 0, 72), (67, 4, 67), (68, 5, 47), (69, 7, 57), (70, 5, 66), (71, 3, 53), (72, 7, 46), (73, 7, 90), (74, 2, 94), (75, 4, 49), (76, 1, 72), (77, 5, 91), (78, 2, 82), (79, 2, 50), (80, 5, 73), (81, 4, 92), (82, 2, 35), (83, 1, 87), (84, 6, 119), (85, 6, 99), (86, 1, 96), (87, 1, 64), (88, 2, 56), (89, 2, 103), (90, 7, 96), (91, 6, 110), (92, 4, 74), (93, 4, 103), (94, 0, 108), (95, 3, 83), (96, 7, 80), (97, 5, 102), (98, 0, 90), (99, 7, 114), (100, 3, 111), (101, 7, 106), (102, 0, 97), (103, 3, 61), (104, 5, 110), (105, 7, 72), (106, 2, 113), (107, 4, 125), (108, 0, 121), (109, 3, 91), (110, 3, 117), (111, 3, 102), (112, 0, 114), (113, 1, 111), (114, 5, 118), (115, 3, 122), (116, 3, 130), (117, 4, 114), (118, 2, 126), (119, 5, 123), (120, 4, 138), (121, 5, 144)];0;0.8605518341064453;145;1.9494934278414922;6.147072958366227;6.147072958366227;{'threshold': 0.4}
Sensitivity analysis transitions time model (param q);TR45;./Data/PrecedenceGraphs/parsedPSPLib/graph_122_0.txt;./Data/Tasks/normal/tasks_normal_122_0.txt;normal;122;8;600;[(0, 1, 0), (1, 5, 1), (2, 3, 1), (3, 5, 10), (4, 0, 11), (5, 2, 11), (6, 7, 20), (7, 0, 19), (8, 5, 19), (9, 7, 11), (10, 3, 30), (11, 3, 12), (12, 2, 20), (13, 3, 21), (14, 2, 26), (15, 2, 91), (16, 6, 20), (17, 2, 36), (18, 4, 88), (19, 6, 55), (20, 1, 20), (21, 5, 36), (22, 1, 27), (23, 7, 91), (24, 4, 99), (25, 1, 54), (26, 6, 99), (27, 5, 110), (28, 7, 34), (29, 6, 47), (30, 4, 43), (31, 1, 34), (32, 1, 45), (33, 6, 31), (34, 0, 36), (35, 0, 53), (36, 6, 116), (37, 4, 20), (38, 3, 37), (39, 5, 45), (40, 0, 88), (41, 5, 64), (42, 1, 63), (43, 0, 26), (44, 2, 56), (45, 5, 54), (46, 3, 56), (47, 2, 46), (48, 4, 71), (49, 3, 80), (50, 4, 31), (51, 5, 78), (52, 0, 64), (53, 3, 69), (54, 7, 43), (55, 6, 41), (56, 1, 133), (57, 7, 81), (58, 7, 48), (59, 5, 24), (60, 6, 92), (61, 4, 49), (62, 5, 83), (63, 1, 118), (64, 1, 9), (65, 4, 108), (66, 4, 57), (67, 0, 99), (68, 5, 90), (69, 4, 79), (70, 2, 65), (71, 5, 69), (72, 0, 45), (73, 3, 90), (74, 0, 81), (75, 7, 63), (76, 1, 82), (77, 1, 72), (78, 0, 70), (79, 7, 55), (80, 6, 74), (81, 6, 82), (82, 3, 105), (83, 1, 101), (84, 0, 107), (85, 1, 90), (86, 7, 99), (87, 3, 111), (88, 7, 72), (89, 4, 118), (90, 2, 96), (91, 7, 116), (92, 2, 113), (93, 7, 105), (94, 6, 108), (95, 3, 48), (96, 6, 64), (97, 1, 111), (98, 2, 71), (99, 0, 130), (100, 2, 126), (101, 2, 106), (102, 2, 81), (103, 3, 118), (104, 5, 117), (105, 7, 124), (106, 0, 113), (107, 3, 126), (108, 2, 132), (109, 5, 100), (110, 7, 132), (111, 3, 97), (112, 2, 121), (113, 6, 124), (114, 1, 128), (115, 0, 122), (116, 4, 130), (117, 5, 125), (118, 5, 137), (119, 3, 134), (120, 0, 138), (121, 2, 144)];0;1.0028176307678223;145;1.5979882595681292;7.946204412503244;7.946204412503244;{'threshold': 0.45}
Sensitivity analysis transitions time model (param q);TR50;./Data/PrecedenceGraphs/parsedPSPLib/graph_122_0.txt;./Data/Tasks/normal/tasks_normal_122_0.txt;normal;122;8;600;[(0, 3, 0), (1, 1, 1), (2, 5, 1), (3, 3, 1), (4, 5, 11), (5, 3, 11), (6, 3, 20), (7, 0, 10), (8, 6, 10), (9, 7, 11), (10, 3, 30), (11, 2, 9), (12, 1, 10), (13, 2, 17), (14, 6, 15), (15, 5, 16), (16, 7, 18), (17, 4, 36), (18, 3, 63), (19, 6, 41), (20, 6, 35), (21, 6, 25), (22, 4, 15), (23, 5, 70), (24, 7, 89), (25, 2, 42), (26, 3, 78), (27, 0, 76), (28, 4, 22), (29, 5, 36), (30, 5, 31), (31, 1, 25), (32, 4, 45), (33, 0, 25), (34, 1, 35), (35, 3, 53), (36, 3, 99), (37, 5, 21), (38, 2, 25), (39, 2, 33), (40, 0, 66), (41, 6, 49), (42, 6, 63), (43, 1, 16), (44, 5, 53), (45, 5, 43), (46, 3, 43), (47, 1, 43), (48, 6, 71), (49, 5, 78), (50, 7, 28), (51, 6, 78), (52, 4, 31), (53, 1, 69), (54, 0, 34), (55, 6, 30), (56, 6, 111), (57, 3, 69), (58, 7, 36), (59, 0, 15), (60, 2, 61), (61, 0, 39), (62, 6, 83), (63, 4, 102), (64, 4, 9), (65, 5, 84), (66, 0, 46), (67, 7, 82), (68, 7, 65), (69, 5, 61), (70, 4, 62), (71, 1, 52), (72, 2, 48), (73, 5, 90), (74, 2, 54), (75, 1, 60), (76, 7, 75), (77, 7, 56), (78, 0, 56), (79, 7, 43), (80, 2, 68), (81, 4, 68), (82, 1, 86), (83, 2, 85), (84, 0, 100), (85, 0, 82), (86, 4, 96), (87, 1, 79), (88, 4, 53), (89, 1, 92), (90, 5, 96), (91, 2, 94), (92, 0, 92), (93, 6, 90), (94, 3, 86), (95, 3, 36), (96, 6, 54), (97, 7, 97), (98, 7, 49), (99, 3, 107), (100, 6, 100), (101, 0, 106), (102, 2, 75), (103, 3, 91), (104, 2, 102), (105, 7, 104), (106, 0, 113), (107, 4, 112), (108, 7, 112), (109, 4, 86), (110, 6, 106), (111, 4, 78), (112, 1, 100), (113, 1, 105), (114, 2, 110), (115, 6, 122), (116, 2, 130), (117, 5, 106), (118, 2, 117), (119, 5, 115), (120, 6, 138), (121, 3, 144)];0;0.5031757354736328;145;3.1078886089484623;9.05700593763281;7.389553278850729;{'threshold': 0.5}
Sensitivity analysis transitions time model (param q);TR55;./Data/PrecedenceGraphs/parsedPSPLib/graph_122_0.txt;./Data/Tasks/normal/tasks_normal_122_0.txt;normal;122;8;600;[(0, 3, 0), (1, 1, 1), (2, 5, 1), (3, 3, 1), (4, 5, 11), (5, 3, 11), (6, 3, 20), (7, 0, 10), (8, 6, 10), (9, 7, 11), (10, 3, 30), (11, 2, 9), (12, 1, 10), (13, 2, 17), (14, 6, 15), (15, 7, 65), (16, 7, 18), (17, 4, 36), (18, 6, 69), (19, 2, 42), (20, 6, 35), (21, 5, 25), (22, 4, 15), (23, 5, 67), (24, 5, 88), (25, 1, 16), (26, 0, 83), (27, 5, 75), (28, 4, 22), (29, 3, 36), (30, 4, 31), (31, 6, 25), (32, 5, 45), (33, 0, 25), (34, 1, 22), (35, 3, 53), (36, 0, 99), (37, 5, 30), (38, 2, 25), (39, 2, 33), (40, 2, 76), (41, 7, 43), (42, 3, 63), (43, 5, 16), (44, 5, 53), (45, 7, 48), (46, 3, 43), (47, 6, 41), (48, 3, 71), (49, 1, 80), (50, 7, 28), (51, 3, 78), (52, 5, 40), (53, 6, 59), (54, 0, 34), (55, 1, 30), (56, 7, 110), (57, 1, 64), (58, 1, 35), (59, 0, 15), (60, 4, 60), (61, 0, 39), (62, 6, 83), (63, 1, 100), (64, 4, 9), (65, 3, 83), (66, 0, 46), (67, 5, 81), (68, 7, 70), (69, 2, 67), (70, 5, 61), (71, 2, 50), (72, 4, 45), (73, 7, 90), (74, 7, 58), (75, 2, 58), (76, 1, 73), (77, 1, 55), (78, 0, 56), (79, 1, 42), (80, 4, 67), (81, 0, 66), (82, 1, 86), (83, 4, 84), (84, 6, 100), (85, 7, 80), (86, 7, 96), (87, 0, 76), (88, 6, 50), (89, 1, 92), (90, 5, 96), (91, 4, 93), (92, 0, 91), (93, 6, 90), (94, 2, 86), (95, 7, 36), (96, 4, 51), (97, 3, 99), (98, 1, 48), (99, 4, 107), (100, 4, 101), (101, 3, 106), (102, 4, 74), (103, 2, 91), (104, 7, 102), (105, 2, 104), (106, 3, 113), (107, 2, 112), (108, 0, 112), (109, 3, 89), (110, 0, 107), (111, 6, 75), (112, 2, 99), (113, 5, 106), (114, 1, 110), (115, 6, 122), (116, 2, 130), (117, 6, 106), (118, 4, 117), (119, 5, 116), (120, 6, 138), (121, 3, 144)];0;0.5119609832763672;145;3.0590236656643377;8.457462551989229;7.63252888937141;{'threshold': 0.55}
Sensitivity analysis transitions time model (param q);TR60;./Data/PrecedenceGraphs/parsedPSPLib/graph_122_0.txt;./Data/Tasks/normal/tasks_normal_122_0.txt;normal;122;8;600;[(0, 6, 0), (1, 4, 1), (2, 7, 1), (3, 2, 1), (4, 7, 11), (5, 5, 11), (6, 5, 20), (7, 4, 10), (8, 1, 10), (9, 2, 11), (10, 5, 30), (11, 0, 9), (12, 6, 10), (13, 0, 17), (14, 1, 15), (15, 0, 65), (16, 2, 18), (17, 2, 36), (18, 0, 70), (19, 1, 42), (20, 0, 35), (21, 0, 25), (22, 3, 15), (23, 3, 65), (24, 7, 89), (25, 6, 16), (26, 0, 76), (27, 7, 76), (28, 3, 22), (29, 5, 36), (30, 6, 32), (31, 1, 25), (32, 2, 45), (33, 7, 25), (34, 3, 31), (35, 5, 53), (36, 3, 92), (37, 6, 22), (38, 4, 25), (39, 4, 33), (40, 6, 73), (41, 3, 44), (42, 4, 63), (43, 7, 16), (44, 2, 53), (45, 6, 44), (46, 5, 43), (47, 0, 41), (48, 4, 71), (49, 3, 80), (50, 2, 28), (51, 4, 78), (52, 3, 39), (53, 6, 63), (54, 7, 34), (55, 0, 30), (56, 1, 112), (57, 1, 59), (58, 1, 35), (59, 4, 15), (60, 5, 63), (61, 7, 39), (62, 6, 83), (63, 2, 102), (64, 3, 9), (65, 0, 84), (66, 7, 46), (67, 1, 77), (68, 5, 70), (69, 1, 68), (70, 2, 61), (71, 0, 50), (72, 4, 48), (73, 5, 90), (74, 0, 58), (75, 6, 54), (76, 3, 73), (77, 3, 56), (78, 7, 56), (79, 4, 42), (80, 2, 67), (81, 7, 66), (82, 3, 86), (83, 1, 84), (84, 6, 100), (85, 5, 80), (86, 7, 97), (87, 7, 82), (88, 1, 50), (89, 1, 93), (90, 5, 96), (91, 0, 95), (92, 2, 94), (93, 2, 84), (94, 0, 90), (95, 6, 37), (96, 4, 54), (97, 4, 99), (98, 3, 49), (99, 6, 106), (100, 1, 101), (101, 5, 106), (102, 2, 74), (103, 4, 91), (104, 0, 103), (105, 7, 103), (106, 5, 113), (107, 7, 111), (108, 2, 112), (109, 6, 90), (110, 1, 107), (111, 4, 83), (112, 3, 100), (113, 4, 106), (114, 0, 111), (115, 0, 122), (116, 0, 130), (117, 3, 105), (118, 4, 117), (119, 3, 116), (120, 6, 138), (121, 3, 144)];0;0.48407912254333496;145;2.835017286663004;7.422811701559334;6.106341403167568;{'threshold': 0.6}
Obj. F. analysis SAA model (RM);STr;./Data/PrecedenceGraphs/parsedPSPLib/graph_122_0.txt;./Data/Tasks/normal/tasks_normal_122_0.txt;normal;122;8;600;[(0, 6, 0), (1, 2, 1), (2, 1, 1), (3, 6, 1), (4, 2, 11), (5, 4, 11), (6, 4, 20), (7, 6, 10), (8, 5, 10), (9, 1, 11), (10, 4, 30), (11, 0, 9), (12, 3, 10), (13, 0, 17), (14, 7, 15), (15, 7, 66), (16, 1, 18), (17, 4, 36), (18, 2, 70), (19, 7, 41), (20, 7, 35), (21, 7, 25), (22, 6, 15), (23, 3, 58), (24, 3, 85), (25, 2, 16), (26, 5, 76), (27, 1, 81), (28, 6, 22), (29, 6, 36), (30, 6, 31), (31, 3, 25), (32, 4, 45), (33, 0, 25), (34, 2, 32), (35, 4, 53), (36, 3, 93), (37, 2, 22), (38, 5, 25), (39, 5, 33), (40, 0, 76), (41, 6, 43), (42, 4, 63), (43, 3, 16), (44, 1, 53), (45, 3, 48), (46, 1, 43), (47, 5, 42), (48, 4, 71), (49, 7, 78), (50, 1, 28), (51, 4, 78), (52, 2, 40), (53, 2, 60), (54, 0, 34), (55, 7, 30), (56, 5, 114), (57, 3, 66), (58, 3, 35), (59, 5, 15), (60, 5, 60), (61, 0, 39), (62, 4, 83), (63, 2, 102), (64, 7, 9), (65, 5, 84), (66, 0, 46), (67, 1, 74), (68, 6, 71), (69, 5, 67), (70, 1, 61), (71, 7, 49), (72, 2, 45), (73, 4, 90), (74, 6, 55), (75, 6, 62), (76, 7, 71), (77, 7, 57), (78, 0, 56), (79, 3, 42), (80, 1, 67), (81, 0, 66), (82, 1, 87), (83, 7, 84), (84, 1, 101), (85, 2, 84), (86, 0, 96), (87, 6, 81), (88, 5, 51), (89, 1, 93), (90, 4, 96), (91, 2, 94), (92, 5, 95), (93, 0, 86), (94, 5, 90), (95, 1, 36), (96, 2, 51), (97, 6, 98), (98, 6, 48), (99, 1, 107), (100, 5, 103), (101, 4, 106), (102, 3, 75), (103, 7, 93), (104, 0, 102), (105, 7, 101), (106, 4, 113), (107, 7, 109), (108, 2, 112), (109, 6, 88), (110, 5, 109), (111, 2, 76), (112, 3, 101), (113, 6, 105), (114, 0, 110), (115, 4, 122), (116, 4, 130), (117, 3, 106), (118, 2, 117), (119, 3, 115), (120, 4, 138), (121, 6, 144)];0;61.68823289871216;145;2.069630850715339;5.921888841831898;2.9487394475450004;{'N': 30, 'obj': 'avg_rm'}
Obj. F. analysis SAA model (S1);STs1;./Data/PrecedenceGraphs/parsedPSPLib/graph_122_0.txt;./Data/Tasks/normal/tasks_normal_122_0.txt;normal;122;8;600;[(0, 0, 0), (1, 3, 1), (2, 4, 1), (3, 1, 1), (4, 1, 11), (5, 5, 11), (6, 0, 20), (7, 3, 10), (8, 0, 10), (9, 6, 11), (10, 1, 30), (11, 4, 11), (12, 2, 10), (13, 2, 19), (14, 4, 19), (15, 6, 18), (16, 6, 23), (17, 0, 36), (18, 2, 60), (19, 1, 19), (20, 5, 20), (21, 7, 29), (22, 3, 15), (23, 0, 53), (24, 2, 92), (25, 5, 26), (26, 4, 97), (27, 4, 91), (28, 5, 40), (29, 1, 36), (30, 2, 66), (31, 2, 45), (32, 0, 45), (33, 2, 27), (34, 5, 32), (35, 3, 53), (36, 2, 109), (37, 3, 31), (38, 4, 29), (39, 3, 41), (40, 3, 100), (41, 2, 55), (42, 5, 63), (43, 3, 22), (44, 2, 71), (45, 4, 37), (46, 7, 56), (47, 3, 63), (48, 5, 71), (49, 1, 88), (50, 6, 33), (51, 5, 78), (52, 0, 30), (53, 7, 39), (54, 6, 41), (55, 7, 34), (56, 5, 89), (57, 3, 72), (58, 1, 43), (59, 7, 15), (60, 7, 49), (61, 6, 46), (62, 3, 83), (63, 3, 90), (64, 7, 9), (65, 5, 83), (66, 6, 53), (67, 3, 110), (68, 6, 73), (69, 4, 71), (70, 2, 79), (71, 5, 49), (72, 4, 47), (73, 7, 90), (74, 0, 61), (75, 4, 53), (76, 7, 71), (77, 1, 94), (78, 6, 63), (79, 1, 50), (80, 2, 85), (81, 1, 78), (82, 3, 117), (83, 2, 100), (84, 4, 105), (85, 7, 78), (86, 5, 96), (87, 1, 56), (88, 4, 62), (89, 4, 118), (90, 7, 96), (91, 0, 100), (92, 1, 117), (93, 0, 85), (94, 0, 95), (95, 1, 71), (96, 2, 36), (97, 6, 112), (98, 0, 78), (99, 5, 130), (100, 1, 103), (101, 7, 106), (102, 6, 92), (103, 4, 83), (104, 1, 109), (105, 6, 119), (106, 7, 113), (107, 4, 111), (108, 0, 127), (109, 6, 102), (110, 5, 109), (111, 0, 108), (112, 2, 117), (113, 5, 119), (114, 3, 123), (115, 7, 122), (116, 1, 130), (117, 2, 123), (118, 5, 137), (119, 6, 134), (120, 2, 138), (121, 7, 144)];0;601.5588998794556;145;1.8136968978615724;5.514861653200767;5.514861653200767;{'N': 30, 'obj': 'avg_exp_ovp'}
Obj. F. analysis SAA model (S2);STs2;./Data/PrecedenceGraphs/parsedPSPLib/graph_122_0.txt;./Data/Tasks/normal/tasks_normal_122_0.txt;normal;122;8;600;[(0, 0, 0), (1, 0, 1), (2, 2, 1), (3, 1, 1), (4, 5, 14), (5, 2, 11), (6, 2, 20), (7, 7, 10), (8, 4, 10), (9, 3, 11), (10, 2, 30), (11, 0, 9), (12, 1, 10), (13, 6, 31), (14, 3, 18), (15, 0, 17), (16, 4, 25), (17, 2, 36), (18, 4, 79), (19, 4, 17), (20, 0, 22), (21, 3, 28), (22, 1, 16), (23, 2, 91), (24, 2, 108), (25, 5, 19), (26, 6, 80), (27, 7, 90), (28, 1, 23), (29, 5, 34), (30, 1, 32), (31, 7, 39), (32, 2, 45), (33, 6, 39), (34, 6, 23), (35, 7, 53), (36, 2, 100), (37, 7, 25), (38, 0, 28), (39, 6, 71), (40, 6, 88), (41, 5, 41), (42, 7, 63), (43, 5, 25), (44, 2, 53), (45, 3, 45), (46, 5, 55), (47, 0, 57), (48, 7, 71), (49, 3, 78), (50, 4, 35), (51, 7, 78), (52, 6, 18), (53, 4, 60), (54, 6, 48), (55, 3, 33), (56, 5, 65), (57, 4, 70), (58, 4, 43), (59, 7, 15), (60, 1, 51), (61, 4, 53), (62, 0, 83), (63, 3, 64), (64, 5, 9), (65, 3, 39), (66, 6, 61), (67, 0, 90), (68, 1, 58), (69, 0, 97), (70, 2, 61), (71, 0, 36), (72, 0, 45), (73, 3, 90), (74, 6, 53), (75, 2, 74), (76, 1, 77), (77, 1, 68), (78, 5, 71), (79, 0, 51), (80, 2, 67), (81, 5, 81), (82, 2, 85), (83, 3, 55), (84, 6, 116), (85, 5, 91), (86, 6, 106), (87, 7, 83), (88, 0, 66), (89, 5, 111), (90, 3, 96), (91, 3, 113), (92, 0, 106), (93, 7, 102), (94, 4, 107), (95, 1, 37), (96, 5, 46), (97, 7, 112), (98, 1, 44), (99, 3, 122), (100, 0, 117), (101, 3, 106), (102, 4, 85), (103, 1, 95), (104, 4, 113), (105, 6, 98), (106, 1, 113), (107, 6, 123), (108, 5, 106), (109, 1, 85), (110, 4, 123), (111, 4, 95), (112, 7, 97), (113, 5, 120), (114, 7, 121), (115, 1, 122), (116, 3, 130), (117, 2, 117), (118, 4, 130), (119, 5, 130), (120, 0, 138), (121, 7, 144)];0;130.0538272857666;145;1.8418307331106818;3.970233442766007;3.970233442766007;{'N': 30, 'obj': 'max_exp_ovp'}
Obj. F. analysis SAA model (additional Obj F 1);STmR;./Data/PrecedenceGraphs/parsedPSPLib/graph_122_0.txt;./Data/Tasks/normal/tasks_normal_122_0.txt;normal;122;8;600;[(0, 0, 0), (1, 6, 1), (2, 0, 1), (3, 3, 1), (4, 1, 11), (5, 0, 11), (6, 0, 20), (7, 7, 10), (8, 2, 10), (9, 4, 11), (10, 0, 30), (11, 6, 9), (12, 3, 10), (13, 6, 17), (14, 7, 15), (15, 6, 64), (16, 4, 18), (17, 4, 36), (18, 1, 69), (19, 3, 39), (20, 2, 35), (21, 6, 25), (22, 5, 15), (23, 5, 66), (24, 6, 85), (25, 3, 16), (26, 2, 77), (27, 7, 76), (28, 3, 22), (29, 0, 36), (30, 5, 32), (31, 2, 25), (32, 4, 45), (33, 7, 25), (34, 3, 31), (35, 4, 53), (36, 2, 95), (37, 5, 22), (38, 1, 25), (39, 1, 33), (40, 3, 74), (41, 5, 44), (42, 4, 63), (43, 1, 16), (44, 0, 53), (45, 3, 47), (46, 0, 43), (47, 2, 41), (48, 4, 71), (49, 6, 79), (50, 4, 28), (51, 4, 78), (52, 1, 42), (53, 3, 64), (54, 7, 34), (55, 6, 30), (56, 6, 114), (57, 2, 59), (58, 6, 35), (59, 2, 15), (60, 1, 62), (61, 7, 39), (62, 1, 83), (63, 2, 103), (64, 5, 9), (65, 0, 84), (66, 7, 46), (67, 5, 81), (68, 6, 69), (69, 2, 68), (70, 0, 61), (71, 5, 49), (72, 1, 47), (73, 4, 90), (74, 3, 57), (75, 5, 57), (76, 5, 74), (77, 6, 55), (78, 7, 56), (79, 6, 42), (80, 0, 67), (81, 7, 66), (82, 0, 90), (83, 3, 84), (84, 3, 101), (85, 7, 82), (86, 0, 96), (87, 4, 83), (88, 1, 53), (89, 3, 93), (90, 4, 96), (91, 1, 95), (92, 6, 93), (93, 2, 85), (94, 1, 90), (95, 5, 37), (96, 2, 50), (97, 5, 98), (98, 6, 48), (99, 3, 107), (100, 1, 103), (101, 4, 106), (102, 0, 74), (103, 7, 92), (104, 0, 102), (105, 6, 101), (106, 2, 113), (107, 1, 109), (108, 4, 113), (109, 5, 88), (110, 6, 109), (111, 1, 75), (112, 7, 100), (113, 7, 105), (114, 0, 110), (115, 5, 122), (116, 5, 130), (117, 5, 105), (118, 4, 118), (119, 0, 115), (120, 4, 138), (121, 2, 144)];0;28.834173917770386;145;2.560275899479207;7.46499452675929;5.4962147731289726;{'N': 30, 'obj': 'max_rm'}
Obj. F. analysis SAA model (additional Obj F 2);STmS;./Data/PrecedenceGraphs/parsedPSPLib/graph_122_0.txt;./Data/Tasks/normal/tasks_normal_122_0.txt;normal;122;8;600;[(0, 3, 0), (1, 6, 1), (2, 3, 1), (3, 4, 1), (4, 7, 11), (5, 3, 11), (6, 3, 20), (7, 5, 10), (8, 0, 10), (9, 2, 11), (10, 3, 30), (11, 4, 10), (12, 6, 10), (13, 2, 18), (14, 4, 18), (15, 5, 83), (16, 5, 18), (17, 7, 36), (18, 4, 84), (19, 1, 18), (20, 6, 33), (21, 4, 28), (22, 6, 16), (23, 3, 63), (24, 1, 83), (25, 4, 45), (26, 5, 88), (27, 2, 96), (28, 1, 26), (29, 2, 35), (30, 1, 35), (31, 0, 26), (32, 5, 45), (33, 2, 26), (34, 5, 36), (35, 5, 53), (36, 0, 104), (37, 6, 23), (38, 7, 28), (39, 4, 36), (40, 7, 82), (41, 2, 49), (42, 5, 63), (43, 7, 16), (44, 2, 55), (45, 6, 39), (46, 3, 41), (47, 1, 47), (48, 5, 71), (49, 2, 80), (50, 5, 28), (51, 5, 78), (52, 3, 51), (53, 7, 56), (54, 3, 36), (55, 0, 36), (56, 2, 122), (57, 6, 68), (58, 0, 41), (59, 0, 15), (60, 0, 67), (61, 2, 42), (62, 3, 83), (63, 5, 103), (64, 1, 9), (65, 6, 99), (66, 4, 51), (67, 7, 92), (68, 7, 72), (69, 3, 71), (70, 7, 66), (71, 6, 49), (72, 0, 48), (73, 3, 90), (74, 2, 65), (75, 1, 65), (76, 2, 73), (77, 0, 56), (78, 4, 61), (79, 7, 48), (80, 1, 74), (81, 0, 74), (82, 4, 98), (83, 6, 90), (84, 0, 112), (85, 6, 80), (86, 5, 97), (87, 4, 90), (88, 6, 59), (89, 7, 108), (90, 3, 96), (91, 2, 103), (92, 1, 106), (93, 1, 91), (94, 1, 101), (95, 1, 40), (96, 1, 56), (97, 0, 96), (98, 3, 56), (99, 5, 118), (100, 3, 114), (101, 6, 106), (102, 0, 84), (103, 7, 100), (104, 4, 104), (105, 3, 106), (106, 6, 113), (107, 4, 122), (108, 7, 117), (109, 2, 86), (110, 7, 122), (111, 4, 74), (112, 1, 114), (113, 4, 112), (114, 5, 113), (115, 6, 122), (116, 3, 130), (117, 2, 112), (118, 6, 130), (119, 0, 122), (120, 1, 138), (121, 1, 144)];0;58.832205057144165;145;1.907385082256577;4.40248715214927;4.069523315929818;{'N': 30, 'obj': 'max_max_ovp'}
Obj. F. analysis Model With Bounded Makespan (RM);MBr;./Data/PrecedenceGraphs/parsedPSPLib/graph_122_0.txt;./Data/Tasks/normal/tasks_normal_122_0.txt;normal;122;8;600;[(0, 0, 0), (1, 2, 1), (2, 6, 1), (3, 1, 1), (4, 4, 11), (5, 1, 11), (6, 1, 20), (7, 7, 10), (8, 0, 10), (9, 6, 11), (10, 1, 30), (11, 3, 9), (12, 2, 10), (13, 3, 17), (14, 5, 15), (15, 0, 65), (16, 6, 18), (17, 6, 36), (18, 0, 70), (19, 5, 41), (20, 5, 35), (21, 3, 25), (22, 0, 15), (23, 7, 66), (24, 5, 85), (25, 4, 16), (26, 0, 76), (27, 1, 80), (28, 4, 22), (29, 4, 36), (30, 4, 31), (31, 5, 25), (32, 6, 45), (33, 2, 25), (34, 0, 22), (35, 6, 53), (36, 5, 93), (37, 3, 30), (38, 7, 25), (39, 7, 33), (40, 2, 77), (41, 4, 43), (42, 6, 63), (43, 2, 16), (44, 1, 53), (45, 0, 48), (46, 1, 43), (47, 3, 40), (48, 6, 71), (49, 4, 78), (50, 6, 28), (51, 6, 78), (52, 7, 42), (53, 5, 58), (54, 2, 34), (55, 0, 30), (56, 2, 114), (57, 1, 61), (58, 0, 35), (59, 7, 15), (60, 4, 64), (61, 2, 39), (62, 6, 83), (63, 0, 101), (64, 5, 9), (65, 4, 84), (66, 7, 47), (67, 3, 84), (68, 1, 70), (69, 5, 68), (70, 2, 61), (71, 3, 49), (72, 2, 46), (73, 6, 90), (74, 0, 58), (75, 7, 57), (76, 4, 71), (77, 4, 55), (78, 3, 57), (79, 0, 42), (80, 3, 67), (81, 2, 67), (82, 1, 86), (83, 0, 84), (84, 1, 100), (85, 7, 81), (86, 3, 96), (87, 7, 74), (88, 5, 49), (89, 4, 100), (90, 6, 96), (91, 0, 93), (92, 1, 92), (93, 4, 90), (94, 3, 91), (95, 1, 36), (96, 2, 52), (97, 2, 97), (98, 4, 48), (99, 4, 108), (100, 7, 104), (101, 6, 106), (102, 3, 74), (103, 7, 91), (104, 3, 102), (105, 5, 101), (106, 6, 113), (107, 5, 109), (108, 0, 111), (109, 2, 87), (110, 3, 110), (111, 5, 77), (112, 7, 99), (113, 2, 104), (114, 7, 110), (115, 4, 122), (116, 2, 130), (117, 1, 106), (118, 0, 116), (119, 1, 115), (120, 7, 138), (121, 6, 149)];0;54.5242702960968;150;2.7579514055328294;7.993766716213255;0.6987255389098136;{'N': 30, 'makespan_delta': 5, 'first_runner': <function run_cp_simp at 0x0000020415A904A0>, 'first_runner_params': {}, 'first_time_limit': 60, 'obj': 'avg_rm'}
Obj. F. analysis Model With Bounded Makespan (S1);MBs1;./Data/PrecedenceGraphs/parsedPSPLib/graph_122_0.txt;./Data/Tasks/normal/tasks_normal_122_0.txt;normal;122;8;600;[(0, 0, 0), (1, 7, 1), (2, 5, 1), (3, 6, 1), (4, 6, 11), (5, 0, 11), (6, 0, 20), (7, 1, 10), (8, 3, 10), (9, 5, 11), (10, 0, 30), (11, 7, 9), (12, 4, 10), (13, 5, 18), (14, 1, 15), (15, 4, 61), (16, 7, 17), (17, 5, 37), (18, 7, 64), (19, 3, 17), (20, 4, 35), (21, 3, 25), (22, 2, 15), (23, 2, 39), (24, 1, 64), (25, 1, 33), (26, 6, 35), (27, 5, 87), (28, 2, 22), (29, 1, 39), (30, 0, 46), (31, 5, 27), (32, 7, 46), (33, 7, 27), (34, 2, 31), (35, 7, 54), (36, 2, 117), (37, 4, 25), (38, 1, 25), (39, 7, 36), (40, 6, 91), (41, 6, 67), (42, 3, 68), (43, 4, 16), (44, 0, 57), (45, 4, 42), (46, 0, 36), (47, 2, 48), (48, 7, 76), (49, 2, 86), (50, 6, 27), (51, 7, 83), (52, 2, 57), (53, 2, 63), (54, 3, 36), (55, 3, 30), (56, 0, 52), (57, 3, 59), (58, 6, 52), (59, 6, 16), (60, 5, 55), (61, 3, 41), (62, 7, 88), (63, 2, 92), (64, 2, 9), (65, 1, 72), (66, 3, 49), (67, 4, 66), (68, 6, 81), (69, 4, 52), (70, 0, 65), (71, 6, 59), (72, 6, 46), (73, 7, 95), (74, 4, 73), (75, 1, 48), (76, 3, 76), (77, 6, 72), (78, 5, 62), (79, 5, 72), (80, 0, 71), (81, 1, 84), (82, 2, 80), (83, 5, 78), (84, 3, 91), (85, 0, 95), (86, 3, 109), (87, 2, 73), (88, 4, 80), (89, 5, 98), (90, 7, 101), (91, 0, 105), (92, 3, 83), (93, 1, 109), (94, 5, 107), (95, 1, 57), (96, 5, 46), (97, 4, 101), (98, 0, 78), (99, 5, 125), (100, 6, 101), (101, 7, 111), (102, 0, 85), (103, 3, 101), (104, 3, 116), (105, 2, 103), (106, 7, 118), (107, 5, 113), (108, 1, 121), (109, 1, 97), (110, 6, 112), (111, 4, 89), (112, 4, 123), (113, 4, 108), (114, 6, 125), (115, 3, 127), (116, 2, 135), (117, 0, 123), (118, 6, 133), (119, 4, 133), (120, 7, 143), (121, 2, 149)];53.8348;601.5292861461639;150;1.1709165688151253;3.0346256141109667;3.0346256141109667;{'N': 30, 'makespan_delta': 5, 'first_runner': <function run_cp_simp at 0x0000020415A904A0>, 'first_runner_params': {}, 'first_time_limit': 60, 'obj': 'avg_exp_ovp'}
Obj. F. analysis Model With Bounded Makespan (S2);MBs2;./Data/PrecedenceGraphs/parsedPSPLib/graph_122_0.txt;./Data/Tasks/normal/tasks_normal_122_0.txt;normal;122;8;600;[(0, 7, 0), (1, 5, 1), (2, 2, 1), (3, 1, 1), (4, 6, 11), (5, 4, 11), (6, 2, 20), (7, 2, 11), (8, 5, 10), (9, 3, 11), (10, 2, 30), (11, 1, 10), (12, 0, 10), (13, 0, 18), (14, 4, 20), (15, 3, 18), (16, 6, 23), (17, 2, 36), (18, 7, 90), (19, 4, 30), (20, 6, 43), (21, 3, 32), (22, 6, 16), (23, 4, 64), (24, 1, 76), (25, 5, 16), (26, 1, 61), (27, 6, 50), (28, 5, 24), (29, 7, 36), (30, 1, 37), (31, 0, 26), (32, 2, 46), (33, 7, 27), (34, 3, 24), (35, 2, 54), (36, 3, 102), (37, 1, 27), (38, 5, 33), (39, 2, 65), (40, 5, 80), (41, 2, 74), (42, 3, 65), (43, 1, 18), (44, 0, 61), (45, 1, 50), (46, 5, 42), (47, 5, 52), (48, 3, 73), (49, 1, 85), (50, 6, 34), (51, 3, 81), (52, 4, 38), (53, 7, 71), (54, 0, 36), (55, 3, 37), (56, 0, 80), (57, 0, 69), (58, 4, 43), (59, 7, 16), (60, 4, 57), (61, 1, 42), (62, 3, 86), (63, 6, 56), (64, 7, 9), (65, 3, 42), (66, 3, 50), (67, 1, 69), (68, 0, 51), (69, 6, 96), (70, 4, 73), (71, 7, 44), (72, 7, 52), (73, 5, 93), (74, 7, 82), (75, 5, 71), (76, 2, 79), (77, 5, 61), (78, 6, 66), (79, 7, 58), (80, 4, 79), (81, 6, 77), (82, 2, 107), (83, 3, 93), (84, 7, 111), (85, 2, 87), (86, 6, 105), (87, 7, 104), (88, 6, 87), (89, 7, 117), (90, 0, 99), (91, 2, 113), (92, 4, 97), (93, 4, 87), (94, 4, 106), (95, 4, 50), (96, 0, 41), (97, 5, 108), (98, 7, 64), (99, 2, 129), (100, 6, 111), (101, 0, 109), (102, 1, 91), (103, 5, 99), (104, 1, 113), (105, 2, 121), (106, 3, 117), (107, 6, 122), (108, 4, 129), (109, 2, 97), (110, 6, 117), (111, 7, 96), (112, 1, 107), (113, 0, 117), (114, 1, 122), (115, 3, 126), (116, 7, 134), (117, 4, 114), (118, 6, 137), (119, 1, 128), (120, 2, 143), (121, 6, 149)];0;172.55963683128357;150;1.0038179412135957;1.9071742369060432;1.2018785883199683;{'N': 30, 'makespan_delta': 5, 'first_runner': <function run_cp_simp at 0x0000020415A904A0>, 'first_runner_params': {}, 'first_time_limit': 60, 'obj': 'max_exp_ovp'}
Obj. F. analysis Model With Bounded Makespan (additional Obj F 1);MBmR;./Data/PrecedenceGraphs/parsedPSPLib/graph_122_0.txt;./Data/Tasks/normal/tasks_normal_122_0.txt;normal;122;8;600;[(0, 0, 0), (1, 6, 1), (2, 0, 1), (3, 3, 1), (4, 1, 11), (5, 0, 11), (6, 0, 20), (7, 7, 10), (8, 2, 10), (9, 4, 11), (10, 0, 30), (11, 6, 9), (12, 3, 10), (13, 6, 17), (14, 7, 15), (15, 6, 64), (16, 4, 18), (17, 4, 36), (18, 1, 69), (19, 3, 39), (20, 2, 35), (21, 6, 25), (22, 5, 15), (23, 5, 66), (24, 6, 85), (25, 3, 16), (26, 2, 77), (27, 7, 76), (28, 3, 22), (29, 0, 36), (30, 5, 32), (31, 2, 25), (32, 4, 45), (33, 7, 25), (34, 3, 31), (35, 4, 53), (36, 2, 95), (37, 5, 22), (38, 1, 25), (39, 1, 33), (40, 3, 74), (41, 5, 44), (42, 4, 63), (43, 1, 16), (44, 0, 53), (45, 3, 47), (46, 0, 43), (47, 2, 41), (48, 4, 71), (49, 6, 79), (50, 4, 28), (51, 4, 78), (52, 1, 42), (53, 3, 64), (54, 7, 34), (55, 6, 30), (56, 6, 114), (57, 2, 59), (58, 6, 35), (59, 2, 15), (60, 1, 62), (61, 7, 39), (62, 1, 83), (63, 2, 103), (64, 5, 9), (65, 0, 84), (66, 7, 46), (67, 5, 81), (68, 6, 69), (69, 2, 68), (70, 0, 61), (71, 5, 49), (72, 1, 47), (73, 4, 90), (74, 3, 57), (75, 5, 57), (76, 5, 74), (77, 6, 55), (78, 7, 56), (79, 6, 42), (80, 0, 67), (81, 7, 66), (82, 0, 90), (83, 3, 84), (84, 3, 101), (85, 7, 82), (86, 0, 96), (87, 4, 83), (88, 1, 53), (89, 3, 93), (90, 4, 96), (91, 1, 95), (92, 6, 93), (93, 2, 85), (94, 1, 90), (95, 5, 37), (96, 2, 50), (97, 5, 98), (98, 6, 48), (99, 3, 107), (100, 1, 103), (101, 4, 106), (102, 0, 74), (103, 7, 92), (104, 0, 102), (105, 6, 101), (106, 2, 113), (107, 1, 109), (108, 4, 113), (109, 5, 88), (110, 6, 109), (111, 1, 75), (112, 7, 100), (113, 7, 105), (114, 0, 110), (115, 5, 122), (116, 5, 130), (117, 5, 105), (118, 4, 118), (119, 0, 115), (120, 4, 138), (121, 2, 149)];0;20.20986008644104;150;2.5276091781046994;7.46499452675929;1.510874765439047;{'N': 30, 'makespan_delta': 5, 'first_runner': <function run_cp_simp at 0x0000020415A904A0>, 'first_runner_params': {}, 'first_time_limit': 60, 'obj': 'max_rm'}
Obj. F. analysis Model With Bounded Makespan (additional Obj F 2);MBmS;./Data/PrecedenceGraphs/parsedPSPLib/graph_122_0.txt;./Data/Tasks/normal/tasks_normal_122_0.txt;normal;122;8;600;[(0, 7, 0), (1, 4, 1), (2, 1, 1), (3, 2, 1), (4, 4, 11), (5, 5, 11), (6, 5, 20), (7, 0, 10), (8, 3, 10), (9, 6, 11), (10, 5, 30), (11, 2, 10), (12, 1, 11), (13, 2, 18), (14, 1, 17), (15, 4, 76), (16, 6, 18), (17, 1, 36), (18, 4, 81), (19, 7, 18), (20, 3, 36), (21, 2, 27), (22, 4, 16), (23, 1, 68), (24, 5, 96), (25, 1, 52), (26, 4, 87), (27, 5, 90), (28, 0, 25), (29, 4, 41), (30, 5, 36), (31, 4, 26), (32, 7, 45), (33, 1, 27), (34, 2, 32), (35, 7, 53), (36, 6, 101), (37, 3, 26), (38, 7, 27), (39, 7, 35), (40, 6, 82), (41, 3, 49), (42, 3, 63), (43, 3, 17), (44, 5, 56), (45, 2, 42), (46, 5, 41), (47, 0, 40), (48, 0, 72), (49, 7, 79), (50, 6, 28), (51, 0, 79), (52, 5, 51), (53, 6, 56), (54, 4, 36), (55, 0, 34), (56, 6, 121), (57, 2, 62), (58, 6, 39), (59, 0, 15), (60, 5, 74), (61, 3, 42), (62, 3, 84), (63, 7, 111), (64, 7, 9), (65, 1, 97), (66, 2, 52), (67, 1, 89), (68, 3, 72), (69, 6, 66), (70, 7, 64), (71, 4, 61), (72, 4, 48), (73, 3, 93), (74, 4, 69), (75, 0, 61), (76, 6, 75), (77, 1, 58), (78, 5, 64), (79, 1, 46), (80, 7, 70), (81, 2, 74), (82, 7, 96), (83, 6, 92), (84, 6, 109), (85, 0, 84), (86, 1, 103), (87, 2, 85), (88, 0, 52), (89, 4, 105), (90, 3, 100), (91, 5, 104), (92, 4, 97), (93, 2, 92), (94, 0, 96), (95, 6, 46), (96, 3, 54), (97, 2, 102), (98, 4, 54), (99, 4, 113), (100, 6, 115), (101, 3, 110), (102, 1, 78), (103, 7, 102), (104, 0, 111), (105, 0, 103), (106, 3, 117), (107, 1, 115), (108, 2, 121), (109, 7, 86), (110, 7, 121), (111, 5, 81), (112, 1, 109), (113, 5, 112), (114, 5, 122), (115, 1, 126), (116, 3, 134), (117, 2, 111), (118, 2, 127), (119, 7, 127), (120, 4, 142), (121, 7, 149)];0;57.969361305236816;150;1.7649273674082318;3.8271929064530505;1.5392730608501557;{'N': 30, 'makespan_delta': 5, 'first_runner': <function run_cp_simp at 0x0000020415A904A0>, 'first_runner_params': {}, 'first_time_limit': 60, 'obj': 'max_max_ovp'}
Obj. F. analysis Model With Bounded Number of Buffer Times (RM);BBr;./Data/PrecedenceGraphs/parsedPSPLib/graph_122_0.txt;./Data/Tasks/normal/tasks_normal_122_0.txt;normal;122;8;600;[(0, 5, 0), (1, 0, 1), (2, 5, 1), (3, 1, 1), (4, 6, 17), (5, 4, 11), (6, 4, 20), (7, 2, 10), (8, 5, 11), (9, 0, 11), (10, 4, 30), (11, 1, 10), (12, 6, 10), (13, 6, 23), (14, 3, 15), (15, 3, 77), (16, 1, 18), (17, 3, 36), (18, 2, 78), (19, 7, 40), (20, 4, 36), (21, 5, 26), (22, 7, 15), (23, 6, 75), (24, 2, 91), (25, 0, 51), (26, 6, 89), (27, 3, 89), (28, 7, 23), (29, 2, 42), (30, 0, 32), (31, 6, 32), (32, 5, 45), (33, 2, 32), (34, 7, 32), (35, 5, 53), (36, 7, 107), (37, 0, 20), (38, 3, 25), (39, 3, 45), (40, 7, 85), (41, 7, 49), (42, 5, 63), (43, 5, 17), (44, 7, 54), (45, 3, 60), (46, 1, 45), (47, 4, 42), (48, 5, 71), (49, 6, 83), (50, 1, 28), (51, 5, 78), (52, 3, 54), (53, 1, 65), (54, 6, 42), (55, 5, 32), (56, 6, 121), (57, 7, 62), (58, 1, 37), (59, 2, 15), (60, 2, 71), (61, 6, 47), (62, 5, 83), (63, 3, 118), (64, 7, 9), (65, 4, 87), (66, 6, 54), (67, 2, 84), (68, 1, 75), (69, 0, 74), (70, 4, 62), (71, 0, 57), (72, 0, 45), (73, 5, 90), (74, 3, 70), (75, 0, 65), (76, 3, 82), (77, 2, 62), (78, 6, 64), (79, 2, 49), (80, 4, 69), (81, 7, 75), (82, 1, 93), (83, 0, 91), (84, 2, 109), (85, 3, 95), (86, 3, 106), (87, 0, 84), (88, 1, 55), (89, 2, 100), (90, 5, 96), (91, 0, 109), (92, 6, 103), (93, 7, 96), (94, 6, 98), (95, 0, 37), (96, 4, 52), (97, 1, 99), (98, 2, 55), (99, 0, 117), (100, 1, 106), (101, 4, 106), (102, 4, 76), (103, 0, 100), (104, 4, 113), (105, 6, 112), (106, 5, 113), (107, 1, 126), (108, 3, 129), (109, 4, 93), (110, 4, 121), (111, 1, 85), (112, 3, 113), (113, 7, 115), (114, 1, 121), (115, 5, 122), (116, 5, 130), (117, 2, 116), (118, 3, 135), (119, 2, 126), (120, 5, 138), (121, 7, 144)];0;111.0654149055481;145;1.180994462905796;3.282915443417677;3.282915443417677;{'N': 30, 'max_b': 1, 'sum_of_buf': 40, 'obj': 'avg_rm'}
Obj. F. analysis Model With Bounded Number of Buffer Times (S1);BBs1;./Data/PrecedenceGraphs/parsedPSPLib/graph_122_0.txt;./Data/Tasks/normal/tasks_normal_122_0.txt;normal;122;8;600;[(0, 4, 0), (1, 5, 1), (2, 2, 1), (3, 1, 1), (4, 7, 15), (5, 0, 11), (6, 5, 20), (7, 7, 10), (8, 1, 10), (9, 2, 11), (10, 5, 30), (11, 3, 9), (12, 4, 10), (13, 2, 19), (14, 1, 32), (15, 1, 16), (16, 1, 21), (17, 0, 36), (18, 4, 33), (19, 3, 17), (20, 1, 43), (21, 5, 54), (22, 6, 15), (23, 2, 90), (24, 0, 99), (25, 7, 21), (26, 7, 27), (27, 4, 55), (28, 6, 22), (29, 7, 44), (30, 6, 31), (31, 3, 36), (32, 6, 45), (33, 2, 28), (34, 5, 45), (35, 6, 53), (36, 3, 106), (37, 3, 25), (38, 7, 51), (39, 0, 77), (40, 1, 96), (41, 7, 60), (42, 6, 63), (43, 0, 20), (44, 1, 56), (45, 5, 70), (46, 2, 42), (47, 0, 67), (48, 6, 71), (49, 5, 98), (50, 4, 40), (51, 6, 78), (52, 4, 28), (53, 3, 62), (54, 2, 37), (55, 4, 61), (56, 0, 94), (57, 2, 53), (58, 3, 72), (59, 4, 17), (60, 1, 75), (61, 1, 49), (62, 6, 83), (63, 2, 106), (64, 5, 9), (65, 4, 49), (66, 0, 56), (67, 4, 108), (68, 1, 65), (69, 2, 81), (70, 4, 67), (71, 3, 53), (72, 0, 45), (73, 6, 90), (74, 4, 73), (75, 7, 35), (76, 0, 87), (77, 4, 88), (78, 7, 67), (79, 4, 81), (80, 5, 81), (81, 7, 77), (82, 3, 47), (83, 1, 82), (84, 5, 116), (85, 6, 106), (86, 7, 96), (87, 3, 80), (88, 3, 88), (89, 7, 88), (90, 6, 96), (91, 5, 122), (92, 1, 115), (93, 5, 88), (94, 1, 91), (95, 5, 37), (96, 5, 60), (97, 1, 107), (98, 2, 63), (99, 6, 128), (100, 3, 115), (101, 7, 106), (102, 4, 98), (103, 3, 98), (104, 5, 108), (105, 4, 115), (106, 7, 113), (107, 0, 122), (108, 6, 123), (109, 0, 108), (110, 3, 127), (111, 2, 98), (112, 3, 121), (113, 1, 124), (114, 2, 117), (115, 2, 122), (116, 5, 130), (117, 4, 123), (118, 2, 137), (119, 4, 134), (120, 7, 138), (121, 5, 144)];0;601.7356953620911;145;0.858649344169021;4.124967012640098;4.124967012640098;{'N': 30, 'max_b': 1, 'sum_of_buf': 40, 'obj': 'avg_exp_ovp'}
Obj. F. analysis Model With Bounded Number of Buffer Times (S2);BBs2;./Data/PrecedenceGraphs/parsedPSPLib/graph_122_0.txt;./Data/Tasks/normal/tasks_normal_122_0.txt;normal;122;8;600;[(0, 1, 0), (1, 7, 1), (2, 2, 1), (3, 0, 1), (4, 3, 11), (5, 6, 11), (6, 7, 20), (7, 1, 10), (8, 4, 10), (9, 7, 11), (10, 7, 30), (11, 5, 9), (12, 0, 10), (13, 5, 17), (14, 2, 16), (15, 6, 31), (16, 6, 20), (17, 6, 36), (18, 4, 75), (19, 0, 25), (20, 1, 32), (21, 0, 33), (22, 1, 15), (23, 6, 53), (24, 2, 88), (25, 3, 16), (26, 2, 26), (27, 1, 57), (28, 1, 22), (29, 2, 42), (30, 7, 41), (31, 0, 43), (32, 6, 45), (33, 4, 26), (34, 5, 25), (35, 5, 53), (36, 1, 107), (37, 3, 22), (38, 4, 43), (39, 7, 63), (40, 0, 53), (41, 7, 72), (42, 5, 63), (43, 0, 16), (44, 2, 59), (45, 1, 38), (46, 3, 33), (47, 3, 70), (48, 5, 71), (49, 0, 82), (50, 2, 34), (51, 5, 78), (52, 3, 43), (53, 0, 64), (54, 7, 36), (55, 0, 38), (56, 0, 118), (57, 1, 48), (58, 3, 54), (59, 4, 15), (60, 4, 68), (61, 5, 41), (62, 5, 83), (63, 6, 111), (64, 2, 11), (65, 5, 33), (66, 2, 49), (67, 3, 89), (68, 0, 89), (69, 2, 78), (70, 1, 67), (71, 4, 35), (72, 3, 48), (73, 5, 90), (74, 7, 77), (75, 7, 53), (76, 1, 74), (77, 6, 90), (78, 6, 69), (79, 4, 61), (80, 0, 74), (81, 6, 79), (82, 1, 93), (83, 7, 85), (84, 7, 118), (85, 4, 82), (86, 4, 96), (87, 7, 94), (88, 2, 68), (89, 4, 103), (90, 5, 96), (91, 2, 108), (92, 3, 109), (93, 3, 79), (94, 0, 99), (95, 7, 46), (96, 3, 61), (97, 1, 99), (98, 6, 62), (99, 1, 117), (100, 6, 122), (101, 5, 106), (102, 1, 82), (103, 2, 99), (104, 0, 104), (105, 3, 117), (106, 5, 113), (107, 4, 125), (108, 2, 126), (109, 6, 100), (110, 7, 129), (111, 3, 100), (112, 0, 113), (113, 7, 107), (114, 2, 117), (115, 5, 122), (116, 6, 130), (117, 4, 111), (118, 5, 134), (119, 3, 126), (120, 1, 138), (121, 7, 144)];0;117.7427077293396;145;1.2532808700616875;3.108942812421734;3.108942812421734;{'N': 30, 'max_b': 1, 'sum_of_buf': 40, 'obj': 'max_exp_ovp'}
Obj. F. analysis Model With Bounded Number of Buffer Times (additional Obj F 1);BBmR;./Data/PrecedenceGraphs/parsedPSPLib/graph_122_0.txt;./Data/Tasks/normal/tasks_normal_122_0.txt;normal;122;8;600;[(0, 3, 0), (1, 2, 1), (2, 1, 1), (3, 7, 1), (4, 1, 11), (5, 7, 11), (6, 7, 20), (7, 5, 10), (8, 6, 10), (9, 0, 11), (10, 7, 30), (11, 4, 9), (12, 2, 10), (13, 4, 17), (14, 5, 15), (15, 3, 69), (16, 0, 18), (17, 7, 36), (18, 4, 74), (19, 3, 43), (20, 3, 36), (21, 1, 25), (22, 6, 15), (23, 1, 69), (24, 1, 88), (25, 2, 16), (26, 3, 86), (27, 6, 85), (28, 6, 22), (29, 2, 38), (30, 2, 33), (31, 4, 26), (32, 7, 45), (33, 3, 26), (34, 6, 31), (35, 7, 53), (36, 5, 99), (37, 2, 23), (38, 5, 25), (39, 5, 33), (40, 1, 77), (41, 5, 48), (42, 7, 63), (43, 1, 16), (44, 5, 53), (45, 1, 49), (46, 0, 46), (47, 6, 39), (48, 7, 71), (49, 6, 79), (50, 0, 29), (51, 7, 78), (52, 5, 43), (53, 4, 64), (54, 1, 36), (55, 1, 31), (56, 0, 117), (57, 3, 60), (58, 4, 36), (59, 3, 15), (60, 0, 66), (61, 1, 41), (62, 7, 83), (63, 2, 107), (64, 3, 9), (65, 0, 87), (66, 6, 49), (67, 0, 80), (68, 3, 75), (69, 6, 69), (70, 5, 61), (71, 3, 51), (72, 2, 45), (73, 7, 90), (74, 4, 57), (75, 1, 59), (76, 0, 73), (77, 6, 60), (78, 2, 60), (79, 4, 44), (80, 5, 68), (81, 2, 70), (82, 5, 93), (83, 4, 88), (84, 4, 105), (85, 2, 80), (86, 7, 96), (87, 5, 85), (88, 2, 51), (89, 0, 103), (90, 1, 96), (91, 6, 98), (92, 3, 102), (93, 0, 93), (94, 6, 92), (95, 0, 38), (96, 0, 56), (97, 4, 97), (98, 4, 50), (99, 4, 111), (100, 6, 107), (101, 1, 106), (102, 5, 75), (103, 3, 94), (104, 7, 102), (105, 5, 108), (106, 1, 113), (107, 5, 116), (108, 2, 118), (109, 2, 91), (110, 6, 113), (111, 4, 80), (112, 2, 102), (113, 7, 110), (114, 0, 111), (115, 1, 122), (116, 0, 130), (117, 3, 110), (118, 2, 124), (119, 4, 121), (120, 1, 138), (121, 1, 144)];0;81.75836682319641;145;1.3665414427468117;3.404918828775668;3.1512169762313382;{'N': 30, 'max_b': 1, 'sum_of_buf': 40, 'obj': 'max_rm'}
Obj. F. analysis Model With Bounded Number of Buffer Times (additional Obj F 2);BBmS;./Data/PrecedenceGraphs/parsedPSPLib/graph_122_0.txt;./Data/Tasks/normal/tasks_normal_122_0.txt;normal;122;8;600;[(0, 4, 0), (1, 6, 1), (2, 3, 1), (3, 5, 1), (4, 6, 11), (5, 3, 11), (6, 7, 20), (7, 1, 11), (8, 4, 11), (9, 0, 11), (10, 7, 30), (11, 5, 11), (12, 2, 11), (13, 4, 19), (14, 3, 20), (15, 1, 79), (16, 1, 19), (17, 7, 36), (18, 1, 84), (19, 3, 50), (20, 1, 39), (21, 0, 30), (22, 0, 19), (23, 7, 78), (24, 6, 101), (25, 6, 53), (26, 2, 84), (27, 7, 96), (28, 5, 31), (29, 0, 36), (30, 5, 41), (31, 3, 30), (32, 2, 45), (33, 1, 30), (34, 4, 28), (35, 0, 53), (36, 6, 109), (37, 5, 20), (38, 6, 30), (39, 4, 39), (40, 5, 85), (41, 6, 60), (42, 7, 63), (43, 2, 18), (44, 1, 53), (45, 4, 49), (46, 7, 45), (47, 3, 40), (48, 7, 71), (49, 2, 78), (50, 2, 30), (51, 4, 78), (52, 2, 53), (53, 2, 68), (54, 6, 39), (55, 2, 39), (56, 4, 123), (57, 6, 66), (58, 0, 45), (59, 6, 17), (60, 0, 72), (61, 6, 45), (62, 4, 83), (63, 3, 107), (64, 7, 10), (65, 4, 103), (66, 5, 55), (67, 1, 96), (68, 3, 82), (69, 5, 76), (70, 1, 62), (71, 2, 59), (72, 1, 46), (73, 1, 90), (74, 3, 75), (75, 3, 66), (76, 6, 75), (77, 4, 69), (78, 1, 69), (79, 7, 56), (80, 5, 69), (81, 6, 82), (82, 1, 103), (83, 6, 92), (84, 4, 117), (85, 0, 82), (86, 4, 97), (87, 4, 90), (88, 0, 63), (89, 1, 109), (90, 5, 96), (91, 4, 109), (92, 7, 107), (93, 0, 92), (94, 7, 102), (95, 5, 47), (96, 4, 60), (97, 3, 100), (98, 3, 58), (99, 0, 119), (100, 3, 117), (101, 5, 106), (102, 7, 86), (103, 2, 102), (104, 0, 103), (105, 0, 111), (106, 5, 113), (107, 2, 125), (108, 2, 120), (109, 2, 92), (110, 7, 124), (111, 3, 92), (112, 1, 117), (113, 2, 110), (114, 6, 117), (115, 1, 122), (116, 6, 130), (117, 7, 115), (118, 1, 130), (119, 3, 124), (120, 6, 138), (121, 1, 144)];0;61.97060704231262;145;1.6839642702905593;5.6571703282299195;5.1805602288175985;{'N': 30, 'max_b': 1, 'sum_of_buf': 40, 'obj': 'max_max_ovp'}
Sensitivity analysis SAA model (N);STr2;./Data/PrecedenceGraphs/parsedPSPLib/graph_122_0.txt;./Data/Tasks/normal/tasks_normal_122_0.txt;normal;122;8;600;[(0, 2, 0), (1, 6, 1), (2, 3, 1), (3, 7, 1), (4, 3, 11), (5, 0, 11), (6, 0, 20), (7, 1, 10), (8, 6, 10), (9, 5, 11), (10, 3, 30), (11, 2, 9), (12, 7, 10), (13, 2, 17), (14, 4, 15), (15, 1, 64), (16, 5, 18), (17, 3, 36), (18, 1, 69), (19, 0, 40), (20, 7, 35), (21, 3, 25), (22, 6, 15), (23, 7, 69), (24, 1, 85), (25, 7, 16), (26, 3, 70), (27, 5, 76), (28, 6, 22), (29, 5, 36), (30, 6, 31), (31, 1, 25), (32, 3, 45), (33, 2, 25), (34, 7, 22), (35, 3, 53), (36, 1, 93), (37, 0, 30), (38, 4, 25), (39, 4, 33), (40, 0, 77), (41, 6, 43), (42, 6, 63), (43, 3, 16), (44, 5, 53), (45, 0, 48), (46, 5, 43), (47, 7, 41), (48, 6, 71), (49, 6, 78), (50, 5, 28), (51, 3, 78), (52, 4, 42), (53, 7, 59), (54, 2, 34), (55, 7, 30), (56, 4, 112), (57, 2, 61), (58, 1, 35), (59, 1, 15), (60, 3, 63), (61, 2, 39), (62, 3, 83), (63, 4, 102), (64, 4, 9), (65, 6, 84), (66, 4, 47), (67, 7, 77), (68, 2, 70), (69, 5, 67), (70, 5, 61), (71, 6, 48), (72, 2, 46), (73, 3, 90), (74, 6, 56), (75, 1, 55), (76, 4, 74), (77, 0, 58), (78, 4, 57), (79, 1, 42), (80, 4, 67), (81, 0, 67), (82, 2, 87), (83, 7, 84), (84, 1, 101), (85, 5, 82), (86, 0, 97), (87, 2, 80), (88, 2, 52), (89, 2, 93), (90, 3, 96), (91, 7, 93), (92, 4, 94), (93, 6, 90), (94, 4, 89), (95, 6, 36), (96, 7, 50), (97, 5, 100), (98, 1, 48), (99, 5, 107), (100, 7, 101), (101, 3, 106), (102, 1, 75), (103, 5, 92), (104, 0, 103), (105, 2, 101), (106, 3, 113), (107, 2, 109), (108, 1, 112), (109, 0, 87), (110, 1, 107), (111, 4, 81), (112, 6, 100), (113, 7, 107), (114, 0, 111), (115, 3, 122), (116, 6, 130), (117, 6, 105), (118, 0, 117), (119, 4, 117), (120, 2, 138), (121, 1, 144)];0;1.7407605648040771;145;2.8303576187946664;7.5653360454330825;5.056675797232854;{'N': 2, 'obj': 'avg_rm'}
Sensitivity analysis SAA model (N);STr10;./Data/PrecedenceGraphs/parsedPSPLib/graph_122_0.txt;./Data/Tasks/normal/tasks_normal_122_0.txt;normal;122;8;600;[(0, 6, 0), (1, 6, 1), (2, 5, 1), (3, 3, 1), (4, 0, 11), (5, 2, 11), (6, 2, 20), (7, 5, 11), (8, 3, 10), (9, 1, 11), (10, 2, 30), (11, 6, 9), (12, 7, 10), (13, 6, 17), (14, 3, 16), (15, 7, 66), (16, 1, 18), (17, 2, 36), (18, 4, 70), (19, 5, 40), (20, 7, 35), (21, 3, 26), (22, 5, 16), (23, 3, 70), (24, 0, 90), (25, 0, 16), (26, 7, 84), (27, 5, 77), (28, 5, 23), (29, 1, 36), (30, 0, 32), (31, 7, 25), (32, 2, 45), (33, 6, 25), (34, 5, 32), (35, 2, 53), (36, 3, 93), (37, 0, 22), (38, 4, 26), (39, 4, 34), (40, 3, 78), (41, 0, 44), (42, 1, 63), (43, 7, 16), (44, 2, 63), (45, 5, 48), (46, 1, 43), (47, 3, 43), (48, 1, 71), (49, 7, 78), (50, 1, 28), (51, 1, 78), (52, 7, 41), (53, 5, 58), (54, 6, 34), (55, 3, 31), (56, 5, 109), (57, 6, 61), (58, 3, 36), (59, 4, 16), (60, 4, 63), (61, 6, 39), (62, 1, 83), (63, 0, 105), (64, 4, 9), (65, 4, 94), (66, 7, 46), (67, 6, 80), (68, 6, 70), (69, 5, 68), (70, 2, 71), (71, 0, 49), (72, 6, 46), (73, 1, 90), (74, 4, 56), (75, 3, 61), (76, 7, 71), (77, 0, 57), (78, 7, 56), (79, 4, 43), (80, 2, 77), (81, 0, 66), (82, 0, 84), (83, 6, 87), (84, 3, 101), (85, 5, 83), (86, 6, 96), (87, 2, 84), (88, 6, 52), (89, 2, 109), (90, 1, 96), (91, 5, 93), (92, 7, 92), (93, 2, 91), (94, 3, 88), (95, 0, 37), (96, 3, 52), (97, 0, 98), (98, 4, 49), (99, 2, 117), (100, 7, 100), (101, 1, 106), (102, 4, 84), (103, 2, 101), (104, 6, 102), (105, 5, 101), (106, 1, 113), (107, 4, 120), (108, 6, 115), (109, 4, 100), (110, 4, 115), (111, 0, 76), (112, 4, 110), (113, 3, 107), (114, 6, 110), (115, 3, 122), (116, 6, 130), (117, 7, 106), (118, 2, 124), (119, 5, 117), (120, 4, 138), (121, 0, 144)];0;28.090490579605103;145;2.123917738937971;5.995610973476442;3.2079248882432303;{'N': 10, 'obj': 'avg_rm'}
Sensitivity analysis SAA model (N);STr30;./Data/PrecedenceGraphs/parsedPSPLib/graph_122_0.txt;./Data/Tasks/normal/tasks_normal_122_0.txt;normal;122;8;600;[(0, 5, 0), (1, 6, 1), (2, 2, 1), (3, 1, 1), (4, 1, 11), (5, 2, 11), (6, 2, 20), (7, 7, 10), (8, 6, 10), (9, 3, 11), (10, 2, 30), (11, 0, 9), (12, 5, 10), (13, 0, 17), (14, 4, 15), (15, 4, 65), (16, 3, 18), (17, 2, 36), (18, 4, 70), (19, 1, 41), (20, 1, 35), (21, 0, 25), (22, 6, 15), (23, 6, 67), (24, 3, 84), (25, 5, 16), (26, 4, 76), (27, 0, 77), (28, 6, 22), (29, 3, 36), (30, 5, 32), (31, 1, 25), (32, 2, 45), (33, 4, 25), (34, 6, 31), (35, 2, 53), (36, 3, 92), (37, 5, 22), (38, 7, 25), (39, 7, 33), (40, 6, 75), (41, 5, 44), (42, 2, 63), (43, 1, 16), (44, 3, 53), (45, 4, 48), (46, 3, 43), (47, 4, 39), (48, 2, 71), (49, 3, 78), (50, 3, 28), (51, 2, 78), (52, 0, 42), (53, 3, 61), (54, 4, 34), (55, 0, 30), (56, 5, 109), (57, 7, 62), (58, 0, 35), (59, 7, 15), (60, 4, 58), (61, 6, 39), (62, 2, 83), (63, 6, 103), (64, 4, 9), (65, 4, 84), (66, 0, 47), (67, 0, 83), (68, 7, 71), (69, 1, 66), (70, 6, 61), (71, 1, 49), (72, 6, 46), (73, 2, 90), (74, 7, 55), (75, 1, 57), (76, 3, 71), (77, 5, 58), (78, 0, 57), (79, 7, 42), (80, 5, 67), (81, 0, 67), (82, 1, 90), (83, 5, 84), (84, 4, 100), (85, 7, 81), (86, 1, 96), (87, 1, 83), (88, 6, 52), (89, 6, 95), (90, 2, 96), (91, 0, 100), (92, 5, 93), (93, 0, 90), (94, 4, 90), (95, 5, 37), (96, 5, 49), (97, 7, 99), (98, 7, 48), (99, 0, 108), (100, 3, 100), (101, 2, 106), (102, 5, 74), (103, 7, 91), (104, 1, 102), (105, 5, 101), (106, 2, 113), (107, 3, 111), (108, 6, 113), (109, 6, 85), (110, 3, 106), (111, 1, 75), (112, 4, 95), (113, 4, 106), (114, 1, 110), (115, 1, 122), (116, 0, 130), (117, 7, 106), (118, 6, 118), (119, 4, 116), (120, 7, 138), (121, 2, 144)];0;61.39292001724243;145;2.5428180033799053;6.770686380678263;2.9864090041477853;{'N': 30, 'obj': 'avg_rm'}
Sensitivity analysis SAA model (N);STr50;./Data/PrecedenceGraphs/parsedPSPLib/graph_122_0.txt;./Data/Tasks/normal/tasks_normal_122_0.txt;normal;122;8;600;[(0, 0, 0), (1, 7, 1), (2, 6, 1), (3, 1, 1), (4, 5, 11), (5, 6, 11), (6, 7, 20), (7, 4, 10), (8, 3, 10), (9, 1, 11), (10, 5, 30), (11, 2, 9), (12, 4, 15), (13, 2, 17), (14, 5, 16), (15, 3, 58), (16, 1, 25), (17, 5, 36), (18, 3, 63), (19, 7, 30), (20, 4, 21), (21, 2, 35), (22, 1, 18), (23, 2, 40), (24, 7, 90), (25, 3, 16), (26, 6, 83), (27, 2, 71), (28, 0, 25), (29, 4, 27), (30, 0, 34), (31, 2, 25), (32, 5, 45), (33, 3, 27), (34, 6, 25), (35, 5, 53), (36, 4, 105), (37, 7, 38), (38, 4, 34), (39, 7, 48), (40, 3, 69), (41, 1, 50), (42, 5, 63), (43, 0, 39), (44, 0, 54), (45, 6, 33), (46, 4, 61), (47, 6, 48), (48, 5, 71), (49, 2, 84), (50, 1, 35), (51, 5, 78), (52, 3, 22), (53, 1, 71), (54, 3, 36), (55, 6, 43), (56, 0, 116), (57, 4, 87), (58, 4, 48), (59, 0, 15), (60, 6, 66), (61, 3, 41), (62, 5, 83), (63, 1, 99), (64, 6, 20), (65, 3, 84), (66, 3, 48), (67, 2, 77), (68, 7, 73), (69, 2, 56), (70, 2, 65), (71, 2, 48), (72, 0, 48), (73, 5, 90), (74, 7, 66), (75, 1, 62), (76, 4, 71), (77, 7, 57), (78, 0, 62), (79, 4, 55), (80, 0, 72), (81, 6, 73), (82, 6, 91), (83, 4, 96), (84, 3, 106), (85, 1, 89), (86, 2, 100), (87, 7, 83), (88, 4, 78), (89, 1, 109), (90, 5, 96), (91, 0, 99), (92, 7, 98), (93, 0, 89), (94, 3, 79), (95, 1, 43), (96, 6, 57), (97, 6, 97), (98, 1, 55), (99, 7, 117), (100, 7, 106), (101, 5, 106), (102, 0, 79), (103, 3, 90), (104, 2, 106), (105, 3, 98), (106, 5, 113), (107, 1, 117), (108, 4, 113), (109, 2, 90), (110, 7, 112), (111, 1, 81), (112, 6, 104), (113, 6, 109), (114, 2, 114), (115, 5, 122), (116, 0, 130), (117, 0, 107), (118, 2, 124), (119, 4, 119), (120, 0, 138), (121, 6, 144)];0;117.34062433242798;145;2.0854626482364544;5.860373114527368;2.9731259799782235;{'N': 50, 'obj': 'avg_rm'}
Sensitivity analysis SAA model (N);STr100;./Data/PrecedenceGraphs/parsedPSPLib/graph_122_0.txt;./Data/Tasks/normal/tasks_normal_122_0.txt;normal;122;8;600;[(0, 6, 0), (1, 5, 1), (2, 1, 1), (3, 2, 1), (4, 0, 11), (5, 1, 11), (6, 1, 20), (7, 4, 10), (8, 3, 10), (9, 2, 11), (10, 1, 30), (11, 5, 9), (12, 7, 10), (13, 2, 18), (14, 5, 17), (15, 4, 73), (16, 4, 17), (17, 1, 36), (18, 5, 78), (19, 6, 17), (20, 2, 36), (21, 0, 27), (22, 7, 16), (23, 5, 70), (24, 0, 89), (25, 3, 51), (26, 0, 81), (27, 7, 89), (28, 7, 23), (29, 3, 35), (30, 6, 35), (31, 4, 27), (32, 1, 45), (33, 5, 27), (34, 7, 32), (35, 1, 53), (36, 5, 102), (37, 2, 26), (38, 6, 27), (39, 4, 37), (40, 2, 75), (41, 2, 50), (42, 1, 63), (43, 0, 16), (44, 3, 57), (45, 4, 46), (46, 7, 40), (47, 6, 40), (48, 1, 71), (49, 4, 78), (50, 3, 27), (51, 1, 78), (52, 5, 51), (53, 2, 56), (54, 0, 37), (55, 0, 32), (56, 6, 115), (57, 4, 64), (58, 5, 37), (59, 3, 15), (60, 3, 65), (61, 5, 44), (62, 1, 83), (63, 7, 101), (64, 6, 9), (65, 2, 92), (66, 6, 51), (67, 6, 91), (68, 6, 70), (69, 2, 66), (70, 0, 68), (71, 4, 56), (72, 3, 45), (73, 1, 90), (74, 5, 63), (75, 6, 61), (76, 0, 74), (77, 0, 59), (78, 7, 61), (79, 2, 44), (80, 3, 74), (81, 7, 71), (82, 7, 95), (83, 3, 91), (84, 5, 110), (85, 6, 81), (86, 0, 97), (87, 2, 85), (88, 0, 50), (89, 2, 98), (90, 1, 96), (91, 3, 100), (92, 4, 99), (93, 4, 84), (94, 4, 94), (95, 0, 42), (96, 7, 50), (97, 6, 98), (98, 5, 56), (99, 7, 111), (100, 3, 113), (101, 1, 106), (102, 3, 81), (103, 5, 94), (104, 0, 103), (105, 2, 106), (106, 1, 113), (107, 0, 116), (108, 2, 114), (109, 5, 84), (110, 4, 119), (111, 7, 81), (112, 3, 108), (113, 6, 105), (114, 0, 111), (115, 1, 122), (116, 7, 130), (117, 4, 107), (118, 3, 124), (119, 5, 116), (120, 0, 138), (121, 6, 144)];0;337.94070649147034;145;2.217646021263394;6.674380758576572;2.94954742285807;{'N': 100, 'obj': 'avg_rm'}
Sensitivity analysis SAA model (N);STr150;./Data/PrecedenceGraphs/parsedPSPLib/graph_122_0.txt;./Data/Tasks/normal/tasks_normal_122_0.txt;normal;122;8;600;[(0, 0, 0), (1, 6, 1), (2, 2, 1), (3, 3, 1), (4, 2, 11), (5, 1, 11), (6, 1, 20), (7, 3, 10), (8, 5, 10), (9, 4, 11), (10, 1, 30), (11, 7, 9), (12, 6, 10), (13, 7, 17), (14, 3, 15), (15, 5, 65), (16, 4, 18), (17, 1, 36), (18, 0, 70), (19, 3, 42), (20, 6, 35), (21, 3, 25), (22, 5, 15), (23, 3, 66), (24, 6, 86), (25, 2, 16), (26, 0, 82), (27, 0, 76), (28, 5, 22), (29, 4, 36), (30, 5, 31), (31, 6, 25), (32, 1, 45), (33, 0, 25), (34, 2, 32), (35, 1, 53), (36, 6, 94), (37, 2, 22), (38, 7, 25), (39, 7, 33), (40, 6, 76), (41, 5, 43), (42, 1, 63), (43, 6, 16), (44, 4, 53), (45, 5, 48), (46, 4, 43), (47, 2, 40), (48, 1, 71), (49, 5, 80), (50, 4, 28), (51, 1, 78), (52, 6, 41), (53, 7, 64), (54, 0, 34), (55, 3, 30), (56, 3, 112), (57, 0, 61), (58, 3, 35), (59, 0, 15), (60, 3, 59), (61, 0, 39), (62, 1, 83), (63, 2, 103), (64, 0, 9), (65, 2, 83), (66, 6, 46), (67, 4, 74), (68, 5, 70), (69, 2, 66), (70, 4, 61), (71, 2, 49), (72, 0, 46), (73, 1, 90), (74, 5, 58), (75, 2, 57), (76, 7, 74), (77, 7, 55), (78, 6, 56), (79, 7, 42), (80, 4, 67), (81, 6, 66), (82, 2, 89), (83, 3, 84), (84, 3, 101), (85, 7, 81), (86, 5, 96), (87, 4, 81), (88, 0, 52), (89, 2, 95), (90, 1, 96), (91, 3, 93), (92, 4, 93), (93, 5, 86), (94, 4, 88), (95, 5, 36), (96, 3, 50), (97, 7, 99), (98, 7, 48), (99, 4, 107), (100, 4, 101), (101, 1, 106), (102, 3, 74), (103, 7, 91), (104, 5, 102), (105, 6, 102), (106, 1, 113), (107, 5, 110), (108, 2, 113), (109, 0, 90), (110, 3, 107), (111, 2, 75), (112, 0, 100), (113, 7, 106), (114, 6, 110), (115, 1, 122), (116, 1, 130), (117, 0, 105), (118, 2, 118), (119, 0, 116), (120, 7, 138), (121, 1, 144)];0;525.4848837852478;145;2.1354603630876356;5.504877113043806;3.029424490398816;{'N': 150, 'obj': 'avg_rm'}
Sensitivity analysis Model With Bounded Number of Buffer Times (|b_j|);BBr1;./Data/PrecedenceGraphs/parsedPSPLib/graph_122_0.txt;./Data/Tasks/normal/tasks_normal_122_0.txt;normal;122;8;600;[(0, 1, 0), (1, 2, 1), (2, 0, 1), (3, 6, 1), (4, 5, 11), (5, 0, 11), (6, 0, 20), (7, 2, 10), (8, 6, 10), (9, 3, 11), (10, 4, 30), (11, 4, 9), (12, 7, 10), (13, 5, 17), (14, 7, 16), (15, 6, 15), (16, 1, 17), (17, 4, 36), (18, 7, 78), (19, 2, 26), (20, 3, 24), (21, 0, 30), (22, 6, 20), (23, 0, 69), (24, 3, 101), (25, 6, 71), (26, 4, 78), (27, 1, 98), (28, 6, 27), (29, 7, 26), (30, 2, 39), (31, 1, 28), (32, 4, 45), (33, 5, 25), (34, 3, 30), (35, 3, 53), (36, 5, 113), (37, 3, 39), (38, 0, 35), (39, 7, 43), (40, 3, 91), (41, 2, 34), (42, 6, 63), (43, 4, 17), (44, 7, 53), (45, 7, 33), (46, 1, 54), (47, 1, 39), (48, 3, 71), (49, 5, 86), (50, 6, 37), (51, 6, 78), (52, 3, 19), (53, 1, 81), (54, 5, 48), (55, 5, 35), (56, 1, 64), (57, 2, 80), (58, 5, 40), (59, 2, 16), (60, 7, 71), (61, 2, 53), (62, 6, 83), (63, 0, 43), (64, 1, 9), (65, 4, 86), (66, 2, 60), (67, 2, 90), (68, 0, 77), (69, 4, 69), (70, 3, 63), (71, 0, 54), (72, 6, 45), (73, 6, 90), (74, 0, 62), (75, 4, 60), (76, 5, 78), (77, 5, 53), (78, 1, 71), (79, 1, 48), (80, 5, 69), (81, 3, 81), (82, 4, 93), (83, 7, 94), (84, 3, 117), (85, 2, 98), (86, 4, 99), (87, 1, 91), (88, 7, 61), (89, 3, 109), (90, 6, 96), (91, 7, 112), (92, 7, 103), (93, 5, 93), (94, 0, 95), (95, 2, 44), (96, 2, 71), (97, 4, 106), (98, 4, 53), (99, 5, 122), (100, 1, 114), (101, 6, 106), (102, 7, 84), (103, 2, 108), (104, 0, 106), (105, 2, 117), (106, 6, 113), (107, 7, 127), (108, 2, 126), (109, 1, 104), (110, 1, 121), (111, 0, 87), (112, 0, 115), (113, 4, 114), (114, 7, 121), (115, 6, 122), (116, 6, 130), (117, 5, 103), (118, 0, 132), (119, 4, 127), (120, 2, 138), (121, 7, 144)];0;90.42718195915222;145;1.3394797763961659;3.6399443146975554;3.6399443146975554;{'N': 30, 'max_b': 1, 'sum_of_buf': 40, 'obj': 'avg_rm'}
Sensitivity analysis Model With Bounded Number of Buffer Times (|b_j|);BBr2;./Data/PrecedenceGraphs/parsedPSPLib/graph_122_0.txt;./Data/Tasks/normal/tasks_normal_122_0.txt;normal;122;8;600;[(0, 6, 0), (1, 0, 1), (2, 3, 1), (3, 2, 1), (4, 5, 11), (5, 6, 11), (6, 6, 20), (7, 2, 10), (8, 1, 10), (9, 3, 11), (10, 6, 30), (11, 0, 9), (12, 7, 10), (13, 0, 17), (14, 4, 15), (15, 3, 67), (16, 3, 20), (17, 6, 36), (18, 5, 72), (19, 5, 42), (20, 7, 34), (21, 4, 25), (22, 1, 15), (23, 2, 70), (24, 7, 90), (25, 7, 16), (26, 3, 81), (27, 7, 84), (28, 1, 22), (29, 0, 38), (30, 2, 35), (31, 0, 26), (32, 6, 45), (33, 4, 31), (34, 2, 25), (35, 6, 53), (36, 5, 100), (37, 7, 24), (38, 5, 25), (39, 5, 33), (40, 2, 85), (41, 3, 46), (42, 6, 63), (43, 5, 16), (44, 1, 58), (45, 7, 50), (46, 4, 47), (47, 7, 40), (48, 6, 71), (49, 7, 78), (50, 3, 31), (51, 6, 78), (52, 3, 40), (53, 5, 60), (54, 2, 40), (55, 1, 31), (56, 7, 116), (57, 2, 61), (58, 1, 37), (59, 2, 15), (60, 4, 67), (61, 2, 45), (62, 6, 83), (63, 3, 109), (64, 4, 9), (65, 5, 89), (66, 0, 52), (67, 4, 87), (68, 4, 75), (69, 3, 72), (70, 1, 66), (71, 5, 52), (72, 0, 45), (73, 6, 90), (74, 1, 51), (75, 7, 60), (76, 7, 71), (77, 2, 52), (78, 0, 62), (79, 1, 45), (80, 1, 73), (81, 0, 72), (82, 1, 92), (83, 0, 90), (84, 1, 107), (85, 5, 78), (86, 2, 96), (87, 2, 78), (88, 3, 58), (89, 3, 101), (90, 6, 96), (91, 0, 106), (92, 1, 99), (93, 4, 95), (94, 5, 95), (95, 4, 40), (96, 4, 58), (97, 0, 99), (98, 3, 51), (99, 0, 114), (100, 5, 109), (101, 6, 106), (102, 1, 80), (103, 7, 99), (104, 2, 103), (105, 7, 108), (106, 6, 113), (107, 1, 118), (108, 3, 119), (109, 3, 91), (110, 5, 115), (111, 0, 82), (112, 4, 105), (113, 2, 111), (114, 1, 113), (115, 6, 122), (116, 7, 130), (117, 4, 110), (118, 3, 124), (119, 4, 121), (120, 1, 138), (121, 6, 144)];0;76.57733201980591;145;1.2888085024444325;3.4745808633012314;2.9524380272057367;{'N': 30, 'max_b': 2, 'sum_of_buf': 40, 'obj': 'avg_rm'}
Sensitivity analysis Model With Bounded Number of Buffer Times (|b_j|);BBr3;./Data/PrecedenceGraphs/parsedPSPLib/graph_122_0.txt;./Data/Tasks/normal/tasks_normal_122_0.txt;normal;122;8;600;[(0, 4, 0), (1, 4, 1), (2, 6, 1), (3, 1, 1), (4, 0, 11), (5, 5, 11), (6, 5, 20), (7, 7, 13), (8, 2, 13), (9, 6, 11), (10, 4, 30), (11, 4, 12), (12, 3, 13), (13, 3, 23), (14, 6, 21), (15, 1, 84), (16, 0, 26), (17, 4, 36), (18, 7, 83), (19, 5, 51), (20, 4, 23), (21, 1, 34), (22, 1, 21), (23, 6, 79), (24, 6, 96), (25, 0, 17), (26, 5, 89), (27, 5, 97), (28, 7, 34), (29, 6, 44), (30, 7, 43), (31, 6, 34), (32, 4, 45), (33, 5, 31), (34, 3, 31), (35, 4, 53), (36, 0, 107), (37, 2, 21), (38, 2, 34), (39, 3, 42), (40, 7, 89), (41, 7, 58), (42, 4, 63), (43, 1, 39), (44, 2, 54), (45, 7, 48), (46, 6, 51), (47, 0, 44), (48, 4, 71), (49, 1, 78), (50, 0, 36), (51, 4, 78), (52, 5, 59), (53, 7, 64), (54, 2, 42), (55, 5, 40), (56, 5, 121), (57, 0, 61), (58, 1, 48), (59, 7, 21), (60, 3, 74), (61, 2, 47), (62, 4, 83), (63, 7, 110), (64, 1, 13), (65, 0, 101), (66, 1, 55), (67, 0, 94), (68, 2, 84), (69, 3, 65), (70, 5, 64), (71, 2, 62), (72, 5, 45), (73, 4, 90), (74, 0, 70), (75, 7, 74), (76, 2, 77), (77, 6, 61), (78, 1, 65), (79, 0, 55), (80, 2, 70), (81, 0, 77), (82, 6, 104), (83, 6, 87), (84, 0, 115), (85, 3, 84), (86, 7, 99), (87, 0, 87), (88, 6, 70), (89, 3, 104), (90, 4, 96), (91, 6, 110), (92, 2, 110), (93, 3, 94), (94, 7, 105), (95, 3, 51), (96, 5, 70), (97, 1, 99), (98, 3, 58), (99, 2, 118), (100, 3, 117), (101, 4, 106), (102, 5, 79), (103, 2, 102), (104, 5, 105), (105, 5, 113), (106, 4, 113), (107, 3, 123), (108, 7, 121), (109, 1, 89), (110, 6, 123), (111, 2, 94), (112, 3, 112), (113, 1, 106), (114, 6, 118), (115, 4, 122), (116, 4, 130), (117, 1, 116), (118, 1, 128), (119, 0, 125), (120, 5, 138), (121, 6, 144)];0;79.04817581176758;145;1.6955147684058023;5.113004195259148;3.080958720424784;{'N': 30, 'max_b': 3, 'sum_of_buf': 40, 'obj': 'avg_rm'}
Sensitivity analysis Model With Bounded Number of Buffer Times (|b_j|);BBr4;./Data/PrecedenceGraphs/parsedPSPLib/graph_122_0.txt;./Data/Tasks/normal/tasks_normal_122_0.txt;normal;122;8;600;[(0, 7, 0), (1, 1, 1), (2, 7, 1), (3, 5, 1), (4, 4, 11), (5, 7, 11), (6, 0, 20), (7, 5, 10), (8, 2, 10), (9, 0, 11), (10, 0, 30), (11, 1, 9), (12, 3, 10), (13, 1, 17), (14, 5, 15), (15, 6, 70), (16, 7, 20), (17, 0, 36), (18, 1, 75), (19, 1, 46), (20, 3, 26), (21, 3, 35), (22, 2, 15), (23, 2, 75), (24, 1, 95), (25, 4, 16), (26, 4, 87), (27, 1, 89), (28, 2, 25), (29, 6, 38), (30, 2, 37), (31, 5, 28), (32, 0, 45), (33, 1, 28), (34, 6, 26), (35, 0, 53), (36, 7, 103), (37, 4, 22), (38, 4, 35), (39, 4, 43), (40, 2, 83), (41, 3, 51), (42, 0, 63), (43, 3, 16), (44, 1, 54), (45, 5, 52), (46, 2, 49), (47, 6, 45), (48, 0, 71), (49, 5, 78), (50, 7, 34), (51, 0, 78), (52, 5, 40), (53, 4, 67), (54, 1, 41), (55, 3, 40), (56, 2, 116), (57, 5, 69), (58, 5, 45), (59, 6, 15), (60, 2, 68), (61, 7, 46), (62, 0, 83), (63, 6, 111), (64, 6, 9), (65, 6, 91), (66, 7, 53), (67, 6, 84), (68, 3, 80), (69, 6, 75), (70, 1, 62), (71, 3, 56), (72, 3, 45), (73, 0, 90), (74, 5, 62), (75, 6, 61), (76, 3, 73), (77, 3, 64), (78, 7, 63), (79, 4, 52), (80, 1, 68), (81, 7, 73), (82, 5, 91), (83, 3, 90), (84, 3, 107), (85, 7, 83), (86, 6, 97), (87, 5, 84), (88, 2, 59), (89, 5, 104), (90, 0, 96), (91, 4, 100), (92, 1, 103), (93, 7, 93), (94, 4, 95), (95, 2, 42), (96, 4, 58), (97, 5, 97), (98, 6, 54), (99, 3, 113), (100, 4, 108), (101, 0, 106), (102, 4, 77), (103, 3, 99), (104, 6, 103), (105, 2, 108), (106, 0, 113), (107, 7, 116), (108, 2, 121), (109, 2, 93), (110, 4, 114), (111, 1, 81), (112, 2, 103), (113, 5, 112), (114, 7, 111), (115, 0, 122), (116, 4, 130), (117, 1, 111), (118, 2, 126), (119, 3, 122), (120, 7, 138), (121, 2, 144)];0;82.30531430244446;145;1.4505527046081583;4.905067344817895;2.9539377088920924;{'N': 30, 'max_b': 4, 'sum_of_buf': 40, 'obj': 'avg_rm'}
Sensitivity analysis Model With Bounded Number of Buffer Times (|b_j|);BBr5;./Data/PrecedenceGraphs/parsedPSPLib/graph_122_0.txt;./Data/Tasks/normal/tasks_normal_122_0.txt;normal;122;8;600;[(0, 6, 0), (1, 4, 1), (2, 1, 1), (3, 6, 1), (4, 3, 11), (5, 2, 11), (6, 2, 20), (7, 6, 10), (8, 7, 10), (9, 1, 11), (10, 2, 30), (11, 4, 10), (12, 5, 10), (13, 4, 18), (14, 0, 18), (15, 1, 74), (16, 6, 18), (17, 2, 36), (18, 7, 76), (19, 7, 40), (20, 5, 27), (21, 3, 32), (22, 7, 19), (23, 4, 75), (24, 3, 92), (25, 1, 44), (26, 1, 89), (27, 5, 84), (28, 5, 34), (29, 6, 37), (30, 5, 43), (31, 7, 30), (32, 2, 45), (33, 4, 30), (34, 1, 36), (35, 2, 53), (36, 1, 103), (37, 3, 21), (38, 0, 31), (39, 4, 39), (40, 4, 83), (41, 1, 50), (42, 2, 63), (43, 5, 16), (44, 5, 54), (45, 1, 55), (46, 3, 49), (47, 7, 48), (48, 2, 71), (49, 5, 78), (50, 6, 29), (51, 2, 78), (52, 6, 44), (53, 7, 66), (54, 0, 39), (55, 3, 37), (56, 3, 116), (57, 5, 69), (58, 3, 42), (59, 1, 23), (60, 3, 68), (61, 0, 44), (62, 2, 83), (63, 5, 108), (64, 0, 10), (65, 7, 89), (66, 0, 51), (67, 0, 81), (68, 6, 79), (69, 3, 75), (70, 4, 62), (71, 6, 55), (72, 5, 48), (73, 2, 90), (74, 5, 62), (75, 6, 63), (76, 6, 72), (77, 1, 65), (78, 0, 61), (79, 6, 49), (80, 4, 68), (81, 0, 71), (82, 7, 95), (83, 6, 89), (84, 7, 106), (85, 0, 88), (86, 1, 97), (87, 7, 82), (88, 7, 57), (89, 5, 100), (90, 2, 96), (91, 4, 103), (92, 0, 105), (93, 4, 93), (94, 6, 98), (95, 4, 48), (96, 3, 59), (97, 0, 98), (98, 4, 55), (99, 0, 113), (100, 4, 111), (101, 2, 106), (102, 1, 79), (103, 3, 100), (104, 6, 103), (105, 3, 108), (106, 2, 113), (107, 7, 117), (108, 5, 118), (109, 5, 90), (110, 4, 117), (111, 3, 84), (112, 7, 101), (113, 1, 111), (114, 7, 112), (115, 2, 122), (116, 6, 130), (117, 6, 111), (118, 4, 123), (119, 0, 121), (120, 1, 138), (121, 6, 144)];0;70.32436871528625;145;1.6561601817168092;5.014176713003923;3.0324370066489688;{'N': 30, 'max_b': 5, 'sum_of_buf': 40, 'obj': 'avg_rm'}
deterministic baseline model;DET;./Data/PrecedenceGraphs/parsedPSPLib/graph_122_0.txt;./Data/Tasks/exponential/tasks_exponential_122_0.txt;exponential;122;8;600;[(0, 3, 0), (1, 1, 1), (2, 5, 1), (3, 3, 1), (4, 7, 8), (5, 3, 8), (6, 2, 16), (7, 2, 7), (8, 6, 7), (9, 0, 8), (10, 2, 25), (11, 5, 10), (12, 4, 7), (13, 5, 18), (14, 3, 16), (15, 6, 14), (16, 1, 18), (17, 5, 35), (18, 2, 74), (19, 0, 20), (20, 7, 38), (21, 3, 23), (22, 4, 17), (23, 4, 47), (24, 6, 64), (25, 4, 42), (26, 5, 71), (27, 0, 80), (28, 1, 26), (29, 0, 32), (30, 6, 32), (31, 0, 27), (32, 5, 43), (33, 5, 27), (34, 7, 26), (35, 5, 52), (36, 3, 90), (37, 7, 18), (38, 6, 25), (39, 7, 32), (40, 0, 65), (41, 6, 41), (42, 4, 60), (43, 6, 19), (44, 4, 53), (45, 6, 56), (46, 3, 32), (47, 3, 41), (48, 4, 68), (49, 5, 77), (50, 4, 26), (51, 6, 77), (52, 0, 13), (53, 3, 50), (54, 2, 35), (55, 1, 32), (56, 2, 101), (57, 2, 50), (58, 1, 37), (59, 4, 36), (60, 1, 62), (61, 0, 41), (62, 6, 87), (63, 3, 96), (64, 1, 10), (65, 1, 80), (66, 0, 49), (67, 7, 75), (68, 4, 77), (69, 6, 71), (70, 5, 60), (71, 2, 59), (72, 7, 45), (73, 0, 97), (74, 7, 50), (75, 7, 56), (76, 2, 69), (77, 3, 55), (78, 0, 59), (79, 1, 46), (80, 5, 66), (81, 7, 65), (82, 7, 83), (83, 5, 93), (84, 1, 89), (85, 0, 74), (86, 5, 102), (87, 3, 73), (88, 1, 54), (89, 7, 90), (90, 0, 102), (91, 2, 80), (92, 0, 90), (93, 2, 86), (94, 3, 82), (95, 2, 41), (96, 6, 50), (97, 3, 102), (98, 3, 63), (99, 7, 100), (100, 4, 83), (101, 0, 110), (102, 1, 74), (103, 2, 94), (104, 2, 111), (105, 1, 97), (106, 4, 118), (107, 1, 104), (108, 6, 105), (109, 5, 84), (110, 4, 103), (111, 1, 69), (112, 4, 93), (113, 3, 109), (114, 2, 121), (115, 6, 125), (116, 2, 133), (117, 6, 97), (118, 5, 112), (119, 0, 126), (120, 6, 143), (121, 3, 152)];0;0.433077335357666;153;2.7861186373644102;6.80479931028097;4.5778644802195965;{}
Sensitivity analysis buffer time model (param q);BT10;./Data/PrecedenceGraphs/parsedPSPLib/graph_122_0.txt;./Data/Tasks/exponential/tasks_exponential_122_0.txt;exponential;122;8;600;[(0, 5, 0), (1, 5, 1), (2, 1, 1), (3, 4, 1), (4, 1, 10), (5, 2, 10), (6, 5, 20), (7, 7, 10), (8, 3, 10), (9, 0, 10), (10, 7, 30), (11, 4, 11), (12, 6, 10), (13, 4, 20), (14, 7, 22), (15, 3, 18), (16, 2, 20), (17, 6, 41), (18, 1, 91), (19, 2, 40), (20, 4, 48), (21, 3, 31), (22, 6, 23), (23, 4, 62), (24, 5, 81), (25, 4, 56), (26, 3, 89), (27, 6, 93), (28, 0, 33), (29, 5, 36), (30, 7, 41), (31, 5, 30), (32, 6, 50), (33, 4, 30), (34, 1, 33), (35, 6, 60), (36, 3, 116), (37, 1, 23), (38, 6, 33), (39, 3, 41), (40, 0, 85), (41, 3, 50), (42, 6, 69), (43, 3, 24), (44, 3, 62), (45, 5, 65), (46, 1, 40), (47, 5, 47), (48, 3, 78), (49, 2, 89), (50, 2, 29), (51, 5, 89), (52, 0, 18), (53, 5, 57), (54, 4, 41), (55, 0, 41), (56, 3, 125), (57, 1, 56), (58, 0, 47), (59, 0, 26), (60, 1, 76), (61, 2, 48), (62, 5, 101), (63, 1, 116), (64, 5, 11), (65, 7, 96), (66, 2, 58), (67, 3, 97), (68, 0, 95), (69, 1, 84), (70, 3, 70), (71, 7, 75), (72, 1, 50), (73, 5, 112), (74, 5, 74), (75, 0, 75), (76, 4, 79), (77, 1, 66), (78, 2, 69), (79, 0, 59), (80, 6, 78), (81, 2, 77), (82, 0, 103), (83, 2, 111), (84, 1, 107), (85, 4, 92), (86, 2, 121), (87, 7, 86), (88, 4, 69), (89, 4, 111), (90, 5, 118), (91, 1, 100), (92, 6, 115), (93, 3, 107), (94, 4, 100), (95, 7, 53), (96, 0, 68), (97, 0, 122), (98, 7, 63), (99, 1, 125), (100, 6, 104), (101, 5, 127), (102, 4, 85), (103, 7, 108), (104, 4, 132), (105, 7, 116), (106, 7, 136), (107, 6, 123), (108, 7, 126), (109, 2, 99), (110, 3, 131), (111, 6, 85), (112, 0, 111), (113, 6, 132), (114, 4, 145), (115, 0, 144), (116, 3, 153), (117, 4, 122), (118, 3, 141), (119, 7, 153), (120, 2, 164), (121, 6, 174)];0;0.4604167938232422;175;0.04159540362785736;0.16517740457744343;0.12242855738977719;{'threshold': 0.1}
Sensitivity analysis buffer time model (param q);BT20;./Data/PrecedenceGraphs/parsedPSPLib/graph_122_0.txt;./Data/Tasks/exponential/tasks_exponential_122_0.txt;exponential;122;8;600;[(0, 5, 0), (1, 5, 1), (2, 1, 1), (3, 4, 1), (4, 1, 9), (5, 3, 9), (6, 3, 18), (7, 2, 8), (8, 7, 8), (9, 0, 9), (10, 3, 28), (11, 4, 11), (12, 6, 8), (13, 1, 20), (14, 2, 18), (15, 7, 16), (16, 4, 20), (17, 3, 39), (18, 1, 85), (19, 0, 23), (20, 7, 44), (21, 2, 26), (22, 6, 19), (23, 6, 56), (24, 5, 73), (25, 2, 52), (26, 5, 81), (27, 0, 90), (28, 6, 29), (29, 4, 36), (30, 6, 36), (31, 1, 30), (32, 3, 48), (33, 0, 31), (34, 4, 29), (35, 2, 58), (36, 0, 101), (37, 5, 20), (38, 7, 29), (39, 7, 37), (40, 0, 73), (41, 6, 46), (42, 4, 67), (43, 7, 22), (44, 3, 58), (45, 6, 63), (46, 0, 40), (47, 1, 43), (48, 4, 76), (49, 7, 88), (50, 5, 29), (51, 4, 86), (52, 0, 15), (53, 1, 53), (54, 5, 40), (55, 2, 36), (56, 2, 113), (57, 5, 56), (58, 2, 42), (59, 1, 36), (60, 6, 72), (61, 5, 47), (62, 4, 97), (63, 6, 109), (64, 5, 11), (65, 6, 90), (66, 4, 56), (67, 2, 85), (68, 5, 88), (69, 7, 81), (70, 5, 66), (71, 7, 70), (72, 0, 50), (73, 4, 108), (74, 3, 66), (75, 0, 63), (76, 1, 79), (77, 1, 59), (78, 2, 67), (79, 7, 52), (80, 3, 73), (81, 2, 74), (82, 1, 99), (83, 2, 103), (84, 6, 100), (85, 3, 85), (86, 3, 114), (87, 6, 80), (88, 7, 61), (89, 3, 103), (90, 4, 114), (91, 1, 92), (92, 5, 104), (93, 2, 94), (94, 5, 95), (95, 4, 46), (96, 0, 56), (97, 1, 115), (98, 1, 68), (99, 0, 116), (100, 3, 92), (101, 5, 123), (102, 0, 83), (103, 1, 107), (104, 4, 124), (105, 0, 108), (106, 6, 132), (107, 7, 117), (108, 6, 116), (109, 7, 96), (110, 2, 119), (111, 3, 79), (112, 7, 106), (113, 6, 123), (114, 0, 135), (115, 3, 140), (116, 3, 149), (117, 5, 112), (118, 3, 129), (119, 7, 141), (120, 2, 160), (121, 6, 170)];0;0.442425012588501;171;0.2162431197182138;0.6665625052974455;0.12350101720163911;{'threshold': 0.2}
Sensitivity analysis buffer time model (param q);BT30;./Data/PrecedenceGraphs/parsedPSPLib/graph_122_0.txt;./Data/Tasks/exponential/tasks_exponential_122_0.txt;exponential;122;8;600;[(0, 3, 0), (1, 1, 1), (2, 5, 1), (3, 3, 1), (4, 7, 8), (5, 3, 8), (6, 2, 16), (7, 2, 7), (8, 6, 7), (9, 0, 8), (10, 2, 25), (11, 5, 10), (12, 4, 7), (13, 5, 18), (14, 3, 16), (15, 6, 14), (16, 1, 18), (17, 5, 35), (18, 2, 74), (19, 0, 20), (20, 7, 38), (21, 3, 23), (22, 4, 17), (23, 4, 47), (24, 6, 64), (25, 4, 42), (26, 5, 71), (27, 0, 80), (28, 1, 26), (29, 0, 32), (30, 6, 32), (31, 0, 27), (32, 5, 43), (33, 5, 27), (34, 7, 26), (35, 5, 52), (36, 3, 90), (37, 7, 18), (38, 6, 25), (39, 7, 32), (40, 0, 65), (41, 6, 41), (42, 4, 60), (43, 6, 19), (44, 4, 53), (45, 6, 56), (46, 3, 32), (47, 3, 41), (48, 4, 68), (49, 5, 77), (50, 4, 26), (51, 6, 77), (52, 0, 13), (53, 3, 50), (54, 2, 35), (55, 1, 32), (56, 2, 101), (57, 2, 50), (58, 1, 37), (59, 4, 36), (60, 1, 62), (61, 0, 41), (62, 6, 87), (63, 3, 96), (64, 1, 10), (65, 1, 80), (66, 0, 49), (67, 7, 75), (68, 4, 77), (69, 6, 71), (70, 5, 60), (71, 2, 59), (72, 7, 45), (73, 0, 97), (74, 7, 50), (75, 7, 56), (76, 2, 69), (77, 3, 55), (78, 0, 59), (79, 1, 46), (80, 5, 66), (81, 7, 65), (82, 7, 83), (83, 5, 93), (84, 1, 89), (85, 0, 74), (86, 5, 102), (87, 3, 73), (88, 1, 54), (89, 7, 90), (90, 0, 102), (91, 2, 80), (92, 0, 90), (93, 2, 86), (94, 3, 82), (95, 2, 41), (96, 6, 50), (97, 3, 102), (98, 3, 63), (99, 7, 100), (100, 4, 83), (101, 0, 110), (102, 1, 74), (103, 2, 94), (104, 2, 111), (105, 1, 97), (106, 4, 118), (107, 1, 104), (108, 6, 105), (109, 5, 84), (110, 4, 103), (111, 1, 69), (112, 4, 93), (113, 3, 109), (114, 2, 121), (115, 6, 125), (116, 2, 133), (117, 6, 97), (118, 5, 112), (119, 0, 126), (120, 6, 143), (121, 3, 152)];0;0.4266624450683594;153;2.7861186373644102;6.80479931028097;4.5778644802195965;{'threshold': 0.3}
Sensitivity analysis buffer time model (param q);BT40;./Data/PrecedenceGraphs/parsedPSPLib/graph_122_0.txt;./Data/Tasks/exponential/tasks_exponential_122_0.txt;exponential;122;8;600;[(0, 3, 0), (1, 1, 1), (2, 5, 1), (3, 3, 1), (4, 7, 8), (5, 3, 8), (6, 2, 16), (7, 2, 7), (8, 6, 7), (9, 0, 8), (10, 2, 25), (11, 5, 10), (12, 4, 7), (13, 5, 18), (14, 3, 16), (15, 6, 14), (16, 1, 18), (17, 5, 35), (18, 2, 74), (19, 0, 20), (20, 7, 38), (21, 3, 23), (22, 4, 17), (23, 4, 47), (24, 6, 64), (25, 4, 42), (26, 5, 71), (27, 0, 80), (28, 1, 26), (29, 0, 32), (30, 6, 32), (31, 0, 27), (32, 5, 43), (33, 5, 27), (34, 7, 26), (35, 5, 52), (36, 3, 90), (37, 7, 18), (38, 6, 25), (39, 7, 32), (40, 0, 65), (41, 6, 41), (42, 4, 60), (43, 6, 19), (44, 4, 53), (45, 6, 56), (46, 3, 32), (47, 3, 41), (48, 4, 68), (49, 5, 77), (50, 4, 26), (51, 6, 77), (52, 0, 13), (53, 3, 50), (54, 2, 35), (55, 1, 32), (56, 2, 101), (57, 2, 50), (58, 1, 37), (59, 4, 36), (60, 1, 62), (61, 0, 41), (62, 6, 87), (63, 3, 96), (64, 1, 10), (65, 1, 80), (66, 0, 49), (67, 7, 75), (68, 4, 77), (69, 6, 71), (70, 5, 60), (71, 2, 59), (72, 7, 45), (73, 0, 97), (74, 7, 50), (75, 7, 56), (76, 2, 69), (77, 3, 55), (78, 0, 59), (79, 1, 46), (80, 5, 66), (81, 7, 65), (82, 7, 83), (83, 5, 93), (84, 1, 89), (85, 0, 74), (86, 5, 102), (87, 3, 73), (88, 1, 54), (89, 7, 90), (90, 0, 102), (91, 2, 80), (92, 0, 90), (93, 2, 86), (94, 3, 82), (95, 2, 41), (96, 6, 50), (97, 3, 102), (98, 3, 63), (99, 7, 100), (100, 4, 83), (101, 0, 110), (102, 1, 74), (103, 2, 94), (104, 2, 111), (105, 1, 97), (106, 4, 118), (107, 1, 104), (108, 6, 105), (109, 5, 84), (110, 4, 103), (111, 1, 69), (112, 4, 93), (113, 3, 109), (114, 2, 121), (115, 6, 125), (116, 2, 133), (117, 6, 97), (118, 5, 112), (119, 0, 126), (120, 6, 143), (121, 3, 152)];0;0.6272306442260742;153;2.7861186373644102;6.80479931028097;4.5778644802195965;{'threshold': 0.4}
Sensitivity analysis buffer time model (param q);BT50;./Data/PrecedenceGraphs/parsedPSPLib/graph_122_0.txt;./Data/Tasks/exponential/tasks_exponential_122_0.txt;exponential;122;8;600;[(0, 3, 0), (1, 1, 1), (2, 5, 1), (3, 3, 1), (4, 7, 8), (5, 3, 8), (6, 2, 16), (7, 2, 7), (8, 6, 7), (9, 0, 8), (10, 2, 25), (11, 5, 10), (12, 4, 7), (13, 5, 18), (14, 3, 16), (15, 6, 14), (16, 1, 18), (17, 5, 35), (18, 2, 74), (19, 0, 20), (20, 7, 38), (21, 3, 23), (22, 4, 17), (23, 4, 47), (24, 6, 64), (25, 4, 42), (26, 5, 71), (27, 0, 80), (28, 1, 26), (29, 0, 32), (30, 6, 32), (31, 0, 27), (32, 5, 43), (33, 5, 27), (34, 7, 26), (35, 5, 52), (36, 3, 90), (37, 7, 18), (38, 6, 25), (39, 7, 32), (40, 0, 65), (41, 6, 41), (42, 4, 60), (43, 6, 19), (44, 4, 53), (45, 6, 56), (46, 3, 32), (47, 3, 41), (48, 4, 68), (49, 5, 77), (50, 4, 26), (51, 6, 77), (52, 0, 13), (53, 3, 50), (54, 2, 35), (55, 1, 32), (56, 2, 101), (57, 2, 50), (58, 1, 37), (59, 4, 36), (60, 1, 62), (61, 0, 41), (62, 6, 87), (63, 3, 96), (64, 1, 10), (65, 1, 80), (66, 0, 49), (67, 7, 75), (68, 4, 77), (69, 6, 71), (70, 5, 60), (71, 2, 59), (72, 7, 45), (73, 0, 97), (74, 7, 50), (75, 7, 56), (76, 2, 69), (77, 3, 55), (78, 0, 59), (79, 1, 46), (80, 5, 66), (81, 7, 65), (82, 7, 83), (83, 5, 93), (84, 1, 89), (85, 0, 74), (86, 5, 102), (87, 3, 73), (88, 1, 54), (89, 7, 90), (90, 0, 102), (91, 2, 80), (92, 0, 90), (93, 2, 86), (94, 3, 82), (95, 2, 41), (96, 6, 50), (97, 3, 102), (98, 3, 63), (99, 7, 100), (100, 4, 83), (101, 0, 110), (102, 1, 74), (103, 2, 94), (104, 2, 111), (105, 1, 97), (106, 4, 118), (107, 1, 104), (108, 6, 105), (109, 5, 84), (110, 4, 103), (111, 1, 69), (112, 4, 93), (113, 3, 109), (114, 2, 121), (115, 6, 125), (116, 2, 133), (117, 6, 97), (118, 5, 112), (119, 0, 126), (120, 6, 143), (121, 3, 152)];0;0.4234616756439209;153;2.7861186373644102;6.80479931028097;4.5778644802195965;{'threshold': 0.5}
Sensitivity analysis transitions time model (param q);TR40;./Data/PrecedenceGraphs/parsedPSPLib/graph_122_0.txt;./Data/Tasks/exponential/tasks_exponential_122_0.txt;exponential;122;8;600;[(0, 2, 0), (1, 2, 8), (2, 7, 1), (3, 2, 1), (4, 5, 14), (5, 7, 8), (6, 6, 16), (7, 0, 7), (8, 5, 7), (9, 6, 8), (10, 6, 25), (11, 3, 18), (12, 3, 7), (13, 4, 26), (14, 7, 17), (15, 4, 71), (16, 2, 26), (17, 6, 35), (18, 1, 92), (19, 6, 43), (20, 7, 52), (21, 7, 24), (22, 0, 17), (23, 7, 59), (24, 7, 76), (25, 0, 59), (26, 5, 87), (27, 6, 78), (28, 3, 26), (29, 1, 24), (30, 5, 32), (31, 0, 35), (32, 7, 43), (33, 2, 35), (34, 0, 26), (35, 6, 52), (36, 7, 105), (37, 2, 17), (38, 5, 24), (39, 7, 33), (40, 4, 76), (41, 5, 42), (42, 5, 60), (43, 1, 17), (44, 0, 52), (45, 3, 68), (46, 3, 33), (47, 4, 45), (48, 5, 68), (49, 0, 80), (50, 4, 35), (51, 5, 77), (52, 4, 13), (53, 7, 65), (54, 3, 43), (55, 1, 34), (56, 3, 118), (57, 3, 50), (58, 2, 44), (59, 4, 20), (60, 2, 72), (61, 5, 52), (62, 2, 87), (63, 0, 113), (64, 7, 89), (65, 0, 88), (66, 2, 62), (67, 4, 91), (68, 0, 98), (69, 1, 76), (70, 6, 60), (71, 1, 60), (72, 1, 43), (73, 3, 97), (74, 6, 72), (75, 2, 53), (76, 0, 68), (77, 3, 59), (78, 0, 73), (79, 4, 54), (80, 7, 71), (81, 1, 82), (82, 7, 98), (83, 1, 108), (84, 6, 108), (85, 7, 83), (86, 0, 104), (87, 3, 76), (88, 4, 62), (89, 1, 98), (90, 3, 102), (91, 5, 101), (92, 5, 107), (93, 5, 93), (94, 2, 97), (95, 0, 41), (96, 6, 66), (97, 2, 106), (98, 1, 50), (99, 7, 114), (100, 6, 88), (101, 3, 110), (102, 4, 85), (103, 4, 104), (104, 2, 114), (105, 5, 114), (106, 6, 118), (107, 5, 121), (108, 4, 121), (109, 3, 87), (110, 7, 121), (111, 2, 79), (112, 6, 98), (113, 0, 120), (114, 5, 129), (115, 6, 125), (116, 6, 133), (117, 4, 111), (118, 2, 130), (119, 5, 135), (120, 3, 143), (121, 3, 152)];0;0.3265359401702881;153;1.5806001452114788;3.113736032343607;2.7877719765544358;{'threshold': 0.4}
Sensitivity analysis transitions time model (param q);TR45;./Data/PrecedenceGraphs/parsedPSPLib/graph_122_0.txt;./Data/Tasks/exponential/tasks_exponential_122_0.txt;exponential;122;8;600;[(0, 3, 0), (1, 1, 1), (2, 5, 1), (3, 3, 1), (4, 7, 8), (5, 3, 8), (6, 2, 16), (7, 2, 7), (8, 6, 7), (9, 0, 8), (10, 2, 25), (11, 5, 10), (12, 4, 7), (13, 5, 18), (14, 3, 16), (15, 6, 14), (16, 1, 18), (17, 5, 35), (18, 2, 74), (19, 0, 20), (20, 7, 38), (21, 3, 23), (22, 4, 17), (23, 4, 47), (24, 6, 64), (25, 4, 42), (26, 5, 71), (27, 0, 80), (28, 1, 26), (29, 0, 32), (30, 6, 32), (31, 0, 27), (32, 5, 43), (33, 5, 27), (34, 7, 26), (35, 5, 52), (36, 3, 90), (37, 7, 18), (38, 6, 25), (39, 7, 32), (40, 0, 65), (41, 6, 41), (42, 4, 60), (43, 6, 19), (44, 4, 53), (45, 6, 56), (46, 3, 32), (47, 3, 41), (48, 4, 68), (49, 5, 77), (50, 4, 26), (51, 6, 77), (52, 0, 13), (53, 3, 50), (54, 2, 35), (55, 1, 32), (56, 2, 101), (57, 2, 50), (58, 1, 37), (59, 4, 36), (60, 1, 62), (61, 0, 41), (62, 6, 87), (63, 3, 96), (64, 1, 10), (65, 1, 80), (66, 0, 49), (67, 7, 75), (68, 4, 77), (69, 6, 71), (70, 5, 60), (71, 2, 59), (72, 7, 45), (73, 0, 97), (74, 7, 50), (75, 7, 56), (76, 2, 69), (77, 3, 55), (78, 0, 59), (79, 1, 46), (80, 5, 66), (81, 7, 65), (82, 7, 83), (83, 5, 93), (84, 1, 89), (85, 0, 74), (86, 5, 102), (87, 3, 73), (88, 1, 54), (89, 7, 90), (90, 0, 102), (91, 2, 80), (92, 0, 90), (93, 2, 86), (94, 3, 82), (95, 2, 41), (96, 6, 50), (97, 3, 102), (98, 3, 63), (99, 7, 100), (100, 4, 83), (101, 0, 110), (102, 1, 74), (103, 2, 94), (104, 2, 111), (105, 1, 97), (106, 4, 118), (107, 1, 104), (108, 6, 105), (109, 5, 84), (110, 4, 103), (111, 1, 69), (112, 4, 93), (113, 3, 109), (114, 2, 121), (115, 6, 125), (116, 2, 133), (117, 6, 97), (118, 5, 112), (119, 0, 126), (120, 6, 143), (121, 3, 152)];0;0.4298253059387207;153;2.7861186373644102;6.80479931028097;4.5778644802195965;{'threshold': 0.45}
Sensitivity analysis transitions time model (param q);TR50;./Data/PrecedenceGraphs/parsedPSPLib/graph_122_0.txt;./Data/Tasks/exponential/tasks_exponential_122_0.txt;exponential;122;8;600;[(0, 3, 0), (1, 1, 1), (2, 5, 1), (3, 3, 1), (4, 7, 8), (5, 3, 8), (6, 2, 16), (7, 2, 7), (8, 6, 7), (9, 0, 8), (10, 2, 25), (11, 5, 10), (12, 4, 7), (13, 5, 18), (14, 3, 16), (15, 6, 14), (16, 1, 18), (17, 5, 35), (18, 2, 74), (19, 0, 20), (20, 7, 38), (21, 3, 23), (22, 4, 17), (23, 4, 47), (24, 6, 64), (25, 4, 42), (26, 5, 71), (27, 0, 80), (28, 1, 26), (29, 0, 32), (30, 6, 32), (31, 0, 27), (32, 5, 43), (33, 5, 27), (34, 7, 26), (35, 5, 52), (36, 3, 90), (37, 7, 18), (38, 6, 25), (39, 7, 32), (40, 0, 65), (41, 6, 41), (42, 4, 60), (43, 6, 19), (44, 4, 53), (45, 6, 56), (46, 3, 32), (47, 3, 41), (48, 4, 68), (49, 5, 77), (50, 4, 26), (51, 6, 77), (52, 0, 13), (53, 3, 50), (54, 2, 35), (55, 1, 32), (56, 2, 101), (57, 2, 50), (58, 1, 37), (59, 4, 36), (60, 1, 62), (61, 0, 41), (62, 6, 87), (63, 3, 96), (64, 1, 10), (65, 1, 80), (66, 0, 49), (67, 7, 75), (68, 4, 77), (69, 6, 71), (70, 5, 60), (71, 2, 59), (72, 7, 45), (73, 0, 97), (74, 7, 50), (75, 7, 56), (76, 2, 69), (77, 3, 55), (78, 0, 59), (79, 1, 46), (80, 5, 66), (81, 7, 65), (82, 7, 83), (83, 5, 93), (84, 1, 89), (85, 0, 74), (86, 5, 102), (87, 3, 73), (88, 1, 54), (89, 7, 90), (90, 0, 102), (91, 2, 80), (92, 0, 90), (93, 2, 86), (94, 3, 82), (95, 2, 41), (96, 6, 50), (97, 3, 102), (98, 3, 63), (99, 7, 100), (100, 4, 83), (101, 0, 110), (102, 1, 74), (103, 2, 94), (104, 2, 111), (105, 1, 97), (106, 4, 118), (107, 1, 104), (108, 6, 105), (109, 5, 84), (110, 4, 103), (111, 1, 69), (112, 4, 93), (113, 3, 109), (114, 2, 121), (115, 6, 125), (116, 2, 133), (117, 6, 97), (118, 5, 112), (119, 0, 126), (120, 6, 143), (121, 3, 152)];0;0.44468164443969727;153;2.7861186373644102;6.80479931028097;4.5778644802195965;{'threshold': 0.5}
Sensitivity analysis transitions time model (param q);TR55;./Data/PrecedenceGraphs/parsedPSPLib/graph_122_0.txt;./Data/Tasks/exponential/tasks_exponential_122_0.txt;exponential;122;8;600;[(0, 3, 0), (1, 1, 1), (2, 5, 1), (3, 3, 1), (4, 7, 8), (5, 3, 8), (6, 2, 16), (7, 2, 7), (8, 6, 7), (9, 0, 8), (10, 2, 25), (11, 5, 10), (12, 4, 7), (13, 5, 18), (14, 3, 16), (15, 6, 14), (16, 1, 18), (17, 5, 35), (18, 2, 74), (19, 0, 20), (20, 7, 38), (21, 3, 23), (22, 4, 17), (23, 4, 47), (24, 6, 64), (25, 4, 42), (26, 5, 71), (27, 0, 80), (28, 1, 26), (29, 0, 32), (30, 6, 32), (31, 0, 27), (32, 5, 43), (33, 5, 27), (34, 7, 26), (35, 5, 52), (36, 3, 90), (37, 7, 18), (38, 6, 25), (39, 7, 32), (40, 0, 65), (41, 6, 41), (42, 4, 60), (43, 6, 19), (44, 4, 53), (45, 6, 56), (46, 3, 32), (47, 3, 41), (48, 4, 68), (49, 5, 77), (50, 4, 26), (51, 6, 77), (52, 0, 13), (53, 3, 50), (54, 2, 35), (55, 1, 32), (56, 2, 101), (57, 2, 50), (58, 1, 37), (59, 4, 36), (60, 1, 62), (61, 0, 41), (62, 6, 87), (63, 3, 96), (64, 1, 10), (65, 1, 80), (66, 0, 49), (67, 7, 75), (68, 4, 77), (69, 6, 71), (70, 5, 60), (71, 2, 59), (72, 7, 45), (73, 0, 97), (74, 7, 50), (75, 7, 56), (76, 2, 69), (77, 3, 55), (78, 0, 59), (79, 1, 46), (80, 5, 66), (81, 7, 65), (82, 7, 83), (83, 5, 93), (84, 1, 89), (85, 0, 74), (86, 5, 102), (87, 3, 73), (88, 1, 54), (89, 7, 90), (90, 0, 102), (91, 2, 80), (92, 0, 90), (93, 2, 86), (94, 3, 82), (95, 2, 41), (96, 6, 50), (97, 3, 102), (98, 3, 63), (99, 7, 100), (100, 4, 83), (101, 0, 110), (102, 1, 74), (103, 2, 94), (104, 2, 111), (105, 1, 97), (106, 4, 118), (107, 1, 104), (108, 6, 105), (109, 5, 84), (110, 4, 103), (111, 1, 69), (112, 4, 93), (113, 3, 109), (114, 2, 121), (115, 6, 125), (116, 2, 133), (117, 6, 97), (118, 5, 112), (119, 0, 126), (120, 6, 143), (121, 3, 152)];0;0.43511366844177246;153;2.7861186373644102;6.80479931028097;4.5778644802195965;{'threshold': 0.55}
Sensitivity analysis transitions time model (param q);TR60;./Data/PrecedenceGraphs/parsedPSPLib/graph_122_0.txt;./Data/Tasks/exponential/tasks_exponential_122_0.txt;exponential;122;8;600;[(0, 3, 0), (1, 1, 1), (2, 5, 1), (3, 3, 1), (4, 7, 8), (5, 3, 8), (6, 2, 16), (7, 2, 7), (8, 6, 7), (9, 0, 8), (10, 2, 25), (11, 5, 10), (12, 4, 7), (13, 5, 18), (14, 3, 16), (15, 6, 14), (16, 1, 18), (17, 5, 35), (18, 2, 74), (19, 0, 20), (20, 7, 38), (21, 3, 23), (22, 4, 17), (23, 4, 47), (24, 6, 64), (25, 4, 42), (26, 5, 71), (27, 0, 80), (28, 1, 26), (29, 0, 32), (30, 6, 32), (31, 0, 27), (32, 5, 43), (33, 5, 27), (34, 7, 26), (35, 5, 52), (36, 3, 90), (37, 7, 18), (38, 6, 25), (39, 7, 32), (40, 0, 65), (41, 6, 41), (42, 4, 60), (43, 6, 19), (44, 4, 53), (45, 6, 56), (46, 3, 32), (47, 3, 41), (48, 4, 68), (49, 5, 77), (50, 4, 26), (51, 6, 77), (52, 0, 13), (53, 3, 50), (54, 2, 35), (55, 1, 32), (56, 2, 101), (57, 2, 50), (58, 1, 37), (59, 4, 36), (60, 1, 62), (61, 0, 41), (62, 6, 87), (63, 3, 96), (64, 1, 10), (65, 1, 80), (66, 0, 49), (67, 7, 75), (68, 4, 77), (69, 6, 71), (70, 5, 60), (71, 2, 59), (72, 7, 45), (73, 0, 97), (74, 7, 50), (75, 7, 56), (76, 2, 69), (77, 3, 55), (78, 0, 59), (79, 1, 46), (80, 5, 66), (81, 7, 65), (82, 7, 83), (83, 5, 93), (84, 1, 89), (85, 0, 74), (86, 5, 102), (87, 3, 73), (88, 1, 54), (89, 7, 90), (90, 0, 102), (91, 2, 80), (92, 0, 90), (93, 2, 86), (94, 3, 82), (95, 2, 41), (96, 6, 50), (97, 3, 102), (98, 3, 63), (99, 7, 100), (100, 4, 83), (101, 0, 110), (102, 1, 74), (103, 2, 94), (104, 2, 111), (105, 1, 97), (106, 4, 118), (107, 1, 104), (108, 6, 105), (109, 5, 84), (110, 4, 103), (111, 1, 69), (112, 4, 93), (113, 3, 109), (114, 2, 121), (115, 6, 125), (116, 2, 133), (117, 6, 97), (118, 5, 112), (119, 0, 126), (120, 6, 143), (121, 3, 152)];0;0.456784725189209;153;2.7861186373644102;6.80479931028097;4.5778644802195965;{'threshold': 0.6}
Obj. F. analysis SAA model (RM);STr;./Data/PrecedenceGraphs/parsedPSPLib/graph_122_0.txt;./Data/Tasks/exponential/tasks_exponential_122_0.txt;exponential;122;8;600;[(0, 6, 0), (1, 3, 1), (2, 2, 1), (3, 1, 1), (4, 1, 8), (5, 5, 8), (6, 6, 16), (7, 3, 10), (8, 2, 8), (9, 6, 8), (10, 6, 25), (11, 7, 10), (12, 4, 7), (13, 4, 18), (14, 3, 19), (15, 0, 15), (16, 5, 18), (17, 3, 35), (18, 2, 85), (19, 0, 20), (20, 5, 41), (21, 5, 26), (22, 2, 22), (23, 0, 56), (24, 6, 72), (25, 1, 53), (26, 7, 73), (27, 5, 73), (28, 2, 31), (29, 1, 30), (30, 4, 37), (31, 0, 27), (32, 3, 43), (33, 7, 27), (34, 0, 32), (35, 3, 52), (36, 6, 98), (37, 7, 18), (38, 3, 26), (39, 7, 35), (40, 2, 71), (41, 1, 39), (42, 3, 60), (43, 1, 18), (44, 7, 52), (45, 5, 65), (46, 2, 37), (47, 0, 38), (48, 3, 68), (49, 1, 81), (50, 4, 27), (51, 3, 77), (52, 2, 15), (53, 4, 46), (54, 5, 35), (55, 6, 35), (56, 6, 113), (57, 5, 48), (58, 6, 40), (59, 1, 24), (60, 0, 62), (61, 7, 41), (62, 3, 87), (63, 1, 97), (64, 7, 79), (65, 6, 79), (66, 4, 51), (67, 1, 73), (68, 7, 87), (69, 4, 82), (70, 4, 61), (71, 6, 57), (72, 1, 48), (73, 3, 97), (74, 7, 67), (75, 0, 47), (76, 1, 68), (77, 1, 58), (78, 7, 61), (79, 6, 49), (80, 6, 67), (81, 0, 69), (82, 6, 91), (83, 0, 95), (84, 4, 96), (85, 0, 79), (86, 2, 105), (87, 4, 67), (88, 5, 57), (89, 5, 83), (90, 3, 102), (91, 5, 93), (92, 2, 91), (93, 7, 93), (94, 4, 88), (95, 2, 46), (96, 2, 65), (97, 0, 104), (98, 2, 55), (99, 4, 104), (100, 0, 85), (101, 3, 110), (102, 4, 76), (103, 2, 98), (104, 0, 114), (105, 7, 101), (106, 3, 118), (107, 5, 109), (108, 7, 108), (109, 1, 88), (110, 6, 104), (111, 2, 80), (112, 5, 99), (113, 2, 114), (114, 2, 124), (115, 5, 125), (116, 7, 133), (117, 1, 103), (118, 7, 113), (119, 5, 133), (120, 0, 143), (121, 6, 152)];0;56.01524519920349;153;1.787233165242457;4.817206410838809;1.6431745542069767;{'N': 30, 'obj': 'avg_rm'}
Obj. F. analysis SAA model (S1);STs1;./Data/PrecedenceGraphs/parsedPSPLib/graph_122_0.txt;./Data/Tasks/exponential/tasks_exponential_122_0.txt;exponential;122;8;600;[(0, 7, 0), (1, 3, 1), (2, 1, 1), (3, 0, 1), (4, 7, 16), (5, 1, 8), (6, 1, 16), (7, 7, 7), (8, 1, 25), (9, 0, 8), (10, 0, 25), (11, 4, 10), (12, 2, 7), (13, 5, 18), (14, 4, 18), (15, 1, 38), (16, 2, 18), (17, 7, 35), (18, 4, 68), (19, 0, 18), (20, 5, 42), (21, 5, 27), (22, 6, 16), (23, 6, 31), (24, 1, 50), (25, 6, 53), (26, 6, 25), (27, 4, 74), (28, 5, 36), (29, 4, 25), (30, 5, 49), (31, 2, 27), (32, 4, 43), (33, 2, 32), (34, 3, 26), (35, 4, 52), (36, 4, 93), (37, 3, 18), (38, 1, 43), (39, 1, 57), (40, 3, 61), (41, 3, 34), (42, 4, 60), (43, 1, 32), (44, 1, 63), (45, 5, 82), (46, 3, 43), (47, 1, 70), (48, 7, 68), (49, 6, 81), (50, 6, 37), (51, 7, 77), (52, 0, 35), (53, 6, 58), (54, 2, 40), (55, 4, 36), (56, 0, 104), (57, 3, 52), (58, 2, 46), (59, 6, 47), (60, 5, 67), (61, 0, 46), (62, 7, 87), (63, 7, 54), (64, 3, 10), (65, 5, 58), (66, 2, 63), (67, 5, 74), (68, 3, 70), (69, 1, 105), (70, 6, 70), (71, 0, 54), (72, 7, 43), (73, 7, 97), (74, 7, 48), (75, 5, 98), (76, 5, 107), (77, 5, 90), (78, 2, 73), (79, 1, 79), (80, 6, 76), (81, 2, 79), (82, 0, 109), (83, 4, 84), (84, 0, 73), (85, 5, 112), (86, 3, 118), (87, 4, 99), (88, 1, 87), (89, 3, 108), (90, 2, 102), (91, 5, 118), (92, 3, 89), (93, 2, 55), (94, 1, 116), (95, 0, 64), (96, 0, 98), (97, 6, 116), (98, 0, 81), (99, 7, 118), (100, 1, 95), (101, 2, 110), (102, 2, 91), (103, 7, 102), (104, 3, 127), (105, 0, 91), (106, 2, 118), (107, 3, 81), (108, 1, 111), (109, 6, 88), (110, 6, 107), (111, 4, 108), (112, 6, 97), (113, 4, 123), (114, 7, 137), (115, 0, 125), (116, 2, 133), (117, 1, 132), (118, 7, 125), (119, 5, 142), (120, 0, 143), (121, 1, 152)];0;601.7130343914032;153;1.2541103886349187;3.1983407380702147;3.1983407380702147;{'N': 30, 'obj': 'avg_exp_ovp'}
Obj. F. analysis SAA model (S2);STs2;./Data/PrecedenceGraphs/parsedPSPLib/graph_122_0.txt;./Data/Tasks/exponential/tasks_exponential_122_0.txt;exponential;122;8;600;[(0, 1, 0), (1, 0, 1), (2, 2, 1), (3, 1, 1), (4, 5, 8), (5, 6, 8), (6, 7, 16), (7, 4, 7), (8, 1, 7), (9, 7, 41), (10, 0, 25), (11, 2, 10), (12, 3, 7), (13, 6, 18), (14, 0, 16), (15, 3, 17), (16, 6, 27), (17, 5, 35), (18, 4, 95), (19, 0, 35), (20, 7, 53), (21, 2, 23), (22, 1, 16), (23, 7, 61), (24, 1, 73), (25, 5, 77), (26, 2, 39), (27, 2, 95), (28, 3, 25), (29, 5, 23), (30, 1, 31), (31, 3, 31), (32, 5, 43), (33, 7, 27), (34, 4, 30), (35, 3, 52), (36, 7, 109), (37, 1, 40), (38, 4, 23), (39, 2, 32), (40, 2, 54), (41, 6, 40), (42, 3, 60), (43, 6, 73), (44, 6, 55), (45, 0, 62), (46, 1, 49), (47, 2, 45), (48, 5, 68), (49, 1, 80), (50, 5, 52), (51, 0, 77), (52, 1, 58), (53, 7, 67), (54, 7, 35), (55, 6, 35), (56, 7, 73), (57, 3, 78), (58, 0, 42), (59, 7, 47), (60, 2, 70), (61, 4, 49), (62, 0, 87), (63, 4, 111), (64, 6, 79), (65, 6, 62), (66, 4, 63), (67, 5, 102), (68, 3, 111), (69, 7, 93), (70, 2, 64), (71, 3, 68), (72, 3, 43), (73, 0, 97), (74, 4, 79), (75, 1, 108), (76, 2, 82), (77, 5, 82), (78, 4, 73), (79, 1, 65), (80, 7, 88), (81, 3, 95), (82, 1, 101), (83, 7, 79), (84, 1, 87), (85, 5, 90), (86, 5, 110), (87, 4, 86), (88, 3, 87), (89, 4, 101), (90, 0, 102), (91, 5, 96), (92, 7, 115), (93, 3, 117), (94, 6, 104), (95, 4, 40), (96, 6, 49), (97, 6, 113), (98, 0, 52), (99, 7, 122), (100, 7, 99), (101, 0, 110), (102, 3, 105), (103, 4, 119), (104, 5, 119), (105, 2, 88), (106, 0, 118), (107, 6, 96), (108, 4, 126), (109, 2, 105), (110, 1, 122), (111, 1, 117), (112, 2, 115), (113, 6, 120), (114, 2, 130), (115, 0, 125), (116, 0, 133), (117, 3, 126), (118, 5, 132), (119, 4, 136), (120, 3, 143), (121, 4, 152)];0;146.96293592453003;153;1.1139766140319594;2.0554186172602362;1.8160597955024973;{'N': 30, 'obj': 'max_exp_ovp'}
Obj. F. analysis SAA model (additional Obj F 1);STmR;./Data/PrecedenceGraphs/parsedPSPLib/graph_122_0.txt;./Data/Tasks/exponential/tasks_exponential_122_0.txt;exponential;122;8;600;[(0, 0, 0), (1, 4, 1), (2, 3, 1), (3, 0, 1), (4, 3, 8), (5, 0, 8), (6, 5, 16), (7, 5, 7), (8, 6, 7), (9, 2, 8), (10, 6, 25), (11, 7, 10), (12, 1, 7), (13, 3, 18), (14, 0, 16), (15, 6, 14), (16, 4, 18), (17, 2, 35), (18, 4, 74), (19, 2, 20), (20, 3, 38), (21, 0, 23), (22, 1, 17), (23, 1, 50), (24, 3, 64), (25, 7, 42), (26, 0, 72), (27, 4, 80), (28, 1, 26), (29, 1, 32), (30, 5, 32), (31, 3, 27), (32, 2, 43), (33, 2, 27), (34, 4, 26), (35, 2, 52), (36, 4, 90), (37, 7, 18), (38, 5, 25), (39, 3, 32), (40, 7, 65), (41, 6, 41), (42, 2, 60), (43, 6, 19), (44, 7, 52), (45, 3, 56), (46, 4, 32), (47, 5, 41), (48, 2, 68), (49, 3, 77), (50, 7, 26), (51, 2, 77), (52, 2, 13), (53, 7, 47), (54, 6, 35), (55, 0, 32), (56, 1, 102), (57, 6, 50), (58, 0, 37), (59, 7, 36), (60, 1, 64), (61, 4, 41), (62, 2, 87), (63, 1, 96), (64, 4, 10), (65, 7, 80), (66, 4, 49), (67, 5, 75), (68, 0, 78), (69, 3, 71), (70, 7, 59), (71, 0, 62), (72, 3, 45), (73, 2, 97), (74, 6, 59), (75, 5, 50), (76, 4, 69), (77, 1, 56), (78, 5, 59), (79, 0, 46), (80, 6, 65), (81, 5, 65), (82, 3, 84), (83, 0, 93), (84, 1, 88), (85, 6, 75), (86, 6, 102), (87, 1, 71), (88, 0, 54), (89, 7, 89), (90, 2, 102), (91, 6, 81), (92, 3, 91), (93, 6, 87), (94, 1, 80), (95, 1, 41), (96, 3, 50), (97, 0, 102), (98, 4, 59), (99, 7, 99), (100, 5, 83), (101, 3, 110), (102, 7, 74), (103, 6, 95), (104, 7, 111), (105, 4, 96), (106, 6, 118), (107, 5, 103), (108, 7, 106), (109, 0, 84), (110, 4, 103), (111, 6, 70), (112, 5, 93), (113, 1, 109), (114, 2, 121), (115, 0, 125), (116, 3, 133), (117, 3, 98), (118, 4, 112), (119, 2, 126), (120, 3, 143), (121, 4, 152)];0;28.943504333496094;153;2.507732194868881;6.5989785589744585;2.6456809905811363;{'N': 30, 'obj': 'max_rm'}
Obj. F. analysis SAA model (additional Obj F 2);STmS;./Data/PrecedenceGraphs/parsedPSPLib/graph_122_0.txt;./Data/Tasks/exponential/tasks_exponential_122_0.txt;exponential;122;8;600;[(0, 0, 0), (1, 5, 1), (2, 6, 1), (3, 2, 1), (4, 0, 8), (5, 6, 8), (6, 6, 16), (7, 1, 7), (8, 3, 7), (9, 7, 8), (10, 3, 25), (11, 5, 10), (12, 2, 7), (13, 4, 18), (14, 1, 16), (15, 3, 14), (16, 0, 18), (17, 4, 35), (18, 0, 73), (19, 7, 20), (20, 6, 38), (21, 1, 23), (22, 2, 17), (23, 0, 49), (24, 6, 64), (25, 6, 45), (26, 6, 71), (27, 0, 79), (28, 0, 26), (29, 5, 26), (30, 0, 32), (31, 7, 27), (32, 4, 43), (33, 4, 27), (34, 7, 32), (35, 4, 52), (36, 0, 90), (37, 5, 18), (38, 6, 25), (39, 6, 32), (40, 5, 66), (41, 2, 42), (42, 4, 60), (43, 3, 19), (44, 7, 52), (45, 6, 56), (46, 5, 35), (47, 7, 38), (48, 4, 68), (49, 7, 77), (50, 2, 26), (51, 4, 77), (52, 7, 13), (53, 7, 47), (54, 3, 35), (55, 1, 32), (56, 1, 106), (57, 3, 50), (58, 1, 37), (59, 2, 36), (60, 5, 59), (61, 0, 41), (62, 4, 87), (63, 7, 97), (64, 4, 10), (65, 2, 80), (66, 5, 49), (67, 3, 76), (68, 1, 78), (69, 1, 72), (70, 3, 59), (71, 0, 63), (72, 5, 44), (73, 4, 97), (74, 2, 51), (75, 2, 57), (76, 7, 70), (77, 0, 55), (78, 7, 59), (79, 1, 46), (80, 7, 65), (81, 3, 65), (82, 3, 86), (83, 3, 93), (84, 2, 89), (85, 6, 77), (86, 4, 102), (87, 2, 71), (88, 1, 54), (89, 5, 90), (90, 3, 102), (91, 6, 83), (92, 1, 92), (93, 1, 84), (94, 5, 81), (95, 3, 41), (96, 6, 50), (97, 0, 103), (98, 1, 62), (99, 7, 103), (100, 6, 89), (101, 5, 110), (102, 5, 75), (103, 0, 96), (104, 7, 111), (105, 1, 99), (106, 3, 118), (107, 5, 100), (108, 6, 107), (109, 7, 86), (110, 2, 107), (111, 2, 66), (112, 2, 97), (113, 0, 111), (114, 6, 122), (115, 5, 125), (116, 3, 133), (117, 6, 99), (118, 1, 116), (119, 6, 128), (120, 7, 143), (121, 2, 152)];0;52.85806488990784;153;1.9590835962256052;4.981930493743548;3.069540937895291;{'N': 30, 'obj': 'max_max_ovp'}
Obj. F. analysis Model With Bounded Makespan (RM);MBr;./Data/PrecedenceGraphs/parsedPSPLib/graph_122_0.txt;./Data/Tasks/exponential/tasks_exponential_122_0.txt;exponential;122;8;600;[(0, 3, 0), (1, 5, 1), (2, 0, 1), (3, 1, 1), (4, 2, 8), (5, 0, 8), (6, 0, 16), (7, 1, 7), (8, 4, 7), (9, 3, 8), (10, 0, 25), (11, 7, 10), (12, 6, 7), (13, 2, 18), (14, 1, 16), (15, 4, 14), (16, 5, 18), (17, 0, 35), (18, 1, 62), (19, 7, 35), (20, 3, 36), (21, 1, 23), (22, 6, 17), (23, 7, 47), (24, 0, 67), (25, 7, 42), (26, 4, 73), (27, 4, 79), (28, 6, 26), (29, 7, 26), (30, 5, 32), (31, 2, 27), (32, 0, 43), (33, 6, 32), (34, 5, 26), (35, 0, 52), (36, 3, 91), (37, 7, 18), (38, 4, 25), (39, 4, 32), (40, 6, 70), (41, 4, 38), (42, 2, 60), (43, 4, 19), (44, 4, 52), (45, 3, 48), (46, 2, 32), (47, 5, 41), (48, 2, 68), (49, 3, 78), (50, 3, 26), (51, 2, 77), (52, 3, 13), (53, 4, 47), (54, 6, 40), (55, 1, 32), (56, 3, 104), (57, 5, 50), (58, 1, 37), (59, 3, 20), (60, 0, 60), (61, 1, 46), (62, 2, 87), (63, 0, 97), (64, 5, 10), (65, 5, 79), (66, 6, 54), (67, 0, 74), (68, 6, 79), (69, 4, 67), (70, 7, 59), (71, 3, 62), (72, 3, 43), (73, 2, 97), (74, 7, 53), (75, 5, 59), (76, 1, 68), (77, 4, 59), (78, 6, 64), (79, 6, 46), (80, 7, 65), (81, 7, 70), (82, 1, 82), (83, 1, 89), (84, 7, 88), (85, 5, 73), (86, 0, 103), (87, 1, 73), (88, 1, 54), (89, 4, 89), (90, 2, 102), (91, 3, 85), (92, 0, 90), (93, 0, 82), (94, 7, 80), (95, 2, 41), (96, 3, 56), (97, 7, 103), (98, 2, 50), (99, 4, 99), (100, 5, 88), (101, 2, 110), (102, 3, 72), (103, 7, 96), (104, 1, 112), (105, 3, 97), (106, 2, 118), (107, 5, 98), (108, 4, 106), (109, 6, 85), (110, 6, 104), (111, 5, 68), (112, 6, 94), (113, 3, 110), (114, 0, 122), (115, 4, 125), (116, 7, 133), (117, 1, 98), (118, 7, 113), (119, 2, 127), (120, 2, 143), (121, 3, 157)];0;49.61626648902893;158;2.1771126935406033;5.534372093539354;0.32787156930559525;{'N': 30, 'makespan_delta': 5, 'first_runner': <function run_cp_simp at 0x0000020415A904A0>, 'first_runner_params': {}, 'first_time_limit': 60, 'obj': 'avg_rm'}
Obj. F. analysis Model With Bounded Makespan (S1);MBs1;./Data/PrecedenceGraphs/parsedPSPLib/graph_122_0.txt;./Data/Tasks/exponential/tasks_exponential_122_0.txt;exponential;122;8;600;[(0, 3, 0), (1, 4, 1), (2, 5, 1), (3, 2, 1), (4, 3, 8), (5, 0, 8), (6, 5, 16), (7, 7, 7), (8, 3, 18), (9, 5, 8), (10, 5, 25), (11, 1, 10), (12, 6, 7), (13, 4, 18), (14, 7, 16), (15, 5, 60), (16, 1, 18), (17, 5, 35), (18, 6, 90), (19, 1, 26), (20, 3, 44), (21, 2, 25), (22, 2, 16), (23, 0, 45), (24, 0, 73), (25, 7, 33), (26, 5, 74), (27, 6, 80), (28, 4, 27), (29, 1, 33), (30, 4, 33), (31, 3, 27), (32, 5, 43), (33, 0, 31), (34, 3, 32), (35, 3, 57), (36, 1, 113), (37, 0, 16), (38, 7, 25), (39, 2, 34), (40, 6, 57), (41, 1, 42), (42, 3, 65), (43, 6, 17), (44, 7, 68), (45, 5, 52), (46, 6, 36), (47, 7, 38), (48, 3, 73), (49, 3, 82), (50, 6, 26), (51, 0, 82), (52, 0, 24), (53, 4, 42), (54, 0, 39), (55, 2, 42), (56, 1, 60), (57, 6, 47), (58, 0, 51), (59, 7, 75), (60, 2, 53), (61, 7, 47), (62, 0, 92), (63, 3, 38), (64, 4, 10), (65, 1, 78), (66, 7, 57), (67, 2, 88), (68, 6, 96), (69, 4, 84), (70, 5, 92), (71, 2, 60), (72, 2, 48), (73, 0, 102), (74, 4, 56), (75, 1, 51), (76, 2, 73), (77, 1, 65), (78, 4, 68), (79, 0, 60), (80, 6, 102), (81, 4, 74), (82, 1, 106), (83, 4, 103), (84, 6, 107), (85, 2, 81), (86, 2, 109), (87, 5, 65), (88, 6, 68), (89, 5, 80), (90, 7, 107), (91, 1, 87), (92, 3, 112), (93, 1, 98), (94, 4, 92), (95, 4, 47), (96, 3, 51), (97, 0, 107), (98, 5, 102), (99, 3, 121), (100, 7, 81), (101, 7, 115), (102, 5, 114), (103, 4, 112), (104, 5, 120), (105, 2, 97), (106, 7, 123), (107, 6, 115), (108, 2, 104), (109, 3, 89), (110, 7, 95), (111, 1, 73), (112, 3, 102), (113, 0, 114), (114, 3, 131), (115, 7, 130), (116, 7, 138), (117, 2, 118), (118, 1, 128), (119, 3, 136), (120, 6, 148), (121, 3, 157)];73.2784;601.7983582019806;158;0.8750961956864958;2.4782661986360335;1.5958821490722295;{'N': 30, 'makespan_delta': 5, 'first_runner': <function run_cp_simp at 0x0000020415A904A0>, 'first_runner_params': {}, 'first_time_limit': 60, 'obj': 'avg_exp_ovp'}
Obj. F. analysis Model With Bounded Makespan (S2);MBs2;./Data/PrecedenceGraphs/parsedPSPLib/graph_122_0.txt;./Data/Tasks/exponential/tasks_exponential_122_0.txt;exponential;122;8;600;[(0, 6, 0), (1, 5, 1), (2, 3, 1), (3, 1, 1), (4, 2, 51), (5, 7, 8), (6, 2, 17), (7, 4, 7), (8, 0, 7), (9, 3, 8), (10, 1, 26), (11, 1, 10), (12, 6, 7), (13, 0, 18), (14, 7, 17), (15, 1, 18), (16, 7, 25), (17, 3, 36), (18, 6, 34), (19, 5, 74), (20, 4, 17), (21, 5, 33), (22, 3, 16), (23, 2, 62), (24, 7, 98), (25, 1, 97), (26, 4, 50), (27, 0, 44), (28, 6, 26), (29, 4, 32), (30, 0, 34), (31, 4, 27), (32, 6, 44), (33, 2, 27), (34, 5, 27), (35, 1, 53), (36, 7, 105), (37, 5, 17), (38, 0, 27), (39, 5, 68), (40, 5, 91), (41, 4, 82), (42, 1, 61), (43, 4, 56), (44, 6, 58), (45, 7, 73), (46, 1, 36), (47, 3, 44), (48, 1, 69), (49, 1, 90), (50, 5, 42), (51, 3, 78), (52, 7, 33), (53, 6, 53), (54, 2, 35), (55, 5, 53), (56, 4, 100), (57, 0, 81), (58, 6, 66), (59, 6, 18), (60, 2, 44), (61, 4, 42), (62, 3, 89), (63, 2, 86), (64, 7, 40), (65, 5, 101), (66, 5, 58), (67, 0, 54), (68, 0, 71), (69, 3, 104), (70, 1, 78), (71, 7, 62), (72, 7, 48), (73, 3, 99), (74, 0, 93), (75, 5, 81), (76, 3, 111), (77, 0, 62), (78, 6, 75), (79, 2, 78), (80, 1, 85), (81, 6, 92), (82, 3, 59), (83, 0, 125), (84, 2, 117), (85, 3, 116), (86, 4, 105), (87, 4, 62), (88, 7, 88), (89, 4, 71), (90, 1, 104), (91, 1, 122), (92, 7, 81), (93, 2, 69), (94, 4, 114), (95, 7, 53), (96, 3, 53), (97, 6, 111), (98, 6, 81), (99, 3, 122), (100, 2, 107), (101, 7, 113), (102, 0, 99), (103, 4, 92), (104, 0, 114), (105, 5, 120), (106, 6, 121), (107, 2, 125), (108, 0, 134), (109, 2, 97), (110, 1, 129), (111, 0, 105), (112, 5, 110), (113, 1, 138), (114, 3, 129), (115, 7, 128), (116, 3, 137), (117, 5, 127), (118, 2, 139), (119, 1, 144), (120, 4, 147), (121, 7, 157)];0;166.7182137966156;158;0.7407691482698322;1.3017131674332476;0.6725500424998042;{'N': 30, 'makespan_delta': 5, 'first_runner': <function run_cp_simp at 0x0000020415A904A0>, 'first_runner_params': {}, 'first_time_limit': 60, 'obj': 'max_exp_ovp'}
Obj. F. analysis Model With Bounded Makespan (additional Obj F 1);MBmR;./Data/PrecedenceGraphs/parsedPSPLib/graph_122_0.txt;./Data/Tasks/exponential/tasks_exponential_122_0.txt;exponential;122;8;600;[(0, 2, 0), (1, 3, 1), (2, 7, 1), (3, 6, 1), (4, 4, 8), (5, 7, 8), (6, 0, 16), (7, 0, 7), (8, 5, 7), (9, 2, 8), (10, 0, 25), (11, 3, 10), (12, 1, 7), (13, 3, 18), (14, 7, 16), (15, 5, 14), (16, 6, 18), (17, 4, 35), (18, 5, 64), (19, 2, 20), (20, 7, 38), (21, 7, 23), (22, 1, 17), (23, 2, 50), (24, 7, 64), (25, 7, 45), (26, 5, 70), (27, 2, 78), (28, 1, 26), (29, 4, 26), (30, 2, 32), (31, 2, 27), (32, 4, 43), (33, 3, 27), (34, 7, 32), (35, 4, 52), (36, 4, 90), (37, 4, 18), (38, 5, 25), (39, 5, 32), (40, 6, 72), (41, 5, 38), (42, 4, 60), (43, 5, 19), (44, 3, 54), (45, 7, 56), (46, 0, 35), (47, 6, 42), (48, 3, 68), (49, 1, 77), (50, 6, 26), (51, 3, 77), (52, 2, 13), (53, 3, 49), (54, 3, 35), (55, 1, 32), (56, 5, 100), (57, 5, 47), (58, 1, 37), (59, 6, 36), (60, 3, 61), (61, 3, 41), (62, 3, 87), (63, 4, 96), (64, 6, 10), (65, 0, 81), (66, 0, 49), (67, 7, 76), (68, 0, 75), (69, 1, 71), (70, 6, 61), (71, 2, 62), (72, 0, 44), (73, 3, 97), (74, 2, 56), (75, 1, 62), (76, 4, 68), (77, 5, 56), (78, 0, 59), (79, 1, 46), (80, 6, 67), (81, 0, 65), (82, 6, 81), (83, 7, 90), (84, 5, 82), (85, 5, 76), (86, 4, 102), (87, 4, 73), (88, 1, 54), (89, 5, 90), (90, 3, 102), (91, 7, 84), (92, 2, 96), (93, 4, 82), (94, 2, 88), (95, 2, 41), (96, 7, 50), (97, 2, 103), (98, 6, 51), (99, 1, 103), (100, 6, 88), (101, 3, 110), (102, 2, 72), (103, 0, 90), (104, 1, 111), (105, 0, 97), (106, 0, 118), (107, 6, 98), (108, 0, 104), (109, 1, 84), (110, 5, 105), (111, 7, 71), (112, 1, 93), (113, 2, 110), (114, 2, 121), (115, 0, 125), (116, 5, 133), (117, 7, 99), (118, 6, 114), (119, 1, 126), (120, 6, 143), (121, 5, 157)];0;36.139474391937256;158;2.034526545618851;5.815153530989482;0.32923999133837234;{'N': 30, 'makespan_delta': 5, 'first_runner': <function run_cp_simp at 0x0000020415A904A0>, 'first_runner_params': {}, 'first_time_limit': 60, 'obj': 'max_rm'}
Obj. F. analysis Model With Bounded Makespan (additional Obj F 2);MBmS;./Data/PrecedenceGraphs/parsedPSPLib/graph_122_0.txt;./Data/Tasks/exponential/tasks_exponential_122_0.txt;exponential;122;8;600;[(0, 2, 0), (1, 6, 1), (2, 2, 1), (3, 7, 1), (4, 5, 8), (5, 3, 8), (6, 0, 17), (7, 2, 8), (8, 1, 7), (9, 7, 8), (10, 6, 26), (11, 5, 18), (12, 0, 7), (13, 3, 26), (14, 0, 26), (15, 7, 14), (16, 4, 26), (17, 0, 36), (18, 4, 34), (19, 5, 35), (20, 1, 22), (21, 1, 45), (22, 5, 26), (23, 6, 36), (24, 4, 62), (25, 5, 65), (26, 5, 70), (27, 1, 29), (28, 1, 39), (29, 6, 50), (30, 7, 63), (31, 7, 35), (32, 2, 44), (33, 3, 35), (34, 7, 40), (35, 7, 55), (36, 4, 76), (37, 6, 16), (38, 2, 33), (39, 4, 40), (40, 1, 90), (41, 7, 72), (42, 1, 63), (43, 0, 44), (44, 4, 69), (45, 5, 42), (46, 2, 24), (47, 1, 81), (48, 3, 72), (49, 6, 82), (50, 1, 71), (51, 4, 82), (52, 0, 50), (53, 1, 57), (54, 6, 43), (55, 6, 61), (56, 7, 131), (57, 7, 46), (58, 6, 67), (59, 7, 19), (60, 0, 65), (61, 0, 57), (62, 7, 92), (63, 1, 133), (64, 1, 14), (65, 3, 49), (66, 3, 81), (67, 1, 125), (68, 3, 43), (69, 2, 53), (70, 0, 76), (71, 5, 55), (72, 5, 50), (73, 0, 102), (74, 3, 100), (75, 4, 46), (76, 5, 76), (77, 5, 90), (78, 5, 98), (79, 4, 92), (80, 0, 82), (81, 6, 104), (82, 4, 55), (83, 1, 99), (84, 7, 81), (85, 0, 87), (86, 2, 107), (87, 3, 91), (88, 1, 108), (89, 6, 121), (90, 4, 107), (91, 5, 104), (92, 6, 133), (93, 7, 112), (94, 5, 81), (95, 2, 72), (96, 6, 76), (97, 6, 114), (98, 7, 102), (99, 7, 140), (100, 7, 120), (101, 4, 115), (102, 0, 112), (103, 3, 65), (104, 0, 118), (105, 3, 58), (106, 4, 123), (107, 6, 89), (108, 6, 140), (109, 1, 116), (110, 2, 133), (111, 2, 116), (112, 0, 128), (113, 5, 130), (114, 2, 128), (115, 3, 130), (116, 5, 138), (117, 5, 120), (118, 7, 147), (119, 3, 138), (120, 0, 148), (121, 5, 157)];0;42.73145580291748;158;1.91796171756423;6.034983384544962;6.034983384544962;{'N': 30, 'makespan_delta': 5, 'first_runner': <function run_cp_simp at 0x0000020415A904A0>, 'first_runner_params': {}, 'first_time_limit': 60, 'obj': 'max_max_ovp'}
Obj. F. analysis Model With Bounded Number of Buffer Times (RM);BBr;./Data/PrecedenceGraphs/parsedPSPLib/graph_122_0.txt;./Data/Tasks/exponential/tasks_exponential_122_0.txt;exponential;122;8;600;[(0, 7, 0), (1, 0, 1), (2, 5, 1), (3, 7, 1), (4, 2, 8), (5, 7, 8), (6, 5, 16), (7, 7, 16), (8, 3, 7), (9, 6, 8), (10, 5, 25), (11, 0, 11), (12, 4, 7), (13, 2, 26), (14, 7, 36), (15, 1, 14), (16, 6, 20), (17, 3, 35), (18, 2, 74), (19, 3, 24), (20, 3, 16), (21, 4, 44), (22, 7, 26), (23, 4, 29), (24, 3, 76), (25, 0, 20), (26, 0, 38), (27, 1, 19), (28, 2, 45), (29, 5, 51), (30, 4, 54), (31, 1, 39), (32, 3, 43), (33, 4, 35), (34, 7, 43), (35, 0, 52), (36, 4, 110), (37, 2, 18), (38, 5, 44), (39, 0, 60), (40, 5, 81), (41, 3, 67), (42, 7, 60), (43, 1, 63), (44, 3, 52), (45, 6, 40), (46, 1, 29), (47, 6, 55), (48, 7, 68), (49, 0, 89), (50, 6, 29), (51, 4, 77), (52, 6, 13), (53, 1, 69), (54, 2, 52), (55, 2, 59), (56, 3, 122), (57, 1, 54), (58, 2, 64), (59, 0, 26), (60, 4, 87), (61, 5, 61), (62, 1, 87), (63, 2, 103), (64, 4, 17), (65, 5, 35), (66, 5, 70), (67, 3, 103), (68, 0, 32), (69, 6, 48), (70, 0, 67), (71, 2, 35), (72, 0, 45), (73, 5, 97), (74, 6, 82), (75, 1, 45), (76, 1, 75), (77, 6, 64), (78, 7, 85), (79, 6, 74), (80, 0, 84), (81, 3, 93), (82, 4, 103), (83, 5, 102), (84, 7, 103), (85, 7, 91), (86, 6, 105), (87, 4, 94), (88, 2, 88), (89, 3, 112), (90, 1, 102), (91, 7, 97), (92, 4, 116), (93, 7, 50), (94, 2, 80), (95, 4, 63), (96, 3, 60), (97, 7, 112), (98, 0, 74), (99, 2, 124), (100, 3, 83), (101, 0, 110), (102, 2, 96), (103, 7, 77), (104, 5, 114), (105, 4, 124), (106, 1, 118), (107, 6, 125), (108, 2, 132), (109, 6, 96), (110, 7, 119), (111, 6, 88), (112, 6, 114), (113, 5, 124), (114, 7, 129), (115, 0, 125), (116, 1, 133), (117, 2, 110), (118, 5, 137), (119, 4, 135), (120, 2, 143), (121, 7, 152)];0;94.6345477104187;153;1.0127026475782783;2.2313863141007344;1.772768482655549;{'N': 30, 'max_b': 1, 'sum_of_buf': 40, 'obj': 'avg_rm'}
Obj. F. analysis Model With Bounded Number of Buffer Times (S1);BBs1;./Data/PrecedenceGraphs/parsedPSPLib/graph_122_0.txt;./Data/Tasks/exponential/tasks_exponential_122_0.txt;exponential;122;8;600;[(0, 3, 0), (1, 5, 1), (2, 3, 1), (3, 1, 1), (4, 2, 8), (5, 7, 8), (6, 7, 16), (7, 5, 11), (8, 1, 7), (9, 6, 8), (10, 7, 25), (11, 4, 11), (12, 3, 8), (13, 6, 21), (14, 0, 35), (15, 1, 15), (16, 4, 19), (17, 7, 35), (18, 0, 28), (19, 0, 19), (20, 3, 18), (21, 3, 46), (22, 1, 21), (23, 3, 28), (24, 5, 35), (25, 0, 73), (26, 2, 30), (27, 1, 105), (28, 5, 42), (29, 1, 73), (30, 5, 48), (31, 2, 37), (32, 6, 43), (33, 6, 31), (34, 1, 30), (35, 2, 52), (36, 7, 118), (37, 2, 18), (38, 7, 49), (39, 6, 67), (40, 6, 98), (41, 5, 83), (42, 2, 60), (43, 5, 21), (44, 6, 52), (45, 6, 74), (46, 4, 62), (47, 2, 42), (48, 2, 68), (49, 0, 78), (50, 0, 56), (51, 2, 77), (52, 6, 14), (53, 4, 57), (54, 3, 40), (55, 1, 59), (56, 6, 83), (57, 4, 82), (58, 3, 73), (59, 0, 42), (60, 0, 49), (61, 1, 50), (62, 2, 87), (63, 1, 37), (64, 0, 11), (65, 7, 57), (66, 1, 83), (67, 3, 65), (68, 4, 28), (69, 1, 99), (70, 6, 60), (71, 4, 72), (72, 7, 43), (73, 7, 97), (74, 5, 93), (75, 7, 75), (76, 3, 109), (77, 1, 65), (78, 1, 93), (79, 3, 91), (80, 7, 84), (81, 4, 99), (82, 1, 43), (83, 4, 115), (84, 3, 56), (85, 0, 119), (86, 6, 107), (87, 1, 116), (88, 3, 100), (89, 5, 125), (90, 7, 102), (91, 1, 126), (92, 3, 83), (93, 4, 49), (94, 5, 109), (95, 7, 66), (96, 0, 67), (97, 2, 105), (98, 5, 99), (99, 5, 135), (100, 6, 88), (101, 7, 110), (102, 3, 114), (103, 4, 34), (104, 3, 120), (105, 5, 73), (106, 2, 118), (107, 5, 65), (108, 2, 97), (109, 0, 85), (110, 0, 110), (111, 4, 109), (112, 0, 99), (113, 4, 124), (114, 3, 130), (115, 2, 125), (116, 4, 133), (117, 6, 117), (118, 7, 143), (119, 6, 141), (120, 4, 143), (121, 4, 152)];0;601.7768123149872;153;0.6787482923128263;2.29618406899397;2.29618406899397;{'N': 30, 'max_b': 1, 'sum_of_buf': 40, 'obj': 'avg_exp_ovp'}
Obj. F. analysis Model With Bounded Number of Buffer Times (S2);BBs2;./Data/PrecedenceGraphs/parsedPSPLib/graph_122_0.txt;./Data/Tasks/exponential/tasks_exponential_122_0.txt;exponential;122;8;600;[(0, 0, 0), (1, 6, 1), (2, 1, 1), (3, 4, 1), (4, 3, 8), (5, 5, 8), (6, 5, 16), (7, 7, 7), (8, 0, 7), (9, 2, 8), (10, 1, 25), (11, 6, 11), (12, 4, 7), (13, 6, 19), (14, 7, 24), (15, 0, 14), (16, 0, 20), (17, 1, 35), (18, 4, 31), (19, 1, 74), (20, 1, 16), (21, 5, 40), (22, 2, 17), (23, 4, 72), (24, 1, 81), (25, 3, 19), (26, 3, 32), (27, 3, 73), (28, 3, 26), (29, 6, 42), (30, 3, 54), (31, 0, 28), (32, 1, 43), (33, 6, 28), (34, 2, 26), (35, 1, 52), (36, 3, 84), (37, 3, 46), (38, 7, 31), (39, 2, 44), (40, 6, 89), (41, 4, 86), (42, 1, 60), (43, 4, 37), (44, 7, 56), (45, 6, 52), (46, 7, 78), (47, 7, 38), (48, 0, 68), (49, 4, 79), (50, 4, 44), (51, 0, 77), (52, 7, 17), (53, 2, 38), (54, 6, 36), (55, 5, 49), (56, 1, 68), (57, 1, 98), (58, 5, 77), (59, 4, 18), (60, 2, 51), (61, 0, 43), (62, 0, 87), (63, 3, 39), (64, 5, 25), (65, 0, 33), (66, 0, 54), (67, 5, 61), (68, 4, 25), (69, 6, 60), (70, 2, 66), (71, 5, 86), (72, 4, 54), (73, 0, 97), (74, 5, 106), (75, 3, 106), (76, 3, 68), (77, 7, 47), (78, 7, 72), (79, 3, 90), (80, 6, 75), (81, 4, 95), (82, 2, 58), (83, 6, 106), (84, 1, 89), (85, 2, 97), (86, 1, 107), (87, 2, 72), (88, 3, 98), (89, 7, 87), (90, 0, 102), (91, 2, 103), (92, 5, 70), (93, 7, 64), (94, 6, 66), (95, 2, 81), (96, 5, 54), (97, 4, 106), (98, 7, 104), (99, 7, 97), (100, 7, 115), (101, 0, 110), (102, 6, 116), (103, 5, 33), (104, 0, 123), (105, 4, 59), (106, 4, 118), (107, 6, 98), (108, 4, 66), (109, 5, 97), (110, 2, 126), (111, 3, 116), (112, 2, 110), (113, 5, 116), (114, 6, 134), (115, 1, 125), (116, 3, 133), (117, 6, 80), (118, 1, 136), (119, 4, 140), (120, 3, 143), (121, 4, 152)];0;140.3331286907196;153;0.8048626947307768;1.7809119607037653;1.7809119607037653;{'N': 30, 'max_b': 1, 'sum_of_buf': 40, 'obj': 'max_exp_ovp'}
Obj. F. analysis Model With Bounded Number of Buffer Times (additional Obj F 1);BBmR;./Data/PrecedenceGraphs/parsedPSPLib/graph_122_0.txt;./Data/Tasks/exponential/tasks_exponential_122_0.txt;exponential;122;8;600;[(0, 4, 0), (1, 7, 1), (2, 3, 1), (3, 0, 1), (4, 2, 8), (5, 1, 8), (6, 4, 16), (7, 4, 7), (8, 6, 7), (9, 3, 8), (10, 7, 25), (11, 5, 10), (12, 0, 7), (13, 5, 19), (14, 1, 16), (15, 6, 14), (16, 6, 20), (17, 7, 35), (18, 6, 80), (19, 3, 21), (20, 3, 40), (21, 1, 23), (22, 0, 17), (23, 7, 59), (24, 3, 67), (25, 6, 58), (26, 6, 74), (27, 1, 82), (28, 0, 27), (29, 2, 26), (30, 0, 34), (31, 3, 28), (32, 7, 43), (33, 5, 28), (34, 3, 33), (35, 5, 52), (36, 0, 93), (37, 2, 18), (38, 4, 25), (39, 4, 32), (40, 7, 78), (41, 2, 45), (42, 2, 60), (43, 7, 18), (44, 7, 52), (45, 1, 54), (46, 2, 35), (47, 6, 40), (48, 2, 68), (49, 5, 84), (50, 6, 29), (51, 2, 77), (52, 3, 13), (53, 5, 60), (54, 5, 36), (55, 1, 32), (56, 7, 113), (57, 6, 95), (58, 1, 37), (59, 4, 38), (60, 3, 60), (61, 5, 42), (62, 4, 87), (63, 6, 114), (64, 7, 10), (65, 0, 83), (66, 3, 50), (67, 7, 87), (68, 4, 76), (69, 4, 69), (70, 7, 66), (71, 6, 64), (72, 4, 44), (73, 4, 97), (74, 4, 63), (75, 6, 49), (76, 0, 68), (77, 0, 53), (78, 5, 66), (79, 1, 46), (80, 7, 73), (81, 5, 73), (82, 2, 87), (83, 6, 105), (84, 1, 92), (85, 1, 75), (86, 4, 109), (87, 0, 73), (88, 1, 62), (89, 2, 95), (90, 1, 102), (91, 3, 84), (92, 3, 98), (93, 6, 86), (94, 3, 90), (95, 0, 44), (96, 4, 102), (97, 5, 111), (98, 4, 53), (99, 2, 105), (100, 7, 96), (101, 1, 110), (102, 3, 78), (103, 0, 99), (104, 5, 118), (105, 7, 106), (106, 0, 118), (107, 2, 112), (108, 4, 121), (109, 5, 92), (110, 0, 106), (111, 1, 70), (112, 5, 101), (113, 6, 121), (114, 3, 129), (115, 2, 125), (116, 6, 133), (117, 3, 105), (118, 7, 127), (119, 1, 135), (120, 3, 143), (121, 1, 152)];0;84.73599624633789;153;1.1546714986548678;2.71402870247404;2.301513145351067;{'N': 30, 'max_b': 1, 'sum_of_buf': 40, 'obj': 'max_rm'}
Obj. F. analysis Model With Bounded Number of Buffer Times (additional Obj F 2);BBmS;./Data/PrecedenceGraphs/parsedPSPLib/graph_122_0.txt;./Data/Tasks/exponential/tasks_exponential_122_0.txt;exponential;122;8;600;[(0, 2, 0), (1, 3, 1), (2, 4, 1), (3, 7, 1), (4, 3, 20), (5, 5, 8), (6, 4, 16), (7, 3, 11), (8, 6, 7), (9, 4, 8), (10, 1, 25), (11, 4, 25), (12, 1, 7), (13, 6, 33), (14, 5, 20), (15, 2, 15), (16, 3, 33), (17, 4, 35), (18, 1, 93), (19, 2, 43), (20, 1, 18), (21, 5, 28), (22, 2, 20), (23, 1, 44), (24, 5, 92), (25, 0, 36), (26, 0, 88), (27, 6, 20), (28, 7, 30), (29, 7, 46), (30, 7, 37), (31, 0, 42), (32, 6, 43), (33, 3, 42), (34, 2, 30), (35, 2, 52), (36, 5, 128), (37, 7, 16), (38, 0, 28), (39, 3, 74), (40, 7, 62), (41, 1, 63), (42, 2, 60), (43, 7, 56), (44, 5, 52), (45, 3, 65), (46, 5, 59), (47, 6, 62), (48, 0, 68), (49, 2, 77), (50, 5, 41), (51, 5, 77), (52, 4, 53), (53, 4, 75), (54, 1, 51), (55, 1, 38), (56, 3, 137), (57, 1, 72), (58, 4, 44), (59, 2, 37), (60, 2, 68), (61, 3, 57), (62, 7, 87), (63, 4, 116), (64, 0, 11), (65, 0, 100), (66, 4, 65), (67, 7, 97), (68, 3, 109), (69, 4, 86), (70, 0, 59), (71, 1, 82), (72, 1, 57), (73, 3, 97), (74, 2, 104), (75, 5, 99), (76, 4, 81), (77, 6, 81), (78, 7, 75), (79, 6, 53), (80, 5, 87), (81, 3, 81), (82, 0, 109), (83, 4, 107), (84, 3, 120), (85, 4, 93), (86, 5, 109), (87, 2, 95), (88, 6, 72), (89, 7, 105), (90, 1, 102), (91, 7, 115), (92, 2, 118), (93, 4, 99), (94, 1, 110), (95, 0, 48), (96, 3, 102), (97, 1, 118), (98, 0, 77), (99, 5, 134), (100, 6, 105), (101, 2, 110), (102, 0, 94), (103, 0, 116), (104, 5, 118), (105, 7, 121), (106, 6, 118), (107, 2, 128), (108, 4, 128), (109, 2, 85), (110, 3, 128), (111, 3, 115), (112, 6, 95), (113, 0, 125), (114, 7, 128), (115, 6, 125), (116, 1, 133), (117, 1, 125), (118, 0, 141), (119, 4, 133), (120, 4, 143), (121, 1, 152)];0;80.40224552154541;153;1.2576041589300702;5.831928681562066;5.831928681562066;{'N': 30, 'max_b': 1, 'sum_of_buf': 40, 'obj': 'max_max_ovp'}
Sensitivity analysis SAA model (N);STr2;./Data/PrecedenceGraphs/parsedPSPLib/graph_122_0.txt;./Data/Tasks/exponential/tasks_exponential_122_0.txt;exponential;122;8;600;[(0, 3, 0), (1, 3, 1), (2, 2, 1), (3, 5, 1), (4, 5, 8), (5, 7, 8), (6, 7, 16), (7, 0, 7), (8, 4, 7), (9, 2, 8), (10, 4, 25), (11, 3, 10), (12, 1, 7), (13, 5, 18), (14, 0, 16), (15, 4, 14), (16, 3, 18), (17, 2, 35), (18, 4, 74), (19, 2, 20), (20, 5, 41), (21, 0, 23), (22, 1, 17), (23, 5, 48), (24, 7, 65), (25, 6, 42), (26, 2, 71), (27, 6, 79), (28, 3, 26), (29, 3, 32), (30, 1, 32), (31, 5, 27), (32, 2, 43), (33, 2, 27), (34, 1, 26), (35, 0, 52), (36, 1, 93), (37, 6, 18), (38, 7, 25), (39, 0, 32), (40, 4, 65), (41, 4, 41), (42, 0, 60), (43, 4, 19), (44, 2, 52), (45, 5, 54), (46, 5, 32), (47, 0, 38), (48, 0, 68), (49, 0, 77), (50, 6, 26), (51, 2, 77), (52, 2, 13), (53, 0, 47), (54, 4, 35), (55, 7, 32), (56, 1, 107), (57, 4, 50), (58, 7, 37), (59, 6, 36), (60, 2, 59), (61, 3, 41), (62, 3, 87), (63, 3, 97), (64, 6, 10), (65, 4, 80), (66, 3, 49), (67, 1, 75), (68, 5, 78), (69, 5, 72), (70, 4, 59), (71, 5, 62), (72, 7, 46), (73, 7, 97), (74, 7, 51), (75, 1, 56), (76, 3, 70), (77, 7, 57), (78, 3, 59), (79, 6, 47), (80, 3, 65), (81, 1, 65), (82, 5, 84), (83, 5, 91), (84, 7, 89), (85, 3, 75), (86, 7, 102), (87, 7, 72), (88, 6, 55), (89, 6, 89), (90, 2, 102), (91, 3, 81), (92, 4, 89), (93, 7, 81), (94, 2, 87), (95, 1, 41), (96, 1, 50), (97, 0, 103), (98, 6, 63), (99, 4, 103), (100, 1, 83), (101, 6, 110), (102, 6, 73), (103, 2, 95), (104, 5, 111), (105, 4, 96), (106, 2, 118), (107, 1, 99), (108, 3, 103), (109, 0, 84), (110, 5, 100), (111, 2, 66), (112, 0, 93), (113, 2, 110), (114, 1, 121), (115, 7, 125), (116, 6, 133), (117, 6, 99), (118, 3, 110), (119, 4, 126), (120, 6, 143), (121, 3, 152)];0;1.4288396835327148;153;2.822862001882815;7.97584979861059;7.224532720684099;{'N': 2, 'obj': 'avg_rm'}
Sensitivity analysis SAA model (N);STr10;./Data/PrecedenceGraphs/parsedPSPLib/graph_122_0.txt;./Data/Tasks/exponential/tasks_exponential_122_0.txt;exponential;122;8;600;[(0, 0, 0), (1, 7, 1), (2, 3, 1), (3, 0, 1), (4, 0, 8), (5, 2, 8), (6, 2, 16), (7, 5, 7), (8, 6, 7), (9, 3, 8), (10, 2, 25), (11, 7, 10), (12, 4, 7), (13, 0, 18), (14, 5, 16), (15, 6, 14), (16, 1, 18), (17, 2, 35), (18, 7, 75), (19, 1, 36), (20, 3, 20), (21, 5, 23), (22, 4, 17), (23, 6, 50), (24, 5, 67), (25, 0, 44), (26, 3, 71), (27, 1, 80), (28, 7, 26), (29, 6, 32), (30, 7, 32), (31, 0, 27), (32, 2, 43), (33, 3, 27), (34, 4, 26), (35, 2, 52), (36, 7, 94), (37, 7, 18), (38, 6, 25), (39, 0, 32), (40, 0, 67), (41, 4, 41), (42, 2, 60), (43, 6, 19), (44, 1, 53), (45, 0, 49), (46, 4, 32), (47, 7, 41), (48, 2, 68), (49, 3, 77), (50, 1, 26), (51, 2, 77), (52, 3, 13), (53, 1, 48), (54, 3, 35), (55, 5, 32), (56, 7, 100), (57, 7, 50), (58, 5, 37), (59, 0, 38), (60, 5, 60), (61, 3, 41), (62, 2, 87), (63, 5, 95), (64, 1, 10), (65, 4, 80), (66, 3, 49), (67, 0, 76), (68, 6, 77), (69, 3, 65), (70, 1, 60), (71, 4, 50), (72, 1, 43), (73, 2, 97), (74, 7, 59), (75, 4, 60), (76, 4, 69), (77, 6, 64), (78, 3, 59), (79, 5, 46), (80, 1, 66), (81, 7, 65), (82, 7, 87), (83, 1, 90), (84, 4, 89), (85, 4, 74), (86, 6, 103), (87, 1, 71), (88, 6, 56), (89, 6, 93), (90, 2, 102), (91, 7, 81), (92, 5, 88), (93, 3, 84), (94, 5, 80), (95, 6, 41), (96, 5, 54), (97, 0, 103), (98, 0, 57), (99, 4, 104), (100, 6, 83), (101, 2, 110), (102, 5, 74), (103, 3, 92), (104, 5, 112), (105, 4, 97), (106, 2, 118), (107, 1, 99), (108, 7, 105), (109, 0, 84), (110, 5, 101), (111, 6, 72), (112, 0, 93), (113, 7, 110), (114, 5, 122), (115, 0, 125), (116, 3, 133), (117, 3, 99), (118, 1, 111), (119, 6, 127), (120, 4, 143), (121, 2, 152)];0;26.47474479675293;153;1.803542507458905;5.463705822460418;1.5725892303017552;{'N': 10, 'obj': 'avg_rm'}
Sensitivity analysis SAA model (N);STr30;./Data/PrecedenceGraphs/parsedPSPLib/graph_122_0.txt;./Data/Tasks/exponential/tasks_exponential_122_0.txt;exponential;122;8;600;[(0, 7, 0), (1, 6, 1), (2, 7, 1), (3, 3, 1), (4, 4, 8), (5, 1, 8), (6, 3, 16), (7, 3, 7), (8, 5, 7), (9, 2, 8), (10, 3, 25), (11, 6, 10), (12, 0, 7), (13, 4, 18), (14, 1, 16), (15, 5, 14), (16, 6, 18), (17, 3, 35), (18, 5, 74), (19, 2, 20), (20, 7, 38), (21, 1, 23), (22, 0, 17), (23, 4, 50), (24, 0, 64), (25, 6, 42), (26, 3, 74), (27, 5, 80), (28, 7, 26), (29, 4, 32), (30, 0, 32), (31, 4, 27), (32, 3, 43), (33, 2, 27), (34, 0, 26), (35, 6, 52), (36, 2, 91), (37, 7, 18), (38, 5, 25), (39, 7, 32), (40, 7, 65), (41, 0, 41), (42, 6, 60), (43, 5, 19), (44, 3, 52), (45, 0, 50), (46, 5, 32), (47, 5, 41), (48, 6, 68), (49, 0, 77), (50, 6, 26), (51, 6, 77), (52, 2, 13), (53, 6, 47), (54, 2, 35), (55, 1, 32), (56, 4, 99), (57, 7, 50), (58, 1, 37), (59, 6, 36), (60, 1, 62), (61, 2, 41), (62, 6, 87), (63, 7, 97), (64, 7, 10), (65, 7, 80), (66, 2, 49), (67, 2, 75), (68, 4, 79), (69, 0, 71), (70, 2, 59), (71, 3, 59), (72, 7, 45), (73, 6, 97), (74, 0, 58), (75, 4, 56), (76, 1, 69), (77, 5, 56), (78, 7, 59), (79, 1, 46), (80, 4, 65), (81, 2, 65), (82, 4, 85), (83, 3, 90), (84, 7, 89), (85, 7, 74), (86, 0, 103), (87, 4, 70), (88, 1, 54), (89, 5, 90), (90, 6, 102), (91, 1, 80), (92, 4, 92), (93, 1, 86), (94, 2, 83), (95, 4, 41), (96, 5, 50), (97, 7, 103), (98, 5, 64), (99, 5, 100), (100, 3, 80), (101, 6, 110), (102, 1, 74), (103, 1, 94), (104, 1, 112), (105, 2, 97), (106, 3, 118), (107, 1, 101), (108, 2, 104), (109, 0, 84), (110, 4, 104), (111, 3, 69), (112, 0, 93), (113, 2, 110), (114, 1, 122), (115, 6, 125), (116, 0, 133), (117, 3, 99), (118, 7, 113), (119, 4, 127), (120, 0, 143), (121, 2, 152)];0;52.26925206184387;153;2.1474555372427133;5.434723132965239;1.9083617155292387;{'N': 30, 'obj': 'avg_rm'}
Sensitivity analysis SAA model (N);STr50;./Data/PrecedenceGraphs/parsedPSPLib/graph_122_0.txt;./Data/Tasks/exponential/tasks_exponential_122_0.txt;exponential;122;8;600;[(0, 3, 0), (1, 3, 1), (2, 4, 1), (3, 1, 1), (4, 5, 8), (5, 4, 8), (6, 4, 16), (7, 7, 7), (8, 1, 7), (9, 2, 8), (10, 4, 25), (11, 0, 10), (12, 6, 7), (13, 0, 18), (14, 7, 16), (15, 1, 14), (16, 3, 18), (17, 4, 35), (18, 0, 72), (19, 5, 35), (20, 6, 36), (21, 7, 23), (22, 6, 17), (23, 5, 47), (24, 7, 64), (25, 5, 42), (26, 7, 71), (27, 0, 78), (28, 2, 26), (29, 5, 26), (30, 3, 32), (31, 0, 27), (32, 4, 43), (33, 0, 32), (34, 3, 26), (35, 4, 52), (36, 6, 89), (37, 5, 18), (38, 1, 25), (39, 1, 32), (40, 6, 65), (41, 3, 41), (42, 4, 60), (43, 1, 19), (44, 1, 52), (45, 6, 57), (46, 2, 32), (47, 1, 38), (48, 4, 68), (49, 7, 77), (50, 6, 26), (51, 4, 77), (52, 2, 13), (53, 1, 47), (54, 0, 40), (55, 7, 32), (56, 0, 103), (57, 6, 48), (58, 7, 37), (59, 2, 20), (60, 1, 59), (61, 7, 46), (62, 4, 87), (63, 5, 96), (64, 3, 10), (65, 6, 80), (66, 7, 54), (67, 1, 77), (68, 2, 79), (69, 1, 71), (70, 2, 59), (71, 5, 59), (72, 6, 43), (73, 4, 97), (74, 5, 53), (75, 2, 50), (76, 5, 69), (77, 3, 56), (78, 3, 64), (79, 0, 46), (80, 2, 65), (81, 3, 70), (82, 1, 85), (83, 3, 88), (84, 0, 88), (85, 6, 74), (86, 1, 102), (87, 2, 70), (88, 0, 54), (89, 1, 92), (90, 4, 102), (91, 5, 80), (92, 7, 93), (93, 2, 85), (94, 3, 80), (95, 2, 41), (96, 3, 50), (97, 6, 102), (98, 0, 62), (99, 2, 103), (100, 5, 86), (101, 4, 110), (102, 5, 74), (103, 6, 95), (104, 2, 111), (105, 0, 96), (106, 4, 118), (107, 7, 100), (108, 3, 105), (109, 7, 84), (110, 5, 102), (111, 1, 66), (112, 2, 93), (113, 7, 109), (114, 2, 121), (115, 3, 125), (116, 1, 133), (117, 3, 97), (118, 5, 111), (119, 5, 126), (120, 6, 143), (121, 5, 152)];0;138.1697883605957;153;2.0629405603704147;6.158187529145074;1.5724142117446351;{'N': 50, 'obj': 'avg_rm'}
Sensitivity analysis SAA model (N);STr100;./Data/PrecedenceGraphs/parsedPSPLib/graph_122_0.txt;./Data/Tasks/exponential/tasks_exponential_122_0.txt;exponential;122;8;600;[(0, 7, 0), (1, 5, 1), (2, 3, 1), (3, 7, 1), (4, 2, 8), (5, 3, 8), (6, 3, 16), (7, 7, 7), (8, 6, 7), (9, 1, 8), (10, 3, 25), (11, 0, 10), (12, 4, 7), (13, 5, 18), (14, 7, 16), (15, 6, 14), (16, 0, 18), (17, 3, 35), (18, 6, 74), (19, 1, 20), (20, 4, 41), (21, 7, 23), (22, 4, 17), (23, 7, 47), (24, 2, 63), (25, 2, 42), (26, 4, 71), (27, 5, 79), (28, 4, 26), (29, 1, 32), (30, 4, 32), (31, 1, 27), (32, 3, 43), (33, 5, 27), (34, 0, 26), (35, 3, 52), (36, 7, 92), (37, 2, 18), (38, 6, 25), (39, 7, 32), (40, 1, 69), (41, 5, 41), (42, 3, 60), (43, 6, 19), (44, 7, 53), (45, 4, 53), (46, 6, 32), (47, 7, 38), (48, 3, 68), (49, 4, 77), (50, 2, 26), (51, 3, 77), (52, 1, 13), (53, 4, 48), (54, 5, 35), (55, 0, 32), (56, 0, 104), (57, 5, 50), (58, 0, 37), (59, 2, 36), (60, 6, 62), (61, 1, 41), (62, 3, 87), (63, 6, 96), (64, 5, 10), (65, 2, 79), (66, 1, 49), (67, 7, 77), (68, 1, 78), (69, 7, 71), (70, 7, 60), (71, 4, 61), (72, 0, 46), (73, 3, 97), (74, 6, 56), (75, 5, 59), (76, 5, 68), (77, 0, 51), (78, 0, 59), (79, 2, 47), (80, 7, 66), (81, 0, 65), (82, 7, 85), (83, 5, 89), (84, 6, 88), (85, 0, 75), (86, 2, 102), (87, 2, 70), (88, 2, 55), (89, 4, 92), (90, 3, 102), (91, 0, 81), (92, 2, 88), (93, 4, 84), (94, 6, 80), (95, 6, 41), (96, 6, 50), (97, 6, 102), (98, 1, 59), (99, 1, 103), (100, 0, 87), (101, 3, 110), (102, 5, 73), (103, 2, 95), (104, 6, 111), (105, 0, 97), (106, 3, 118), (107, 4, 102), (108, 7, 106), (109, 1, 84), (110, 5, 98), (111, 6, 69), (112, 1, 93), (113, 0, 109), (114, 1, 121), (115, 4, 125), (116, 7, 133), (117, 7, 98), (118, 5, 111), (119, 6, 126), (120, 2, 143), (121, 7, 152)];0;381.7869279384613;153;1.9179715816286886;5.199843578032098;1.5735840407133528;{'N': 100, 'obj': 'avg_rm'}
Sensitivity analysis SAA model (N);STr150;./Data/PrecedenceGraphs/parsedPSPLib/graph_122_0.txt;./Data/Tasks/exponential/tasks_exponential_122_0.txt;exponential;122;8;600;[(0, 5, 0), (1, 5, 1), (2, 6, 1), (3, 2, 1), (4, 3, 8), (5, 6, 8), (6, 4, 16), (7, 4, 7), (8, 7, 7), (9, 0, 8), (10, 2, 25), (11, 5, 10), (12, 2, 7), (13, 0, 19), (14, 6, 16), (15, 0, 14), (16, 3, 18), (17, 2, 35), (18, 5, 79), (19, 7, 21), (20, 5, 39), (21, 3, 26), (22, 1, 18), (23, 6, 51), (24, 4, 68), (25, 3, 49), (26, 7, 74), (27, 4, 75), (28, 1, 27), (29, 4, 25), (30, 7, 33), (31, 7, 28), (32, 0, 43), (33, 0, 28), (34, 1, 33), (35, 0, 52), (36, 7, 93), (37, 5, 18), (38, 5, 26), (39, 5, 33), (40, 6, 65), (41, 7, 42), (42, 0, 60), (43, 2, 17), (44, 5, 55), (45, 7, 61), (46, 4, 34), (47, 3, 40), (48, 0, 68), (49, 2, 77), (50, 6, 26), (51, 0, 77), (52, 7, 14), (53, 4, 57), (54, 6, 36), (55, 3, 35), (56, 7, 106), (57, 5, 46), (58, 1, 40), (59, 0, 36), (60, 5, 62), (61, 2, 43), (62, 0, 87), (63, 3, 98), (64, 1, 10), (65, 3, 81), (66, 7, 51), (67, 1, 76), (68, 6, 81), (69, 3, 75), (70, 3, 64), (71, 2, 51), (72, 4, 43), (73, 0, 97), (74, 1, 65), (75, 4, 48), (76, 7, 69), (77, 1, 57), (78, 2, 61), (79, 1, 49), (80, 3, 70), (81, 5, 69), (82, 7, 86), (83, 2, 92), (84, 3, 90), (85, 7, 80), (86, 4, 105), (87, 2, 67), (88, 6, 57), (89, 1, 84), (90, 0, 102), (91, 6, 95), (92, 1, 94), (93, 6, 87), (94, 2, 84), (95, 6, 42), (96, 4, 62), (97, 3, 104), (98, 3, 54), (99, 6, 101), (100, 4, 85), (101, 0, 110), (102, 6, 75), (103, 5, 94), (104, 3, 114), (105, 7, 99), (106, 1, 118), (107, 5, 101), (108, 6, 108), (109, 5, 85), (110, 2, 101), (111, 1, 71), (112, 4, 95), (113, 6, 113), (114, 1, 125), (115, 5, 125), (116, 3, 133), (117, 1, 101), (118, 2, 113), (119, 1, 130), (120, 5, 143), (121, 7, 152)];0;621.1055645942688;153;2.11780804661296;5.583514160262076;1.9099156676804778;{'N': 150, 'obj': 'avg_rm'}
Sensitivity analysis Model With Bounded Number of Buffer Times (|b_j|);BBr1;./Data/PrecedenceGraphs/parsedPSPLib/graph_122_0.txt;./Data/Tasks/exponential/tasks_exponential_122_0.txt;exponential;122;8;600;[(0, 7, 0), (1, 3, 1), (2, 7, 1), (3, 6, 1), (4, 6, 8), (5, 0, 8), (6, 1, 16), (7, 7, 8), (8, 2, 7), (9, 5, 18), (10, 2, 25), (11, 2, 15), (12, 5, 7), (13, 3, 26), (14, 4, 18), (15, 3, 15), (16, 1, 25), (17, 0, 35), (18, 7, 34), (19, 5, 23), (20, 6, 79), (21, 4, 25), (22, 0, 17), (23, 4, 40), (24, 7, 47), (25, 3, 21), (26, 7, 26), (27, 0, 43), (28, 3, 36), (29, 2, 43), (30, 3, 42), (31, 0, 53), (32, 6, 43), (33, 5, 38), (34, 4, 34), (35, 6, 52), (36, 7, 114), (37, 2, 35), (38, 6, 25), (39, 6, 32), (40, 0, 97), (41, 6, 60), (42, 5, 60), (43, 6, 19), (44, 7, 63), (45, 4, 86), (46, 1, 44), (47, 4, 58), (48, 5, 68), (49, 0, 90), (50, 1, 34), (51, 7, 77), (52, 5, 30), (53, 4, 67), (54, 5, 46), (55, 0, 58), (56, 3, 128), (57, 7, 54), (58, 0, 63), (59, 7, 17), (60, 3, 56), (61, 2, 52), (62, 2, 87), (63, 4, 118), (64, 4, 10), (65, 4, 101), (66, 6, 69), (67, 1, 99), (68, 4, 95), (69, 3, 95), (70, 7, 87), (71, 1, 53), (72, 3, 51), (73, 2, 97), (74, 1, 75), (75, 3, 82), (76, 1, 70), (77, 6, 86), (78, 5, 79), (79, 0, 72), (80, 1, 94), (81, 5, 85), (82, 6, 94), (83, 5, 122), (84, 4, 110), (85, 1, 81), (86, 1, 108), (87, 4, 73), (88, 0, 81), (89, 0, 106), (90, 2, 102), (91, 5, 96), (92, 3, 112), (93, 7, 106), (94, 0, 117), (95, 2, 61), (96, 1, 63), (97, 5, 103), (98, 3, 71), (99, 3, 120), (100, 3, 101), (101, 2, 110), (102, 6, 109), (103, 6, 101), (104, 1, 118), (105, 7, 120), (106, 2, 118), (107, 7, 127), (108, 0, 127), (109, 7, 97), (110, 6, 122), (111, 6, 116), (112, 5, 111), (113, 5, 132), (114, 6, 132), (115, 2, 125), (116, 2, 133), (117, 4, 126), (118, 5, 138), (119, 1, 138), (120, 0, 143), (121, 0, 152)];0;125.35312509536743;153;0.9974044717285602;2.162214082463449;1.744805403064088;{'N': 30, 'max_b': 1, 'sum_of_buf': 40, 'obj': 'avg_rm'}
Sensitivity analysis Model With Bounded Number of Buffer Times (|b_j|);BBr2;./Data/PrecedenceGraphs/parsedPSPLib/graph_122_0.txt;./Data/Tasks/exponential/tasks_exponential_122_0.txt;exponential;122;8;600;[(0, 2, 0), (1, 2, 1), (2, 5, 1), (3, 7, 1), (4, 4, 8), (5, 1, 8), (6, 5, 16), (7, 1, 16), (8, 6, 9), (9, 5, 8), (10, 0, 25), (11, 2, 10), (12, 7, 9), (13, 2, 19), (14, 1, 27), (15, 7, 89), (16, 7, 19), (17, 0, 35), (18, 4, 89), (19, 4, 25), (20, 4, 18), (21, 1, 34), (22, 5, 34), (23, 7, 73), (24, 6, 80), (25, 3, 18), (26, 7, 100), (27, 4, 95), (28, 5, 43), (29, 6, 42), (30, 5, 51), (31, 7, 28), (32, 7, 43), (33, 2, 28), (34, 4, 43), (35, 7, 52), (36, 3, 105), (37, 6, 17), (38, 6, 34), (39, 7, 60), (40, 5, 86), (41, 3, 51), (42, 0, 60), (43, 3, 23), (44, 1, 60), (45, 3, 66), (46, 4, 49), (47, 1, 51), (48, 0, 68), (49, 1, 86), (50, 3, 30), (51, 0, 77), (52, 5, 25), (53, 4, 58), (54, 1, 43), (55, 2, 43), (56, 5, 120), (57, 7, 79), (58, 2, 48), (59, 3, 40), (60, 5, 79), (61, 6, 51), (62, 0, 87), (63, 6, 87), (64, 3, 10), (65, 1, 93), (66, 6, 59), (67, 5, 95), (68, 3, 90), (69, 3, 84), (70, 1, 67), (71, 2, 79), (72, 7, 68), (73, 0, 97), (74, 2, 73), (75, 6, 71), (76, 7, 94), (77, 4, 64), (78, 4, 73), (79, 5, 62), (80, 1, 74), (81, 4, 79), (82, 3, 96), (83, 2, 100), (84, 1, 111), (85, 7, 106), (86, 1, 102), (87, 2, 91), (88, 5, 70), (89, 4, 106), (90, 0, 102), (91, 7, 113), (92, 5, 113), (93, 2, 121), (94, 7, 119), (95, 2, 62), (96, 3, 60), (97, 1, 119), (98, 3, 74), (99, 5, 125), (100, 5, 103), (101, 0, 110), (102, 6, 93), (103, 3, 121), (104, 3, 111), (105, 2, 109), (106, 0, 118), (107, 7, 127), (108, 2, 116), (109, 6, 99), (110, 6, 118), (111, 1, 81), (112, 6, 108), (113, 1, 126), (114, 3, 128), (115, 0, 125), (116, 2, 133), (117, 4, 129), (118, 0, 133), (119, 1, 137), (120, 2, 143), (121, 7, 152)];0;71.80075001716614;153;0.8655516431444906;3.312582609023254;1.6522535294575251;{'N': 30, 'max_b': 2, 'sum_of_buf': 40, 'obj': 'avg_rm'}
Sensitivity analysis Model With Bounded Number of Buffer Times (|b_j|);BBr3;./Data/PrecedenceGraphs/parsedPSPLib/graph_122_0.txt;./Data/Tasks/exponential/tasks_exponential_122_0.txt;exponential;122;8;600;[(0, 7, 0), (1, 0, 1), (2, 4, 1), (3, 6, 1), (4, 4, 8), (5, 7, 8), (6, 0, 16), (7, 3, 10), (8, 1, 10), (9, 6, 10), (10, 2, 25), (11, 5, 13), (12, 2, 10), (13, 5, 24), (14, 4, 22), (15, 1, 73), (16, 6, 27), (17, 2, 35), (18, 5, 89), (19, 4, 39), (20, 7, 16), (21, 1, 34), (22, 1, 22), (23, 4, 64), (24, 0, 80), (25, 7, 68), (26, 2, 92), (27, 1, 85), (28, 0, 34), (29, 0, 40), (30, 7, 41), (31, 7, 36), (32, 2, 43), (33, 5, 36), (34, 3, 34), (35, 6, 52), (36, 1, 112), (37, 6, 16), (38, 4, 32), (39, 3, 40), (40, 5, 80), (41, 3, 49), (42, 3, 60), (43, 0, 25), (44, 5, 52), (45, 1, 55), (46, 7, 27), (47, 0, 49), (48, 3, 68), (49, 1, 78), (50, 6, 35), (51, 3, 77), (52, 1, 48), (53, 6, 70), (54, 5, 44), (55, 6, 45), (56, 6, 121), (57, 4, 46), (58, 7, 50), (59, 3, 22), (60, 0, 67), (61, 2, 52), (62, 3, 87), (63, 4, 111), (64, 0, 87), (65, 4, 87), (66, 6, 60), (67, 6, 87), (68, 2, 86), (69, 4, 81), (70, 5, 59), (71, 1, 63), (72, 1, 43), (73, 3, 97), (74, 0, 74), (75, 7, 59), (76, 4, 76), (77, 2, 60), (78, 4, 70), (79, 0, 59), (80, 5, 75), (81, 2, 76), (82, 2, 98), (83, 4, 96), (84, 5, 105), (85, 0, 95), (86, 1, 103), (87, 7, 75), (88, 2, 68), (89, 6, 105), (90, 3, 102), (91, 4, 105), (92, 7, 107), (93, 7, 99), (94, 1, 95), (95, 4, 55), (96, 6, 75), (97, 0, 102), (98, 5, 65), (99, 4, 118), (100, 6, 95), (101, 3, 110), (102, 6, 81), (103, 2, 105), (104, 2, 112), (105, 0, 109), (106, 3, 118), (107, 1, 118), (108, 0, 117), (109, 7, 85), (110, 5, 113), (111, 7, 94), (112, 5, 95), (113, 6, 115), (114, 2, 122), (115, 3, 125), (116, 1, 133), (117, 7, 114), (118, 5, 125), (119, 2, 127), (120, 4, 143), (121, 1, 152)];0;72.24010181427002;153;1.4431034394049753;4.228304902539456;1.6839326668682304;{'N': 30, 'max_b': 3, 'sum_of_buf': 40, 'obj': 'avg_rm'}
Sensitivity analysis Model With Bounded Number of Buffer Times (|b_j|);BBr4;./Data/PrecedenceGraphs/parsedPSPLib/graph_122_0.txt;./Data/Tasks/exponential/tasks_exponential_122_0.txt;exponential;122;8;600;[(0, 6, 0), (1, 4, 1), (2, 3, 1), (3, 7, 1), (4, 3, 8), (5, 2, 8), (6, 2, 16), (7, 4, 10), (8, 1, 10), (9, 0, 8), (10, 2, 25), (11, 6, 10), (12, 7, 10), (13, 6, 22), (14, 7, 21), (15, 6, 58), (16, 1, 24), (17, 5, 35), (18, 2, 72), (19, 5, 27), (20, 5, 18), (21, 7, 30), (22, 4, 21), (23, 7, 51), (24, 3, 63), (25, 1, 19), (26, 0, 64), (27, 1, 79), (28, 0, 32), (29, 6, 40), (30, 3, 39), (31, 6, 34), (32, 5, 43), (33, 1, 34), (34, 7, 39), (35, 5, 52), (36, 2, 93), (37, 3, 18), (38, 4, 31), (39, 4, 41), (40, 4, 96), (41, 6, 49), (42, 5, 60), (43, 0, 25), (44, 0, 81), (45, 7, 65), (46, 3, 26), (47, 4, 47), (48, 5, 68), (49, 2, 78), (50, 2, 35), (51, 5, 77), (52, 0, 14), (53, 2, 50), (54, 1, 43), (55, 0, 39), (56, 6, 110), (57, 4, 56), (58, 0, 45), (59, 7, 45), (60, 4, 65), (61, 1, 49), (62, 5, 87), (63, 0, 107), (64, 5, 10), (65, 5, 97), (66, 1, 57), (67, 6, 72), (68, 4, 90), (69, 1, 73), (70, 0, 88), (71, 0, 54), (72, 2, 45), (73, 7, 97), (74, 3, 70), (75, 6, 63), (76, 0, 70), (77, 7, 57), (78, 1, 67), (79, 2, 55), (80, 0, 94), (81, 3, 76), (82, 3, 92), (83, 1, 98), (84, 0, 99), (85, 0, 75), (86, 3, 102), (87, 2, 63), (88, 2, 85), (89, 4, 80), (90, 7, 102), (91, 3, 86), (92, 6, 90), (93, 4, 72), (94, 7, 83), (95, 3, 48), (96, 3, 57), (97, 5, 116), (98, 7, 73), (99, 4, 105), (100, 6, 80), (101, 7, 110), (102, 2, 99), (103, 2, 105), (104, 3, 111), (105, 1, 107), (106, 7, 118), (107, 0, 113), (108, 1, 114), (109, 1, 89), (110, 2, 112), (111, 6, 97), (112, 5, 106), (113, 5, 123), (114, 0, 121), (115, 4, 125), (116, 7, 133), (117, 6, 102), (118, 2, 121), (119, 6, 129), (120, 3, 143), (121, 7, 152)];0;93.31537365913391;153;1.0913862331225113;3.6139240255640934;1.5867443670865877;{'N': 30, 'max_b': 4, 'sum_of_buf': 40, 'obj': 'avg_rm'}
Sensitivity analysis Model With Bounded Number of Buffer Times (|b_j|);BBr5;./Data/PrecedenceGraphs/parsedPSPLib/graph_122_0.txt;./Data/Tasks/exponential/tasks_exponential_122_0.txt;exponential;122;8;600;[(0, 5, 0), (1, 2, 1), (2, 3, 1), (3, 1, 1), (4, 7, 8), (5, 6, 8), (6, 6, 16), (7, 0, 12), (8, 5, 12), (9, 3, 8), (10, 5, 25), (11, 4, 15), (12, 1, 12), (13, 3, 28), (14, 0, 26), (15, 6, 77), (16, 1, 28), (17, 2, 35), (18, 6, 88), (19, 7, 48), (20, 2, 16), (21, 1, 36), (22, 6, 26), (23, 7, 65), (24, 7, 83), (25, 5, 66), (26, 5, 84), (27, 3, 88), (28, 0, 35), (29, 3, 37), (30, 2, 43), (31, 7, 37), (32, 0, 43), (33, 4, 37), (34, 6, 48), (35, 0, 52), (36, 5, 106), (37, 3, 18), (38, 6, 35), (39, 6, 42), (40, 1, 75), (41, 3, 46), (42, 0, 60), (43, 4, 28), (44, 5, 53), (45, 3, 64), (46, 7, 26), (47, 6, 54), (48, 0, 68), (49, 4, 77), (50, 5, 36), (51, 0, 77), (52, 5, 46), (53, 6, 63), (54, 1, 45), (55, 4, 45), (56, 7, 122), (57, 3, 55), (58, 4, 50), (59, 2, 26), (60, 3, 72), (61, 1, 51), (62, 0, 87), (63, 6, 113), (64, 1, 93), (65, 7, 90), (66, 2, 61), (67, 4, 89), (68, 2, 93), (69, 6, 82), (70, 5, 60), (71, 7, 55), (72, 7, 43), (73, 0, 97), (74, 7, 77), (75, 6, 68), (76, 5, 79), (77, 5, 71), (78, 4, 71), (79, 1, 59), (80, 2, 71), (81, 2, 77), (82, 2, 99), (83, 6, 104), (84, 2, 106), (85, 5, 90), (86, 4, 105), (87, 3, 79), (88, 1, 67), (89, 1, 101), (90, 0, 102), (91, 3, 108), (92, 3, 101), (93, 4, 97), (94, 7, 99), (95, 2, 52), (96, 7, 71), (97, 7, 107), (98, 4, 61), (99, 3, 122), (100, 6, 94), (101, 0, 110), (102, 2, 87), (103, 2, 114), (104, 5, 114), (105, 1, 111), (106, 0, 118), (107, 7, 114), (108, 2, 121), (109, 1, 84), (110, 4, 114), (111, 4, 84), (112, 5, 96), (113, 1, 118), (114, 2, 126), (115, 0, 125), (116, 1, 133), (117, 3, 114), (118, 3, 129), (119, 4, 131), (120, 5, 143), (121, 6, 152)];0;70.0803644657135;153;1.512023490935784;4.117338014892154;1.6341973436712338;{'N': 30, 'max_b': 5, 'sum_of_buf': 40, 'obj': 'avg_rm'}
deterministic baseline model;DET;./Data/PrecedenceGraphs/parsedPSPLib/graph_122_1.txt;./Data/Tasks/uniform/tasks_uniform_122_1.txt;uniform;122;8;600;[(0, 4, 0), (1, 5, 1), (2, 0, 1), (3, 3, 1), (4, 1, 6), (5, 0, 6), (6, 4, 9), (7, 7, 16), (8, 2, 15), (9, 7, 21), (10, 0, 14), (11, 1, 29), (12, 7, 26), (13, 4, 15), (14, 6, 21), (15, 2, 22), (16, 0, 29), (17, 2, 28), (18, 3, 15), (19, 7, 36), (20, 3, 71), (21, 2, 59), (22, 4, 25), (23, 0, 38), (24, 7, 6), (25, 6, 30), (26, 5, 29), (27, 5, 14), (28, 2, 6), (29, 6, 14), (30, 5, 36), (31, 3, 25), (32, 3, 32), (33, 5, 23), (34, 4, 31), (35, 1, 39), (36, 7, 69), (37, 4, 55), (38, 3, 42), (39, 0, 46), (40, 3, 66), (41, 3, 20), (42, 7, 45), (43, 2, 40), (44, 7, 52), (45, 6, 111), (46, 3, 51), (47, 0, 52), (48, 4, 100), (49, 7, 74), (50, 6, 64), (51, 3, 85), (52, 5, 46), (53, 1, 57), (54, 0, 20), (55, 1, 85), (56, 5, 65), (57, 7, 99), (58, 6, 40), (59, 1, 65), (60, 0, 65), (61, 3, 9), (62, 6, 58), (63, 0, 57), (64, 5, 71), (65, 1, 98), (66, 4, 39), (67, 6, 49), (68, 4, 49), (69, 5, 78), (70, 0, 71), (71, 2, 34), (72, 6, 78), (73, 1, 74), (74, 2, 98), (75, 2, 49), (76, 0, 79), (77, 7, 60), (78, 3, 57), (79, 4, 61), (80, 0, 87), (81, 1, 20), (82, 5, 56), (83, 2, 65), (84, 6, 72), (85, 5, 93), (86, 4, 70), (87, 2, 85), (88, 4, 75), (89, 5, 83), (90, 4, 81), (91, 1, 93), (92, 1, 79), (93, 1, 47), (94, 7, 86), (95, 7, 80), (96, 3, 109), (97, 3, 104), (98, 5, 102), (99, 4, 86), (100, 6, 96), (101, 7, 109), (102, 4, 94), (103, 2, 75), (104, 3, 94), (105, 3, 78), (106, 6, 87), (107, 2, 91), (108, 7, 91), (109, 0, 101), (110, 1, 107), (111, 4, 107), (112, 2, 105), (113, 6, 105), (114, 0, 92), (115, 5, 112), (116, 0, 106), (117, 2, 113), (118, 1, 117), (119, 4, 118), (120, 5, 117), (121, 6, 125)];0.0793651;600.0892372131348;126;4.162337260843373;14.196744429919995;14.196744429919995;{}
Sensitivity analysis buffer time model (param q);BT10;./Data/PrecedenceGraphs/parsedPSPLib/graph_122_1.txt;./Data/Tasks/uniform/tasks_uniform_122_1.txt;uniform;122;8;600;[(0, 0, 0), (1, 6, 1), (2, 7, 1), (3, 3, 1), (4, 0, 7), (5, 4, 7), (6, 3, 10), (7, 7, 19), (8, 6, 19), (9, 5, 25), (10, 1, 18), (11, 7, 25), (12, 5, 31), (13, 0, 19), (14, 1, 25), (15, 6, 28), (16, 7, 36), (17, 0, 32), (18, 3, 19), (19, 4, 43), (20, 4, 72), (21, 4, 63), (22, 4, 35), (23, 7, 46), (24, 1, 9), (25, 1, 36), (26, 6, 36), (27, 2, 18), (28, 2, 7), (29, 4, 18), (30, 5, 43), (31, 3, 35), (32, 0, 49), (33, 4, 26), (34, 3, 43), (35, 6, 45), (36, 1, 84), (37, 2, 40), (38, 7, 63), (39, 7, 55), (40, 5, 66), (41, 4, 93), (42, 3, 53), (43, 4, 53), (44, 6, 56), (45, 3, 140), (46, 2, 47), (47, 3, 63), (48, 5, 128), (49, 5, 103), (50, 4, 82), (51, 2, 110), (52, 5, 55), (53, 3, 71), (54, 3, 25), (55, 0, 106), (56, 1, 90), (57, 6, 122), (58, 1, 56), (59, 3, 80), (60, 6, 80), (61, 5, 10), (62, 1, 67), (63, 7, 74), (64, 2, 88), (65, 4, 127), (66, 0, 61), (67, 2, 56), (68, 1, 47), (69, 5, 95), (70, 6, 87), (71, 0, 41), (72, 2, 98), (73, 3, 92), (74, 1, 130), (75, 2, 66), (76, 6, 96), (77, 5, 84), (78, 1, 74), (79, 5, 72), (80, 1, 111), (81, 2, 29), (82, 0, 72), (83, 2, 77), (84, 7, 84), (85, 0, 115), (86, 0, 84), (87, 6, 105), (88, 7, 105), (89, 7, 93), (90, 3, 99), (91, 6, 114), (92, 0, 90), (93, 6, 67), (94, 3, 105), (95, 4, 101), (96, 2, 141), (97, 0, 126), (98, 7, 126), (99, 4, 110), (100, 1, 118), (101, 5, 136), (102, 4, 119), (103, 1, 98), (104, 2, 120), (105, 0, 98), (106, 5, 110), (107, 3, 121), (108, 3, 112), (109, 5, 122), (110, 4, 138), (111, 6, 133), (112, 3, 131), (113, 0, 134), (114, 7, 114), (115, 1, 141), (116, 2, 131), (117, 0, 142), (118, 7, 146), (119, 4, 150), (120, 6, 149), (121, 4, 158)];0.0943396;600.0823907852173;159;0.0;0.0;0.0;{'threshold': 0.1}
Sensitivity analysis buffer time model (param q);BT20;./Data/PrecedenceGraphs/parsedPSPLib/graph_122_1.txt;./Data/Tasks/uniform/tasks_uniform_122_1.txt;uniform;122;8;600;[(0, 0, 0), (1, 4, 1), (2, 7, 1), (3, 5, 1), (4, 1, 7), (5, 2, 7), (6, 6, 10), (7, 7, 18), (8, 5, 18), (9, 7, 24), (10, 4, 17), (11, 4, 24), (12, 1, 30), (13, 1, 18), (14, 0, 24), (15, 5, 26), (16, 0, 34), (17, 7, 30), (18, 0, 18), (19, 1, 41), (20, 5, 70), (21, 4, 60), (22, 5, 33), (23, 0, 44), (24, 4, 8), (25, 4, 35), (26, 2, 33), (27, 3, 17), (28, 3, 7), (29, 2, 17), (30, 2, 41), (31, 6, 34), (32, 7, 45), (33, 2, 25), (34, 5, 40), (35, 6, 42), (36, 6, 70), (37, 4, 46), (38, 0, 64), (39, 4, 53), (40, 2, 62), (41, 5, 89), (42, 1, 51), (43, 5, 49), (44, 3, 53), (45, 6, 129), (46, 3, 45), (47, 1, 60), (48, 0, 117), (49, 4, 86), (50, 0, 74), (51, 1, 103), (52, 6, 52), (53, 1, 67), (54, 6, 24), (55, 6, 102), (56, 4, 79), (57, 6, 118), (58, 2, 52), (59, 6, 76), (60, 1, 76), (61, 0, 10), (62, 6, 63), (63, 2, 68), (64, 2, 83), (65, 4, 115), (66, 0, 53), (67, 3, 63), (68, 3, 37), (69, 0, 91), (70, 1, 83), (71, 7, 38), (72, 3, 92), (73, 6, 87), (74, 5, 120), (75, 5, 59), (76, 6, 93), (77, 7, 79), (78, 5, 79), (79, 7, 68), (80, 7, 105), (81, 3, 27), (82, 4, 68), (83, 3, 73), (84, 3, 84), (85, 4, 105), (86, 2, 77), (87, 0, 98), (88, 7, 89), (89, 1, 92), (90, 5, 96), (91, 2, 106), (92, 0, 84), (93, 7, 56), (94, 2, 100), (95, 7, 97), (96, 7, 130), (97, 1, 122), (98, 3, 120), (99, 5, 102), (100, 7, 111), (101, 1, 129), (102, 6, 111), (103, 4, 93), (104, 2, 113), (105, 2, 92), (106, 3, 103), (107, 1, 113), (108, 5, 111), (109, 3, 114), (110, 5, 128), (111, 4, 125), (112, 7, 122), (113, 0, 125), (114, 0, 106), (115, 0, 132), (116, 2, 124), (117, 3, 133), (118, 2, 138), (119, 7, 140), (120, 0, 139), (121, 7, 148)];0.0872483;600.0855317115784;149;0.1787422553280084;0.6181552602817608;0.40769041870441086;{'threshold': 0.2}
Sensitivity analysis buffer time model (param q);BT30;./Data/PrecedenceGraphs/parsedPSPLib/graph_122_1.txt;./Data/Tasks/uniform/tasks_uniform_122_1.txt;uniform;122;8;600;[(0, 2, 0), (1, 4, 1), (2, 1, 1), (3, 0, 1), (4, 1, 7), (5, 5, 7), (6, 0, 10), (7, 1, 18), (8, 0, 17), (9, 6, 24), (10, 4, 16), (11, 4, 33), (12, 6, 30), (13, 2, 17), (14, 1, 24), (15, 0, 25), (16, 5, 33), (17, 0, 32), (18, 5, 17), (19, 7, 41), (20, 2, 70), (21, 1, 55), (22, 2, 28), (23, 5, 43), (24, 6, 7), (25, 1, 34), (26, 7, 33), (27, 7, 16), (28, 2, 7), (29, 6, 16), (30, 6, 41), (31, 3, 29), (32, 3, 37), (33, 7, 26), (34, 2, 35), (35, 2, 44), (36, 2, 64), (37, 3, 48), (38, 1, 62), (39, 6, 52), (40, 0, 56), (41, 3, 23), (42, 7, 51), (43, 0, 46), (44, 0, 62), (45, 6, 127), (46, 4, 51), (47, 7, 59), (48, 3, 114), (49, 4, 85), (50, 5, 73), (51, 5, 99), (52, 5, 52), (53, 7, 65), (54, 5, 23), (55, 3, 95), (56, 4, 78), (57, 4, 112), (58, 1, 45), (59, 0, 77), (60, 7, 74), (61, 3, 10), (62, 3, 55), (63, 4, 69), (64, 5, 82), (65, 2, 110), (66, 4, 58), (67, 3, 62), (68, 4, 44), (69, 3, 89), (70, 7, 81), (71, 0, 39), (72, 6, 87), (73, 0, 87), (74, 7, 114), (75, 6, 59), (76, 5, 90), (77, 3, 72), (78, 2, 78), (79, 6, 70), (80, 0, 100), (81, 4, 23), (82, 5, 63), (83, 1, 72), (84, 6, 80), (85, 0, 106), (86, 0, 71), (87, 2, 95), (88, 3, 82), (89, 4, 92), (90, 1, 94), (91, 5, 109), (92, 2, 88), (93, 2, 53), (94, 6, 97), (95, 0, 93), (96, 3, 122), (97, 5, 115), (98, 0, 116), (99, 7, 98), (100, 1, 110), (101, 4, 123), (102, 7, 107), (103, 1, 83), (104, 6, 103), (105, 7, 90), (106, 1, 100), (107, 2, 102), (108, 4, 103), (109, 6, 114), (110, 7, 122), (111, 5, 121), (112, 6, 120), (113, 1, 120), (114, 3, 104), (115, 0, 127), (116, 2, 120), (117, 2, 128), (118, 4, 132), (119, 3, 134), (120, 1, 133), (121, 0, 142)];0.0769231;600.0815415382385;143;0.4599340357369447;1.7113229628200008;1.7113229628200008;{'threshold': 0.3}
Sensitivity analysis buffer time model (param q);BT40;./Data/PrecedenceGraphs/parsedPSPLib/graph_122_1.txt;./Data/Tasks/uniform/tasks_uniform_122_1.txt;uniform;122;8;600;[(0, 2, 0), (1, 3, 1), (2, 5, 1), (3, 1, 1), (4, 7, 6), (5, 6, 6), (6, 1, 9), (7, 0, 16), (8, 7, 16), (9, 6, 21), (10, 4, 15), (11, 2, 21), (12, 6, 26), (13, 1, 16), (14, 0, 21), (15, 7, 23), (16, 7, 29), (17, 1, 27), (18, 2, 16), (19, 6, 36), (20, 4, 73), (21, 5, 47), (22, 6, 52), (23, 3, 38), (24, 5, 7), (25, 0, 30), (26, 4, 30), (27, 5, 15), (28, 6, 15), (29, 3, 15), (30, 4, 37), (31, 3, 31), (32, 2, 38), (33, 6, 45), (34, 6, 58), (35, 7, 38), (36, 2, 78), (37, 2, 48), (38, 6, 75), (39, 4, 47), (40, 2, 54), (41, 1, 44), (42, 3, 46), (43, 6, 66), (44, 0, 40), (45, 7, 117), (46, 5, 40), (47, 5, 54), (48, 4, 103), (49, 7, 89), (50, 7, 65), (51, 0, 88), (52, 0, 49), (53, 1, 60), (54, 4, 21), (55, 5, 90), (56, 3, 69), (57, 1, 104), (58, 4, 53), (59, 2, 68), (60, 1, 68), (61, 2, 9), (62, 3, 54), (63, 7, 57), (64, 1, 74), (65, 6, 104), (66, 1, 34), (67, 2, 59), (68, 2, 31), (69, 5, 65), (70, 7, 74), (71, 5, 34), (72, 3, 75), (73, 5, 78), (74, 5, 106), (75, 7, 47), (76, 2, 83), (77, 3, 60), (78, 4, 81), (79, 1, 50), (80, 1, 93), (81, 3, 22), (82, 5, 24), (83, 0, 59), (84, 5, 71), (85, 0, 97), (86, 5, 60), (87, 5, 83), (88, 0, 69), (89, 3, 85), (90, 0, 76), (91, 6, 98), (92, 6, 84), (93, 4, 62), (94, 4, 90), (95, 0, 81), (96, 5, 113), (97, 3, 105), (98, 0, 106), (99, 6, 90), (100, 3, 95), (101, 1, 114), (102, 1, 98), (103, 1, 82), (104, 2, 101), (105, 7, 82), (106, 2, 91), (107, 5, 98), (108, 4, 95), (109, 7, 105), (110, 6, 113), (111, 2, 111), (112, 7, 110), (113, 3, 111), (114, 7, 95), (115, 3, 117), (116, 4, 110), (117, 4, 118), (118, 1, 122), (119, 5, 124), (120, 6, 123), (121, 1, 131)];0.0909091;600.0777399539948;132;2.7409897780901833;9.083320211206098;9.083320211206098;{'threshold': 0.4}
Sensitivity analysis buffer time model (param q);BT50;./Data/PrecedenceGraphs/parsedPSPLib/graph_122_1.txt;./Data/Tasks/uniform/tasks_uniform_122_1.txt;uniform;122;8;600;[(0, 5, 0), (1, 7, 1), (2, 1, 1), (3, 3, 1), (4, 4, 6), (5, 2, 6), (6, 5, 9), (7, 3, 16), (8, 1, 15), (9, 0, 21), (10, 2, 14), (11, 4, 35), (12, 0, 26), (13, 7, 15), (14, 5, 21), (15, 1, 22), (16, 3, 30), (17, 4, 29), (18, 5, 15), (19, 5, 36), (20, 1, 65), (21, 3, 67), (22, 7, 25), (23, 2, 42), (24, 6, 6), (25, 6, 38), (26, 1, 28), (27, 6, 14), (28, 7, 6), (29, 0, 14), (30, 0, 36), (31, 2, 25), (32, 1, 35), (33, 6, 23), (34, 7, 31), (35, 7, 39), (36, 0, 61), (37, 5, 45), (38, 0, 46), (39, 0, 55), (40, 4, 60), (41, 2, 20), (42, 1, 45), (43, 3, 39), (44, 6, 65), (45, 3, 112), (46, 5, 51), (47, 1, 52), (48, 4, 92), (49, 6, 73), (50, 1, 57), (51, 2, 76), (52, 2, 50), (53, 6, 57), (54, 4, 20), (55, 1, 72), (56, 5, 79), (57, 4, 99), (58, 6, 29), (59, 7, 66), (60, 4, 65), (61, 1, 9), (62, 2, 70), (63, 5, 64), (64, 5, 72), (65, 7, 75), (66, 2, 32), (67, 7, 57), (68, 4, 54), (69, 6, 79), (70, 4, 71), (71, 5, 30), (72, 3, 83), (73, 0, 75), (74, 5, 57), (75, 3, 48), (76, 0, 80), (77, 0, 66), (78, 6, 48), (79, 3, 58), (80, 0, 93), (81, 3, 21), (82, 4, 45), (83, 2, 60), (84, 5, 85), (85, 7, 95), (86, 1, 80), (87, 4, 86), (88, 7, 84), (89, 3, 73), (90, 7, 90), (91, 0, 88), (92, 2, 91), (93, 7, 47), (94, 5, 91), (95, 2, 85), (96, 7, 109), (97, 7, 104), (98, 6, 102), (99, 3, 92), (100, 6, 84), (101, 4, 109), (102, 3, 100), (103, 1, 85), (104, 5, 96), (105, 4, 79), (106, 6, 93), (107, 1, 95), (108, 0, 98), (109, 1, 102), (110, 2, 106), (111, 1, 107), (112, 0, 106), (113, 3, 106), (114, 2, 97), (115, 0, 112), (116, 5, 106), (117, 6, 113), (118, 5, 117), (119, 7, 118), (120, 4, 117), (121, 7, 125)];0.0793651;600.0773730278015;126;4.542243473120198;15.31318091438395;15.31318091438395;{'threshold': 0.5}
Sensitivity analysis transitions time model (param q);TR40;./Data/PrecedenceGraphs/parsedPSPLib/graph_122_1.txt;./Data/Tasks/uniform/tasks_uniform_122_1.txt;uniform;122;8;600;[(0, 2, 0), (1, 1, 1), (2, 0, 1), (3, 3, 1), (4, 5, 6), (5, 6, 6), (6, 7, 9), (7, 6, 16), (8, 4, 15), (9, 1, 21), (10, 1, 14), (11, 4, 23), (12, 1, 27), (13, 0, 18), (14, 6, 22), (15, 2, 22), (16, 2, 29), (17, 5, 29), (18, 7, 17), (19, 5, 37), (20, 1, 83), (21, 5, 62), (22, 3, 34), (23, 1, 38), (24, 4, 6), (25, 7, 31), (26, 4, 34), (27, 3, 14), (28, 2, 6), (29, 2, 14), (30, 0, 38), (31, 0, 30), (32, 6, 39), (33, 7, 23), (34, 7, 42), (35, 1, 47), (36, 5, 56), (37, 6, 32), (38, 4, 70), (39, 3, 48), (40, 7, 51), (41, 6, 98), (42, 5, 47), (43, 6, 50), (44, 1, 67), (45, 2, 132), (46, 0, 60), (47, 2, 56), (48, 0, 86), (49, 0, 68), (50, 4, 88), (51, 1, 57), (52, 0, 49), (53, 4, 61), (54, 3, 24), (55, 6, 72), (56, 3, 85), (57, 7, 86), (58, 7, 57), (59, 0, 75), (60, 5, 70), (61, 0, 9), (62, 3, 41), (63, 7, 77), (64, 5, 77), (65, 1, 116), (66, 4, 42), (67, 2, 46), (68, 4, 53), (69, 1, 101), (70, 3, 76), (71, 2, 39), (72, 4, 99), (73, 5, 94), (74, 4, 80), (75, 3, 55), (76, 2, 85), (77, 3, 93), (78, 7, 67), (79, 6, 81), (80, 1, 109), (81, 3, 66), (82, 2, 74), (83, 2, 63), (84, 2, 94), (85, 2, 112), (86, 1, 77), (87, 6, 106), (88, 7, 97), (89, 3, 104), (90, 6, 92), (91, 0, 114), (92, 5, 101), (93, 6, 60), (94, 0, 107), (95, 2, 103), (96, 1, 92), (97, 7, 124), (98, 0, 122), (99, 5, 20), (100, 3, 116), (101, 4, 129), (102, 7, 116), (103, 0, 94), (104, 7, 105), (105, 5, 86), (106, 5, 109), (107, 4, 119), (108, 4, 110), (109, 5, 120), (110, 3, 127), (111, 6, 127), (112, 2, 123), (113, 1, 126), (114, 6, 115), (115, 7, 132), (116, 5, 126), (117, 1, 133), (118, 6, 137), (119, 4, 138), (120, 0, 137), (121, 3, 145)];0.205479;600.1256365776062;146;0.6172851372350889;4.002002556992175;4.002002556992175;{'threshold': 0.4}
Sensitivity analysis transitions time model (param q);TR45;./Data/PrecedenceGraphs/parsedPSPLib/graph_122_1.txt;./Data/Tasks/uniform/tasks_uniform_122_1.txt;uniform;122;8;600;[(0, 2, 0), (1, 5, 1), (2, 3, 1), (3, 4, 1), (4, 1, 6), (5, 6, 6), (6, 5, 9), (7, 6, 16), (8, 2, 15), (9, 3, 21), (10, 7, 14), (11, 6, 21), (12, 0, 29), (13, 0, 17), (14, 5, 21), (15, 2, 23), (16, 1, 31), (17, 5, 49), (18, 1, 17), (19, 5, 39), (20, 2, 83), (21, 5, 65), (22, 2, 30), (23, 0, 40), (24, 2, 6), (25, 6, 31), (26, 5, 31), (27, 4, 14), (28, 7, 6), (29, 3, 14), (30, 2, 56), (31, 7, 28), (32, 4, 41), (33, 6, 49), (34, 2, 37), (35, 0, 49), (36, 1, 40), (37, 3, 33), (38, 2, 46), (39, 4, 52), (40, 7, 51), (41, 0, 96), (42, 3, 49), (43, 1, 45), (44, 0, 67), (45, 1, 124), (46, 0, 59), (47, 6, 57), (48, 6, 41), (49, 7, 45), (50, 0, 86), (51, 7, 79), (52, 2, 67), (53, 7, 62), (54, 1, 22), (55, 1, 62), (56, 5, 84), (57, 7, 96), (58, 3, 58), (59, 6, 76), (60, 1, 70), (61, 0, 9), (62, 7, 56), (63, 3, 68), (64, 0, 77), (65, 0, 109), (66, 7, 35), (67, 3, 39), (68, 5, 57), (69, 6, 95), (70, 1, 76), (71, 4, 34), (72, 1, 97), (73, 3, 87), (74, 3, 26), (75, 4, 59), (76, 7, 88), (77, 3, 77), (78, 7, 70), (79, 4, 80), (80, 0, 103), (81, 4, 24), (82, 5, 73), (83, 4, 69), (84, 6, 87), (85, 2, 108), (86, 2, 77), (87, 6, 102), (88, 2, 92), (89, 3, 93), (90, 1, 91), (91, 4, 114), (92, 5, 91), (93, 6, 64), (94, 5, 98), (95, 2, 100), (96, 1, 54), (97, 1, 117), (98, 3, 115), (99, 7, 20), (100, 5, 112), (101, 5, 123), (102, 5, 104), (103, 4, 91), (104, 3, 104), (105, 1, 84), (106, 4, 103), (107, 1, 108), (108, 7, 106), (109, 7, 114), (110, 4, 121), (111, 6, 121), (112, 7, 120), (113, 2, 118), (114, 6, 110), (115, 2, 126), (116, 0, 120), (117, 3, 127), (118, 7, 131), (119, 1, 132), (120, 6, 131), (121, 3, 139)];0.171429;600.114720582962;140;1.4946445247938691;6.3942349762422905;6.3942349762422905;{'threshold': 0.45}
Sensitivity analysis transitions time model (param q);TR50;./Data/PrecedenceGraphs/parsedPSPLib/graph_122_1.txt;./Data/Tasks/uniform/tasks_uniform_122_1.txt;uniform;122;8;600;[(0, 7, 0), (1, 7, 1), (2, 6, 1), (3, 4, 1), (4, 1, 6), (5, 7, 6), (6, 0, 9), (7, 4, 16), (8, 0, 16), (9, 2, 21), (10, 6, 14), (11, 0, 24), (12, 3, 26), (13, 3, 15), (14, 4, 21), (15, 5, 24), (16, 5, 31), (17, 6, 28), (18, 7, 15), (19, 3, 37), (20, 2, 45), (21, 6, 35), (22, 2, 26), (23, 5, 40), (24, 2, 6), (25, 4, 31), (26, 1, 39), (27, 5, 14), (28, 3, 6), (29, 2, 14), (30, 1, 47), (31, 7, 33), (32, 7, 40), (33, 7, 26), (34, 0, 34), (35, 2, 53), (36, 2, 40), (37, 0, 60), (38, 4, 47), (39, 0, 53), (40, 1, 58), (41, 7, 20), (42, 3, 46), (43, 6, 42), (44, 3, 54), (45, 5, 119), (46, 7, 51), (47, 7, 58), (48, 6, 105), (49, 1, 73), (50, 4, 67), (51, 2, 90), (52, 4, 57), (53, 6, 68), (54, 1, 20), (55, 4, 93), (56, 0, 66), (57, 1, 106), (58, 5, 48), (59, 4, 76), (60, 6, 76), (61, 4, 9), (62, 4, 41), (63, 7, 64), (64, 6, 82), (65, 3, 104), (66, 1, 29), (67, 3, 63), (68, 6, 51), (69, 3, 79), (70, 7, 82), (71, 2, 33), (72, 1, 79), (73, 5, 85), (74, 7, 104), (75, 1, 63), (76, 7, 90), (77, 5, 68), (78, 7, 73), (79, 2, 73), (80, 7, 98), (81, 5, 58), (82, 0, 43), (83, 6, 58), (84, 3, 72), (85, 2, 99), (86, 0, 73), (87, 6, 90), (88, 5, 78), (89, 3, 85), (90, 0, 89), (91, 5, 97), (92, 2, 83), (93, 2, 62), (94, 5, 91), (95, 4, 86), (96, 7, 117), (97, 7, 111), (98, 2, 109), (99, 6, 20), (100, 0, 104), (101, 1, 116), (102, 4, 101), (103, 0, 78), (104, 1, 96), (105, 1, 89), (106, 0, 94), (107, 6, 97), (108, 3, 96), (109, 4, 108), (110, 3, 114), (111, 0, 114), (112, 6, 112), (113, 5, 113), (114, 5, 103), (115, 6, 119), (116, 4, 113), (117, 2, 120), (118, 3, 124), (119, 4, 125), (120, 0, 124), (121, 5, 132)];0.12782;600.0945596694946;133;1.787366939869949;8.007879050126704;8.007879050126704;{'threshold': 0.5}
Sensitivity analysis transitions time model (param q);TR55;./Data/PrecedenceGraphs/parsedPSPLib/graph_122_1.txt;./Data/Tasks/uniform/tasks_uniform_122_1.txt;uniform;122;8;600;[(0, 7, 0), (1, 3, 1), (2, 2, 1), (3, 4, 1), (4, 5, 6), (5, 7, 6), (6, 4, 9), (7, 6, 16), (8, 7, 15), (9, 4, 21), (10, 3, 14), (11, 5, 21), (12, 4, 26), (13, 0, 15), (14, 6, 21), (15, 7, 22), (16, 3, 28), (17, 0, 26), (18, 5, 16), (19, 4, 36), (20, 2, 64), (21, 1, 50), (22, 7, 28), (23, 6, 37), (24, 0, 6), (25, 5, 31), (26, 1, 28), (27, 2, 14), (28, 1, 6), (29, 1, 14), (30, 3, 37), (31, 6, 30), (32, 2, 39), (33, 1, 21), (34, 7, 34), (35, 1, 35), (36, 7, 60), (37, 1, 44), (38, 5, 54), (39, 6, 45), (40, 2, 49), (41, 4, 83), (42, 4, 45), (43, 7, 42), (44, 7, 51), (45, 1, 116), (46, 5, 41), (47, 4, 53), (48, 6, 104), (49, 2, 78), (50, 4, 74), (51, 7, 88), (52, 3, 47), (53, 0, 59), (54, 2, 23), (55, 6, 90), (56, 2, 72), (57, 2, 103), (58, 0, 39), (59, 0, 67), (60, 1, 67), (61, 6, 9), (62, 5, 48), (63, 6, 60), (64, 1, 73), (65, 0, 100), (66, 2, 54), (67, 3, 57), (68, 2, 32), (69, 2, 84), (70, 5, 73), (71, 0, 33), (72, 5, 81), (73, 0, 77), (74, 4, 104), (75, 1, 57), (76, 0, 82), (77, 7, 65), (78, 3, 66), (79, 5, 63), (80, 5, 91), (81, 6, 51), (82, 4, 59), (83, 6, 68), (84, 7, 74), (85, 5, 96), (86, 4, 69), (87, 4, 89), (88, 6, 78), (89, 3, 86), (90, 6, 85), (91, 1, 94), (92, 1, 81), (93, 0, 48), (94, 2, 90), (95, 1, 87), (96, 2, 113), (97, 7, 107), (98, 3, 106), (99, 3, 20), (100, 1, 100), (101, 7, 113), (102, 6, 98), (103, 3, 75), (104, 7, 97), (105, 7, 81), (106, 0, 90), (107, 2, 95), (108, 4, 96), (109, 5, 105), (110, 6, 111), (111, 4, 111), (112, 0, 109), (113, 1, 110), (114, 3, 96), (115, 0, 116), (116, 5, 110), (117, 3, 117), (118, 5, 121), (119, 4, 122), (120, 6, 121), (121, 6, 129)];0.107692;600.0926713943481;130;2.713424033281641;10.17633682557949;10.17633682557949;{'threshold': 0.55}
Sensitivity analysis transitions time model (param q);TR60;./Data/PrecedenceGraphs/parsedPSPLib/graph_122_1.txt;./Data/Tasks/uniform/tasks_uniform_122_1.txt;uniform;122;8;600;[(0, 2, 0), (1, 4, 1), (2, 6, 1), (3, 5, 1), (4, 4, 6), (5, 6, 6), (6, 3, 9), (7, 3, 16), (8, 6, 15), (9, 3, 21), (10, 0, 14), (11, 5, 29), (12, 3, 26), (13, 2, 15), (14, 1, 21), (15, 6, 22), (16, 0, 29), (17, 6, 28), (18, 7, 15), (19, 4, 36), (20, 2, 62), (21, 1, 49), (22, 7, 25), (23, 0, 38), (24, 1, 6), (25, 1, 30), (26, 4, 29), (27, 5, 14), (28, 2, 6), (29, 1, 14), (30, 3, 36), (31, 2, 25), (32, 2, 32), (33, 5, 23), (34, 7, 31), (35, 7, 39), (36, 5, 61), (37, 5, 45), (38, 6, 54), (39, 3, 46), (40, 6, 49), (41, 7, 20), (42, 4, 45), (43, 6, 40), (44, 2, 54), (45, 3, 111), (46, 2, 42), (47, 4, 52), (48, 2, 98), (49, 1, 74), (50, 5, 66), (51, 4, 84), (52, 0, 46), (53, 4, 57), (54, 0, 20), (55, 1, 86), (56, 6, 72), (57, 5, 99), (58, 1, 40), (59, 7, 66), (60, 4, 65), (61, 7, 9), (62, 2, 48), (63, 0, 56), (64, 4, 71), (65, 4, 98), (66, 3, 52), (67, 1, 55), (68, 5, 39), (69, 6, 78), (70, 3, 71), (71, 6, 34), (72, 0, 79), (73, 7, 75), (74, 0, 100), (75, 5, 51), (76, 3, 79), (77, 0, 64), (78, 6, 63), (79, 3, 62), (80, 0, 88), (81, 4, 20), (82, 7, 57), (83, 1, 64), (84, 0, 73), (85, 5, 90), (86, 2, 69), (87, 2, 84), (88, 5, 74), (89, 5, 80), (90, 6, 83), (91, 4, 93), (92, 4, 78), (93, 7, 47), (94, 7, 87), (95, 1, 80), (96, 1, 109), (97, 1, 104), (98, 3, 101), (99, 3, 87), (100, 6, 97), (101, 5, 109), (102, 3, 95), (103, 2, 74), (104, 1, 94), (105, 7, 80), (106, 6, 88), (107, 0, 93), (108, 2, 90), (109, 7, 101), (110, 4, 107), (111, 0, 107), (112, 2, 105), (113, 7, 106), (114, 7, 92), (115, 7, 112), (116, 6, 106), (117, 6, 113), (118, 0, 117), (119, 5, 118), (120, 2, 117), (121, 5, 125)];0.0793651;600.0758340358734;126;3.8885098837681817;13.290574533356601;13.290574533356601;{'threshold': 0.6}
Obj. F. analysis SAA model (RM);STr;./Data/PrecedenceGraphs/parsedPSPLib/graph_122_1.txt;./Data/Tasks/uniform/tasks_uniform_122_1.txt;uniform;122;8;600;[(0, 1, 0), (1, 5, 1), (2, 4, 1), (3, 3, 1), (4, 2, 6), (5, 1, 6), (6, 0, 9), (7, 2, 16), (8, 5, 15), (9, 2, 21), (10, 7, 14), (11, 0, 29), (12, 2, 26), (13, 3, 15), (14, 1, 21), (15, 5, 22), (16, 4, 29), (17, 5, 28), (18, 0, 15), (19, 2, 36), (20, 2, 45), (21, 1, 58), (22, 3, 25), (23, 4, 38), (24, 4, 6), (25, 1, 30), (26, 7, 29), (27, 4, 14), (28, 7, 6), (29, 1, 14), (30, 7, 42), (31, 6, 28), (32, 7, 52), (33, 4, 23), (34, 3, 31), (35, 3, 39), (36, 4, 76), (37, 7, 36), (38, 5, 40), (39, 6, 53), (40, 5, 67), (41, 7, 89), (42, 0, 45), (43, 1, 49), (44, 6, 45), (45, 7, 112), (46, 2, 52), (47, 0, 52), (48, 7, 99), (49, 4, 81), (50, 1, 64), (51, 5, 84), (52, 6, 59), (53, 0, 57), (54, 0, 20), (55, 2, 86), (56, 4, 70), (57, 1, 99), (58, 5, 49), (59, 7, 70), (60, 0, 65), (61, 6, 9), (62, 3, 47), (63, 7, 62), (64, 1, 72), (65, 4, 96), (66, 3, 53), (67, 1, 40), (68, 0, 39), (69, 1, 79), (70, 0, 71), (71, 5, 34), (72, 2, 68), (73, 7, 79), (74, 2, 100), (75, 2, 58), (76, 3, 79), (77, 2, 77), (78, 5, 58), (79, 4, 46), (80, 7, 94), (81, 7, 20), (82, 4, 55), (83, 3, 69), (84, 5, 72), (85, 1, 90), (86, 6, 69), (87, 1, 84), (88, 5, 78), (89, 6, 84), (90, 7, 84), (91, 3, 87), (92, 3, 63), (93, 6, 35), (94, 0, 86), (95, 4, 64), (96, 6, 108), (97, 6, 103), (98, 3, 102), (99, 6, 20), (100, 0, 98), (101, 1, 109), (102, 2, 94), (103, 6, 74), (104, 3, 92), (105, 0, 79), (106, 4, 87), (107, 0, 91), (108, 5, 93), (109, 5, 101), (110, 2, 107), (111, 0, 107), (112, 7, 106), (113, 4, 105), (114, 6, 94), (115, 4, 112), (116, 5, 106), (117, 5, 113), (118, 3, 117), (119, 7, 118), (120, 4, 117), (121, 5, 125)];0.0793651;601.6360149383545;126;3.332311435107745;12.35051771443662;12.35051771443662;{'N': 30, 'obj': 'avg_rm'}
Obj. F. analysis SAA model (S1);STs1;./Data/PrecedenceGraphs/parsedPSPLib/graph_122_1.txt;./Data/Tasks/uniform/tasks_uniform_122_1.txt;uniform;122;8;600;[(0, 5, 0), (1, 3, 1), (2, 4, 1), (3, 6, 1), (4, 7, 6), (5, 5, 6), (6, 1, 9), (7, 7, 16), (8, 1, 15), (9, 2, 21), (10, 5, 14), (11, 3, 29), (12, 2, 26), (13, 0, 15), (14, 7, 21), (15, 1, 22), (16, 4, 29), (17, 1, 28), (18, 4, 15), (19, 2, 36), (20, 6, 46), (21, 1, 49), (22, 0, 25), (23, 4, 38), (24, 0, 6), (25, 6, 36), (26, 6, 29), (27, 3, 14), (28, 3, 6), (29, 2, 14), (30, 7, 45), (31, 5, 25), (32, 5, 32), (33, 3, 23), (34, 0, 31), (35, 0, 39), (36, 2, 45), (37, 6, 63), (38, 4, 52), (39, 4, 46), (40, 0, 47), (41, 5, 20), (42, 3, 45), (43, 7, 55), (44, 3, 52), (45, 7, 112), (46, 5, 52), (47, 0, 52), (48, 4, 99), (49, 4, 81), (50, 3, 74), (51, 7, 84), (52, 2, 59), (53, 0, 57), (54, 6, 20), (55, 1, 87), (56, 4, 61), (57, 0, 99), (58, 1, 40), (59, 0, 70), (60, 1, 65), (61, 6, 9), (62, 7, 30), (63, 3, 60), (64, 6, 74), (65, 6, 97), (66, 1, 55), (67, 7, 36), (68, 3, 39), (69, 0, 65), (70, 1, 71), (71, 1, 34), (72, 2, 75), (73, 0, 79), (74, 3, 100), (75, 6, 53), (76, 1, 79), (77, 4, 72), (78, 5, 73), (79, 2, 50), (80, 5, 93), (81, 4, 20), (82, 5, 58), (83, 7, 64), (84, 2, 69), (85, 7, 93), (86, 6, 69), (87, 0, 84), (88, 5, 82), (89, 3, 82), (90, 4, 67), (91, 5, 88), (92, 3, 68), (93, 5, 42), (94, 4, 87), (95, 5, 67), (96, 0, 110), (97, 2, 104), (98, 7, 102), (99, 2, 86), (100, 5, 98), (101, 2, 109), (102, 1, 95), (103, 7, 74), (104, 2, 94), (105, 6, 81), (106, 6, 88), (107, 4, 92), (108, 3, 92), (109, 1, 101), (110, 3, 107), (111, 5, 107), (112, 4, 106), (113, 1, 106), (114, 0, 90), (115, 4, 112), (116, 6, 106), (117, 6, 113), (118, 2, 117), (119, 6, 118), (120, 3, 117), (121, 7, 125)];0.0793651;601.5841636657715;126;3.509417011510617;12.936498417047389;12.936498417047389;{'N': 30, 'obj': 'avg_exp_ovp'}
Obj. F. analysis SAA model (S2);STs2;./Data/PrecedenceGraphs/parsedPSPLib/graph_122_1.txt;./Data/Tasks/uniform/tasks_uniform_122_1.txt;uniform;122;8;600;[(0, 3, 0), (1, 7, 1), (2, 6, 1), (3, 1, 1), (4, 2, 6), (5, 5, 6), (6, 4, 9), (7, 2, 16), (8, 3, 15), (9, 2, 21), (10, 4, 15), (11, 7, 29), (12, 2, 26), (13, 0, 15), (14, 3, 22), (15, 1, 23), (16, 6, 29), (17, 5, 27), (18, 7, 15), (19, 1, 36), (20, 2, 68), (21, 5, 48), (22, 4, 26), (23, 6, 38), (24, 0, 6), (25, 3, 31), (26, 1, 29), (27, 1, 14), (28, 3, 6), (29, 5, 14), (30, 2, 36), (31, 0, 25), (32, 0, 32), (33, 5, 21), (34, 4, 50), (35, 4, 42), (36, 2, 57), (37, 0, 48), (38, 1, 51), (39, 2, 46), (40, 3, 51), (41, 4, 21), (42, 7, 45), (43, 3, 66), (44, 7, 52), (45, 4, 112), (46, 1, 45), (47, 2, 52), (48, 5, 100), (49, 0, 80), (50, 5, 63), (51, 6, 83), (52, 6, 46), (53, 4, 58), (54, 6, 20), (55, 7, 86), (56, 0, 64), (57, 2, 99), (58, 5, 54), (59, 1, 69), (60, 4, 66), (61, 6, 9), (62, 0, 42), (63, 6, 65), (64, 5, 72), (65, 0, 97), (66, 3, 41), (67, 5, 39), (68, 7, 39), (69, 6, 78), (70, 4, 72), (71, 5, 33), (72, 5, 79), (73, 1, 78), (74, 3, 90), (75, 0, 54), (76, 4, 80), (77, 6, 56), (78, 3, 75), (79, 7, 70), (80, 5, 88), (81, 7, 20), (82, 1, 60), (83, 7, 60), (84, 2, 62), (85, 3, 97), (86, 6, 73), (87, 1, 83), (88, 2, 80), (89, 0, 70), (90, 2, 75), (91, 0, 92), (92, 0, 86), (93, 4, 32), (94, 2, 86), (95, 3, 84), (96, 7, 109), (97, 7, 104), (98, 4, 102), (99, 4, 88), (100, 1, 98), (101, 2, 109), (102, 4, 96), (103, 3, 56), (104, 7, 94), (105, 7, 79), (106, 1, 89), (107, 5, 93), (108, 2, 91), (109, 6, 101), (110, 5, 107), (111, 1, 107), (112, 6, 106), (113, 0, 106), (114, 6, 92), (115, 0, 112), (116, 3, 106), (117, 3, 113), (118, 2, 117), (119, 4, 118), (120, 1, 117), (121, 1, 125)];0.0793651;601.4131350517273;126;3.9193361540306833;13.573278823448883;13.573278823448883;{'N': 30, 'obj': 'max_exp_ovp'}
Obj. F. analysis SAA model (additional Obj F 1);STmR;./Data/PrecedenceGraphs/parsedPSPLib/graph_122_1.txt;./Data/Tasks/uniform/tasks_uniform_122_1.txt;uniform;122;8;600;[(0, 5, 0), (1, 2, 1), (2, 7, 1), (3, 6, 1), (4, 2, 6), (5, 7, 6), (6, 4, 9), (7, 4, 16), (8, 6, 15), (9, 4, 21), (10, 1, 14), (11, 1, 29), (12, 4, 26), (13, 3, 15), (14, 5, 21), (15, 6, 22), (16, 7, 29), (17, 6, 28), (18, 0, 15), (19, 2, 36), (20, 4, 67), (21, 5, 40), (22, 3, 25), (23, 7, 44), (24, 6, 9), (25, 5, 30), (26, 2, 29), (27, 7, 14), (28, 3, 6), (29, 5, 14), (30, 4, 36), (31, 0, 25), (32, 0, 32), (33, 7, 23), (34, 3, 31), (35, 1, 39), (36, 4, 46), (37, 2, 55), (38, 7, 67), (39, 7, 52), (40, 6, 57), (41, 0, 20), (42, 3, 45), (43, 6, 48), (44, 6, 40), (45, 2, 112), (46, 7, 38), (47, 3, 52), (48, 0, 58), (49, 0, 74), (50, 2, 61), (51, 6, 71), (52, 0, 48), (53, 3, 57), (54, 2, 20), (55, 2, 87), (56, 4, 61), (57, 3, 99), (58, 5, 56), (59, 3, 65), (60, 1, 70), (61, 0, 9), (62, 0, 42), (63, 1, 62), (64, 6, 80), (65, 7, 87), (66, 2, 45), (67, 5, 70), (68, 3, 39), (69, 1, 57), (70, 1, 76), (71, 6, 34), (72, 6, 62), (73, 4, 83), (74, 6, 100), (75, 4, 51), (76, 4, 88), (77, 7, 58), (78, 0, 65), (79, 2, 78), (80, 7, 96), (81, 1, 20), (82, 2, 69), (83, 5, 46), (84, 0, 80), (85, 3, 90), (86, 5, 65), (87, 3, 74), (88, 7, 81), (89, 1, 84), (90, 7, 76), (91, 2, 95), (92, 6, 87), (93, 1, 47), (94, 0, 92), (95, 0, 86), (96, 3, 109), (97, 1, 104), (98, 5, 102), (99, 5, 79), (100, 4, 96), (101, 1, 109), (102, 2, 100), (103, 3, 80), (104, 1, 94), (105, 5, 87), (106, 4, 74), (107, 6, 93), (108, 5, 94), (109, 7, 101), (110, 4, 107), (111, 6, 107), (112, 2, 106), (113, 7, 106), (114, 0, 97), (115, 7, 112), (116, 0, 106), (117, 6, 113), (118, 4, 117), (119, 6, 118), (120, 0, 117), (121, 3, 125)];0.0793651;601.5305914878845;126;4.3060789264433765;14.356848369655983;14.356848369655983;{'N': 30, 'obj': 'max_rm'}
Obj. F. analysis SAA model (additional Obj F 2);STmS;./Data/PrecedenceGraphs/parsedPSPLib/graph_122_1.txt;./Data/Tasks/uniform/tasks_uniform_122_1.txt;uniform;122;8;600;[(0, 3, 0), (1, 1, 1), (2, 0, 1), (3, 3, 1), (4, 4, 6), (5, 7, 6), (6, 6, 9), (7, 4, 16), (8, 7, 15), (9, 4, 21), (10, 0, 14), (11, 2, 29), (12, 4, 26), (13, 6, 15), (14, 5, 21), (15, 7, 22), (16, 0, 29), (17, 7, 28), (18, 1, 15), (19, 3, 36), (20, 3, 52), (21, 7, 43), (22, 6, 25), (23, 0, 38), (24, 2, 6), (25, 5, 30), (26, 3, 29), (27, 2, 14), (28, 5, 6), (29, 5, 14), (30, 4, 36), (31, 1, 25), (32, 1, 32), (33, 2, 23), (34, 6, 31), (35, 6, 39), (36, 1, 58), (37, 1, 52), (38, 6, 52), (39, 4, 46), (40, 6, 47), (41, 1, 20), (42, 3, 45), (43, 5, 46), (44, 2, 51), (45, 3, 111), (46, 2, 45), (47, 4, 52), (48, 5, 90), (49, 0, 73), (50, 0, 65), (51, 2, 82), (52, 0, 46), (53, 4, 57), (54, 0, 20), (55, 4, 79), (56, 7, 70), (57, 2, 99), (58, 7, 55), (59, 5, 65), (60, 4, 65), (61, 3, 9), (62, 5, 40), (63, 2, 59), (64, 1, 72), (65, 1, 97), (66, 5, 55), (67, 7, 34), (68, 2, 39), (69, 2, 77), (70, 4, 71), (71, 7, 49), (72, 3, 74), (73, 5, 74), (74, 4, 100), (75, 3, 59), (76, 0, 79), (77, 1, 63), (78, 3, 83), (79, 6, 61), (80, 0, 92), (81, 3, 20), (82, 0, 56), (83, 2, 67), (84, 7, 64), (85, 7, 92), (86, 3, 69), (87, 1, 84), (88, 7, 76), (89, 6, 84), (90, 1, 79), (91, 0, 87), (92, 5, 84), (93, 1, 42), (94, 5, 79), (95, 6, 70), (96, 6, 109), (97, 6, 104), (98, 3, 101), (99, 6, 76), (100, 0, 97), (101, 2, 109), (102, 4, 94), (103, 7, 82), (104, 6, 94), (105, 4, 87), (106, 3, 92), (107, 1, 90), (108, 2, 91), (109, 7, 101), (110, 4, 107), (111, 0, 106), (112, 7, 106), (113, 5, 106), (114, 5, 97), (115, 5, 112), (116, 1, 106), (117, 0, 113), (118, 7, 117), (119, 3, 118), (120, 1, 117), (121, 4, 125)];0.0793651;601.5974967479706;126;3.659520131507816;13.11079070706331;13.11079070706331;{'N': 30, 'obj': 'max_max_ovp'}
Obj. F. analysis Model With Bounded Makespan (RM);MBr;./Data/PrecedenceGraphs/parsedPSPLib/graph_122_1.txt;./Data/Tasks/uniform/tasks_uniform_122_1.txt;uniform;122;8;600;[(0, 0, 0), (1, 3, 1), (2, 0, 1), (3, 1, 1), (4, 4, 6), (5, 6, 6), (6, 5, 9), (7, 4, 16), (8, 3, 15), (9, 4, 21), (10, 0, 14), (11, 6, 27), (12, 4, 26), (13, 7, 15), (14, 2, 23), (15, 3, 22), (16, 0, 29), (17, 3, 28), (18, 5, 15), (19, 4, 36), (20, 0, 46), (21, 6, 37), (22, 5, 25), (23, 0, 38), (24, 0, 6), (25, 2, 32), (26, 1, 29), (27, 2, 14), (28, 7, 6), (29, 6, 14), (30, 1, 45), (31, 7, 25), (32, 7, 32), (33, 6, 21), (34, 5, 31), (35, 5, 39), (36, 0, 53), (37, 7, 52), (38, 4, 51), (39, 1, 55), (40, 5, 47), (41, 5, 20), (42, 2, 48), (43, 6, 43), (44, 1, 61), (45, 2, 112), (46, 4, 45), (47, 5, 55), (48, 0, 68), (49, 4, 86), (50, 2, 74), (51, 2, 82), (52, 0, 58), (53, 5, 60), (54, 0, 20), (55, 6, 61), (56, 0, 75), (57, 6, 99), (58, 3, 44), (59, 3, 71), (60, 5, 68), (61, 1, 9), (62, 3, 65), (63, 7, 67), (64, 7, 75), (65, 1, 98), (66, 3, 34), (67, 6, 52), (68, 2, 42), (69, 1, 78), (70, 5, 74), (71, 3, 53), (72, 7, 58), (73, 3, 80), (74, 3, 90), (75, 4, 60), (76, 5, 82), (77, 6, 69), (78, 1, 69), (79, 2, 55), (80, 1, 93), (81, 1, 20), (82, 1, 36), (83, 2, 64), (84, 4, 70), (85, 6, 90), (86, 7, 82), (87, 0, 91), (88, 6, 78), (89, 4, 76), (90, 1, 83), (91, 1, 88), (92, 6, 84), (93, 7, 42), (94, 3, 85), (95, 3, 59), (96, 6, 109), (97, 0, 104), (98, 4, 102), (99, 5, 90), (100, 7, 96), (101, 0, 109), (102, 5, 98), (103, 0, 81), (104, 4, 92), (105, 2, 91), (106, 7, 87), (107, 0, 97), (108, 2, 98), (109, 5, 104), (110, 1, 107), (111, 5, 109), (112, 2, 106), (113, 7, 105), (114, 3, 98), (115, 7, 112), (116, 3, 107), (117, 3, 115), (118, 4, 117), (119, 7, 120), (120, 1, 117), (121, 1, 130)];1;601.1698000431061;131;3.052110915173738;8.937158053779802;7.247751473376823;{'N': 30, 'makespan_delta': 5, 'first_runner': <function run_cp_simp at 0x000002A99AF3C4A0>, 'first_runner_params': {}, 'first_time_limit': 60, 'obj': 'avg_rm'}
Obj. F. analysis Model With Bounded Makespan (S1);MBs1;./Data/PrecedenceGraphs/parsedPSPLib/graph_122_1.txt;./Data/Tasks/uniform/tasks_uniform_122_1.txt;uniform;122;8;600;[(0, 1, 0), (1, 4, 1), (2, 6, 1), (3, 0, 1), (4, 1, 6), (5, 2, 6), (6, 0, 9), (7, 1, 16), (8, 4, 16), (9, 1, 21), (10, 7, 15), (11, 3, 21), (12, 1, 26), (13, 0, 15), (14, 5, 21), (15, 4, 23), (16, 5, 30), (17, 7, 30), (18, 5, 15), (19, 1, 36), (20, 1, 70), (21, 6, 57), (22, 0, 25), (23, 2, 40), (24, 7, 6), (25, 2, 30), (26, 4, 29), (27, 6, 14), (28, 5, 6), (29, 2, 14), (30, 7, 36), (31, 3, 31), (32, 3, 38), (33, 2, 21), (34, 0, 31), (35, 4, 36), (36, 2, 66), (37, 4, 50), (38, 2, 48), (39, 0, 48), (40, 1, 57), (41, 3, 88), (42, 1, 45), (43, 0, 39), (44, 0, 54), (45, 5, 110), (46, 5, 49), (47, 1, 52), (48, 2, 103), (49, 1, 77), (50, 3, 66), (51, 0, 79), (52, 6, 47), (53, 3, 58), (54, 7, 21), (55, 6, 83), (56, 2, 71), (57, 1, 99), (58, 6, 32), (59, 7, 66), (60, 4, 66), (61, 3, 9), (62, 5, 55), (63, 1, 62), (64, 0, 72), (65, 2, 94), (66, 7, 46), (67, 4, 56), (68, 6, 41), (69, 7, 85), (70, 4, 72), (71, 4, 44), (72, 3, 74), (73, 3, 83), (74, 3, 98), (75, 3, 48), (76, 4, 80), (77, 6, 63), (78, 5, 61), (79, 2, 57), (80, 3, 93), (81, 6, 23), (82, 7, 56), (83, 0, 62), (84, 6, 77), (85, 6, 91), (86, 6, 72), (87, 7, 90), (88, 2, 77), (89, 7, 75), (90, 4, 88), (91, 7, 103), (92, 1, 83), (93, 5, 39), (94, 2, 89), (95, 2, 83), (96, 0, 110), (97, 0, 105), (98, 4, 102), (99, 5, 87), (100, 5, 95), (101, 1, 110), (102, 6, 100), (103, 5, 70), (104, 1, 89), (105, 5, 80), (106, 0, 88), (107, 7, 96), (108, 0, 97), (109, 3, 105), (110, 2, 111), (111, 3, 110), (112, 7, 110), (113, 5, 104), (114, 4, 93), (115, 4, 117), (116, 6, 107), (117, 6, 117), (118, 1, 118), (119, 3, 122), (120, 7, 122), (121, 0, 130)];14.7392;601.9861137866974;131;2.973385037489783;8.062806627390751;8.062806627390751;{'N': 30, 'makespan_delta': 5, 'first_runner': <function run_cp_simp at 0x000002A99AF3C4A0>, 'first_runner_params': {}, 'first_time_limit': 60, 'obj': 'avg_exp_ovp'}
Obj. F. analysis Model With Bounded Makespan (S2);MBs2;./Data/PrecedenceGraphs/parsedPSPLib/graph_122_1.txt;./Data/Tasks/uniform/tasks_uniform_122_1.txt;uniform;122;8;600;[(0, 6, 0), (1, 2, 1), (2, 4, 1), (3, 1, 1), (4, 0, 6), (5, 6, 6), (6, 1, 9), (7, 0, 16), (8, 4, 15), (9, 0, 21), (10, 6, 14), (11, 2, 32), (12, 0, 26), (13, 7, 15), (14, 2, 23), (15, 4, 22), (16, 6, 28), (17, 4, 28), (18, 1, 15), (19, 0, 36), (20, 7, 73), (21, 3, 40), (22, 7, 25), (23, 7, 39), (24, 2, 6), (25, 4, 34), (26, 5, 29), (27, 2, 14), (28, 3, 6), (29, 3, 14), (30, 5, 36), (31, 3, 27), (32, 3, 51), (33, 3, 21), (34, 7, 31), (35, 6, 37), (36, 3, 46), (37, 1, 57), (38, 1, 39), (39, 7, 47), (40, 2, 66), (41, 4, 77), (42, 0, 45), (43, 1, 48), (44, 6, 51), (45, 5, 110), (46, 6, 45), (47, 0, 52), (48, 5, 65), (49, 3, 81), (50, 4, 69), (51, 2, 86), (52, 5, 55), (53, 0, 57), (54, 5, 20), (55, 7, 80), (56, 4, 63), (57, 3, 100), (58, 4, 54), (59, 0, 65), (60, 5, 72), (61, 5, 9), (62, 1, 63), (63, 6, 59), (64, 0, 83), (65, 6, 94), (66, 4, 44), (67, 2, 57), (68, 2, 42), (69, 1, 74), (70, 5, 78), (71, 3, 34), (72, 2, 48), (73, 1, 79), (74, 7, 102), (75, 7, 53), (76, 5, 86), (77, 2, 71), (78, 6, 67), (79, 3, 61), (80, 5, 94), (81, 1, 20), (82, 5, 46), (83, 7, 63), (84, 3, 70), (85, 0, 74), (86, 1, 69), (87, 6, 76), (88, 2, 80), (89, 1, 84), (90, 3, 76), (91, 5, 99), (92, 7, 88), (93, 1, 29), (94, 3, 87), (95, 4, 82), (96, 4, 108), (97, 4, 103), (98, 6, 103), (99, 6, 20), (100, 1, 100), (101, 3, 111), (102, 1, 94), (103, 6, 83), (104, 2, 95), (105, 0, 90), (106, 4, 89), (107, 7, 94), (108, 3, 92), (109, 4, 98), (110, 7, 109), (111, 1, 109), (112, 5, 104), (113, 2, 105), (114, 0, 98), (115, 2, 114), (116, 0, 107), (117, 1, 116), (118, 3, 119), (119, 1, 122), (120, 7, 121), (121, 1, 130)];0.860656;601.5716965198517;131;2.757236000231485;6.350622051032245;6.350622051032245;{'N': 30, 'makespan_delta': 5, 'first_runner': <function run_cp_simp at 0x000002A99AF3C4A0>, 'first_runner_params': {}, 'first_time_limit': 60, 'obj': 'max_exp_ovp'}
Obj. F. analysis Model With Bounded Makespan (additional Obj F 1);MBmR;./Data/PrecedenceGraphs/parsedPSPLib/graph_122_1.txt;./Data/Tasks/uniform/tasks_uniform_122_1.txt;uniform;122;8;600;[(0, 6, 0), (1, 6, 1), (2, 3, 1), (3, 4, 1), (4, 3, 6), (5, 0, 6), (6, 4, 9), (7, 1, 16), (8, 6, 15), (9, 1, 21), (10, 7, 14), (11, 2, 29), (12, 1, 26), (13, 4, 15), (14, 0, 21), (15, 6, 22), (16, 5, 29), (17, 6, 28), (18, 5, 15), (19, 1, 36), (20, 1, 62), (21, 5, 46), (22, 4, 25), (23, 5, 38), (24, 1, 6), (25, 0, 30), (26, 7, 29), (27, 2, 14), (28, 7, 6), (29, 0, 14), (30, 7, 36), (31, 3, 25), (32, 3, 32), (33, 2, 23), (34, 4, 31), (35, 4, 39), (36, 6, 61), (37, 6, 34), (38, 6, 52), (39, 6, 46), (40, 0, 49), (41, 3, 20), (42, 1, 45), (43, 0, 40), (44, 4, 53), (45, 0, 104), (46, 3, 42), (47, 5, 52), (48, 2, 95), (49, 1, 75), (50, 0, 63), (51, 6, 85), (52, 7, 46), (53, 5, 57), (54, 5, 20), (55, 3, 86), (56, 1, 69), (57, 4, 100), (58, 2, 45), (59, 6, 66), (60, 5, 65), (61, 6, 9), (62, 4, 47), (63, 7, 56), (64, 5, 71), (65, 5, 101), (66, 2, 54), (67, 0, 54), (68, 2, 39), (69, 7, 79), (70, 0, 71), (71, 6, 40), (72, 4, 76), (73, 6, 75), (74, 6, 100), (75, 1, 52), (76, 0, 79), (77, 2, 64), (78, 3, 67), (79, 4, 61), (80, 0, 87), (81, 7, 20), (82, 3, 58), (83, 7, 69), (84, 4, 70), (85, 4, 91), (86, 7, 64), (87, 4, 85), (88, 2, 73), (89, 1, 81), (90, 6, 80), (91, 2, 90), (92, 2, 79), (93, 3, 48), (94, 2, 85), (95, 7, 84), (96, 3, 109), (97, 0, 99), (98, 2, 102), (99, 5, 85), (100, 1, 101), (101, 4, 110), (102, 6, 94), (103, 3, 76), (104, 1, 91), (105, 5, 78), (106, 7, 90), (107, 0, 92), (108, 5, 93), (109, 7, 99), (110, 5, 110), (111, 1, 110), (112, 3, 103), (113, 7, 104), (114, 3, 94), (115, 2, 112), (116, 6, 107), (117, 7, 116), (118, 2, 118), (119, 0, 121), (120, 3, 120), (121, 4, 130)];1;601.2723145484924;131;3.5415870041623196;8.52863174988903;8.52863174988903;{'N': 30, 'makespan_delta': 5, 'first_runner': <function run_cp_simp at 0x000002A99AF3C4A0>, 'first_runner_params': {}, 'first_time_limit': 60, 'obj': 'max_rm'}
Obj. F. analysis Model With Bounded Makespan (additional Obj F 2);MBmS;./Data/PrecedenceGraphs/parsedPSPLib/graph_122_1.txt;./Data/Tasks/uniform/tasks_uniform_122_1.txt;uniform;122;8;600;[(0, 2, 0), (1, 0, 1), (2, 1, 1), (3, 6, 1), (4, 3, 6), (5, 0, 6), (6, 6, 9), (7, 2, 16), (8, 3, 16), (9, 2, 21), (10, 0, 14), (11, 5, 23), (12, 2, 26), (13, 6, 15), (14, 1, 21), (15, 3, 23), (16, 4, 29), (17, 3, 29), (18, 1, 15), (19, 2, 36), (20, 5, 64), (21, 4, 38), (22, 0, 25), (23, 4, 44), (24, 5, 6), (25, 1, 30), (26, 7, 30), (27, 5, 14), (28, 4, 6), (29, 7, 14), (30, 7, 37), (31, 6, 25), (32, 6, 32), (33, 5, 33), (34, 0, 32), (35, 5, 39), (36, 1, 40), (37, 6, 42), (38, 1, 45), (39, 4, 52), (40, 3, 66), (41, 0, 20), (42, 2, 45), (43, 1, 54), (44, 7, 47), (45, 0, 115), (46, 5, 48), (47, 2, 52), (48, 2, 104), (49, 2, 81), (50, 3, 71), (51, 7, 85), (52, 7, 56), (53, 2, 57), (54, 7, 21), (55, 2, 87), (56, 0, 70), (57, 7, 104), (58, 0, 41), (59, 4, 67), (60, 2, 66), (61, 2, 9), (62, 6, 58), (63, 4, 58), (64, 1, 73), (65, 5, 98), (66, 6, 48), (67, 3, 57), (68, 3, 41), (69, 6, 90), (70, 2, 73), (71, 3, 35), (72, 6, 69), (73, 6, 79), (74, 4, 104), (75, 5, 54), (76, 0, 81), (77, 7, 66), (78, 7, 76), (79, 0, 61), (80, 6, 98), (81, 4, 20), (82, 3, 48), (83, 1, 63), (84, 5, 81), (85, 7, 95), (86, 6, 64), (87, 5, 90), (88, 3, 79), (89, 4, 76), (90, 0, 89), (91, 0, 104), (92, 6, 84), (93, 0, 50), (94, 3, 92), (95, 3, 86), (96, 7, 114), (97, 3, 108), (98, 1, 107), (99, 4, 87), (100, 3, 99), (101, 3, 114), (102, 6, 103), (103, 5, 71), (104, 0, 94), (105, 1, 82), (106, 1, 90), (107, 1, 100), (108, 4, 96), (109, 5, 107), (110, 4, 111), (111, 5, 112), (112, 2, 111), (113, 0, 109), (114, 2, 95), (115, 2, 117), (116, 6, 109), (117, 6, 118), (118, 3, 122), (119, 5, 123), (120, 0, 122), (121, 1, 130)];0.75;601.6188340187073;131;2.243755865745812;7.983938443412542;7.983938443412542;{'N': 30, 'makespan_delta': 5, 'first_runner': <function run_cp_simp at 0x000002A99AF3C4A0>, 'first_runner_params': {}, 'first_time_limit': 60, 'obj': 'max_max_ovp'}
Obj. F. analysis Model With Bounded Number of Buffer Times (RM);BBr;./Data/PrecedenceGraphs/parsedPSPLib/graph_122_1.txt;./Data/Tasks/uniform/tasks_uniform_122_1.txt;uniform;122;8;600;[(0, 3, 0), (1, 7, 1), (2, 6, 1), (3, 5, 1), (4, 2, 6), (5, 0, 6), (6, 1, 9), (7, 2, 16), (8, 5, 15), (9, 4, 21), (10, 0, 14), (11, 7, 23), (12, 4, 26), (13, 6, 15), (14, 2, 21), (15, 5, 22), (16, 5, 28), (17, 2, 30), (18, 1, 15), (19, 2, 36), (20, 6, 55), (21, 6, 33), (22, 3, 27), (23, 5, 37), (24, 3, 6), (25, 0, 37), (26, 1, 29), (27, 7, 14), (28, 7, 6), (29, 3, 14), (30, 4, 36), (31, 6, 25), (32, 6, 39), (33, 3, 21), (34, 3, 33), (35, 1, 36), (36, 2, 67), (37, 1, 44), (38, 6, 63), (39, 6, 49), (40, 3, 74), (41, 1, 60), (42, 2, 45), (43, 3, 41), (44, 2, 52), (45, 0, 116), (46, 7, 39), (47, 7, 52), (48, 4, 66), (49, 7, 84), (50, 2, 81), (51, 6, 88), (52, 5, 54), (53, 7, 58), (54, 1, 20), (55, 7, 75), (56, 2, 60), (57, 3, 102), (58, 0, 28), (59, 4, 73), (60, 0, 67), (61, 4, 9), (62, 5, 64), (63, 0, 59), (64, 3, 79), (65, 2, 95), (66, 4, 56), (67, 5, 45), (68, 7, 45), (69, 3, 87), (70, 0, 74), (71, 7, 33), (72, 2, 72), (73, 6, 83), (74, 0, 101), (75, 1, 50), (76, 0, 82), (77, 7, 66), (78, 3, 59), (79, 3, 50), (80, 0, 96), (81, 4, 47), (82, 1, 75), (83, 1, 65), (84, 5, 77), (85, 3, 92), (86, 6, 72), (87, 4, 83), (88, 3, 68), (89, 5, 84), (90, 1, 84), (91, 0, 91), (92, 6, 77), (93, 0, 48), (94, 2, 89), (95, 5, 71), (96, 2, 111), (97, 6, 106), (98, 7, 106), (99, 0, 20), (100, 5, 101), (101, 3, 112), (102, 7, 99), (103, 4, 89), (104, 4, 100), (105, 7, 91), (106, 1, 90), (107, 5, 94), (108, 6, 97), (109, 2, 105), (110, 6, 111), (111, 5, 111), (112, 0, 109), (113, 4, 111), (114, 1, 100), (115, 7, 117), (116, 1, 109), (117, 1, 118), (118, 5, 121), (119, 1, 123), (120, 2, 122), (121, 6, 130)];0.114504;601.6088171005249;131;2.3544753932701457;7.685345967203317;7.685345967203317;{'N': 30, 'max_b': 1, 'sum_of_buf': 40, 'obj': 'avg_rm'}
Obj. F. analysis Model With Bounded Number of Buffer Times (S1);BBs1;./Data/PrecedenceGraphs/parsedPSPLib/graph_122_1.txt;./Data/Tasks/uniform/tasks_uniform_122_1.txt;uniform;122;8;600;[(0, 2, 0), (1, 1, 1), (2, 0, 1), (3, 7, 1), (4, 1, 6), (5, 4, 6), (6, 7, 9), (7, 0, 17), (8, 3, 15), (9, 1, 23), (10, 1, 17), (11, 3, 32), (12, 1, 28), (13, 5, 16), (14, 2, 24), (15, 0, 28), (16, 0, 34), (17, 6, 29), (18, 4, 15), (19, 0, 44), (20, 7, 55), (21, 7, 32), (22, 5, 27), (23, 4, 47), (24, 2, 6), (25, 2, 34), (26, 7, 38), (27, 2, 15), (28, 6, 6), (29, 6, 15), (30, 1, 38), (31, 4, 31), (32, 5, 42), (33, 6, 22), (34, 5, 33), (35, 7, 46), (36, 7, 79), (37, 2, 59), (38, 4, 38), (39, 7, 63), (40, 5, 52), (41, 0, 22), (42, 0, 53), (43, 6, 47), (44, 2, 44), (45, 7, 116), (46, 4, 64), (47, 0, 61), (48, 4, 106), (49, 7, 84), (50, 1, 78), (51, 3, 87), (52, 1, 48), (53, 0, 66), (54, 4, 21), (55, 6, 78), (56, 4, 77), (57, 3, 104), (58, 3, 54), (59, 5, 77), (60, 0, 75), (61, 5, 9), (62, 6, 35), (63, 3, 73), (64, 5, 87), (65, 7, 91), (66, 5, 67), (67, 1, 58), (68, 2, 52), (69, 0, 91), (70, 0, 82), (71, 6, 41), (72, 7, 69), (73, 6, 87), (74, 2, 106), (75, 6, 57), (76, 1, 95), (77, 6, 68), (78, 3, 63), (79, 2, 76), (80, 1, 103), (81, 3, 23), (82, 4, 55), (83, 2, 65), (84, 4, 70), (85, 4, 88), (86, 4, 83), (87, 3, 97), (88, 2, 85), (89, 1, 68), (90, 2, 92), (91, 6, 99), (92, 6, 92), (93, 3, 43), (94, 0, 96), (95, 3, 81), (96, 3, 116), (97, 5, 110), (98, 1, 108), (99, 7, 23), (100, 4, 97), (101, 5, 115), (102, 0, 101), (103, 5, 57), (104, 7, 100), (105, 5, 94), (106, 1, 86), (107, 6, 104), (108, 2, 98), (109, 0, 107), (110, 4, 113), (111, 2, 113), (112, 7, 110), (113, 6, 112), (114, 5, 101), (115, 1, 118), (116, 0, 112), (117, 0, 119), (118, 6, 123), (119, 3, 124), (120, 7, 123), (121, 1, 131)];0.121212;601.7854833602905;132;1.5013216064911696;7.749738677684622;7.749738677684622;{'N': 30, 'max_b': 1, 'sum_of_buf': 40, 'obj': 'avg_exp_ovp'}
Obj. F. analysis Model With Bounded Number of Buffer Times (S2);BBs2;./Data/PrecedenceGraphs/parsedPSPLib/graph_122_1.txt;./Data/Tasks/uniform/tasks_uniform_122_1.txt;uniform;122;8;600;[(0, 7, 0), (1, 1, 1), (2, 5, 1), (3, 7, 1), (4, 0, 6), (5, 2, 6), (6, 4, 9), (7, 0, 16), (8, 4, 15), (9, 0, 21), (10, 5, 14), (11, 7, 21), (12, 0, 26), (13, 3, 15), (14, 4, 23), (15, 2, 23), (16, 2, 29), (17, 6, 29), (18, 1, 15), (19, 0, 36), (20, 5, 56), (21, 4, 51), (22, 3, 25), (23, 2, 38), (24, 1, 7), (25, 4, 32), (26, 6, 35), (27, 2, 14), (28, 6, 6), (29, 7, 14), (30, 2, 46), (31, 1, 29), (32, 1, 45), (33, 5, 21), (34, 3, 31), (35, 6, 42), (36, 0, 67), (37, 6, 50), (38, 6, 56), (39, 3, 53), (40, 1, 65), (41, 2, 80), (42, 0, 45), (43, 7, 49), (44, 3, 45), (45, 6, 116), (46, 5, 43), (47, 0, 52), (48, 5, 97), (49, 1, 76), (50, 5, 63), (51, 1, 82), (52, 2, 56), (53, 4, 58), (54, 6, 20), (55, 6, 80), (56, 7, 74), (57, 1, 103), (58, 4, 42), (59, 6, 66), (60, 2, 66), (61, 6, 11), (62, 5, 27), (63, 7, 65), (64, 0, 72), (65, 2, 103), (66, 5, 33), (67, 1, 36), (68, 3, 39), (69, 2, 85), (70, 2, 72), (71, 5, 50), (72, 6, 89), (73, 6, 75), (74, 3, 91), (75, 1, 55), (76, 7, 87), (77, 5, 78), (78, 3, 68), (79, 0, 58), (80, 2, 98), (81, 1, 20), (82, 3, 59), (83, 4, 66), (84, 7, 59), (85, 4, 98), (86, 1, 71), (87, 0, 79), (88, 3, 77), (89, 4, 86), (90, 7, 81), (91, 7, 95), (92, 5, 71), (93, 7, 31), (94, 1, 92), (95, 3, 84), (96, 4, 113), (97, 4, 108), (98, 5, 105), (99, 7, 41), (100, 7, 100), (101, 1, 113), (102, 1, 97), (103, 4, 76), (104, 6, 98), (105, 0, 86), (106, 5, 87), (107, 2, 91), (108, 0, 94), (109, 0, 103), (110, 2, 112), (111, 7, 110), (112, 0, 109), (113, 6, 109), (114, 3, 99), (115, 0, 116), (116, 3, 109), (117, 3, 117), (118, 1, 121), (119, 7, 123), (120, 2, 122), (121, 5, 130)];0.114504;601.7654633522034;131;2.3550540238396334;8.019011968328279;8.019011968328279;{'N': 30, 'max_b': 1, 'sum_of_buf': 40, 'obj': 'max_exp_ovp'}
Obj. F. analysis Model With Bounded Number of Buffer Times (additional Obj F 1);BBmR;./Data/PrecedenceGraphs/parsedPSPLib/graph_122_1.txt;./Data/Tasks/uniform/tasks_uniform_122_1.txt;uniform;122;8;600;[(0, 5, 0), (1, 5, 1), (2, 1, 1), (3, 3, 1), (4, 0, 6), (5, 5, 6), (6, 3, 9), (7, 0, 17), (8, 2, 15), (9, 2, 23), (10, 5, 14), (11, 1, 23), (12, 2, 28), (13, 7, 15), (14, 0, 22), (15, 6, 23), (16, 3, 29), (17, 4, 29), (18, 3, 15), (19, 2, 39), (20, 3, 64), (21, 6, 45), (22, 7, 25), (23, 3, 38), (24, 7, 6), (25, 0, 31), (26, 6, 29), (27, 1, 14), (28, 1, 6), (29, 6, 14), (30, 7, 39), (31, 5, 26), (32, 4, 35), (33, 1, 33), (34, 7, 31), (35, 6, 36), (36, 6, 51), (37, 6, 57), (38, 3, 54), (39, 3, 47), (40, 0, 50), (41, 5, 21), (42, 2, 48), (43, 0, 41), (44, 0, 55), (45, 4, 116), (46, 4, 51), (47, 1, 56), (48, 0, 83), (49, 5, 76), (50, 4, 66), (51, 4, 89), (52, 7, 50), (53, 1, 61), (54, 3, 20), (55, 5, 88), (56, 6, 72), (57, 4, 98), (58, 5, 40), (59, 7, 70), (60, 1, 69), (61, 4, 9), (62, 4, 45), (63, 5, 61), (64, 2, 76), (65, 2, 100), (66, 5, 50), (67, 4, 57), (68, 1, 49), (69, 3, 80), (70, 1, 75), (71, 5, 34), (72, 4, 80), (73, 7, 79), (74, 1, 105), (75, 2, 56), (76, 0, 90), (77, 0, 63), (78, 3, 71), (79, 6, 63), (80, 0, 99), (81, 4, 20), (82, 7, 61), (83, 2, 66), (84, 4, 74), (85, 3, 101), (86, 5, 70), (87, 3, 85), (88, 6, 78), (89, 6, 84), (90, 7, 84), (91, 0, 105), (92, 5, 82), (93, 1, 39), (94, 1, 90), (95, 1, 84), (96, 5, 111), (97, 2, 109), (98, 7, 106), (99, 7, 89), (100, 1, 95), (101, 2, 114), (102, 5, 104), (103, 0, 73), (104, 3, 91), (105, 2, 83), (106, 2, 90), (107, 5, 97), (108, 7, 97), (109, 6, 104), (110, 1, 112), (111, 0, 110), (112, 6, 110), (113, 4, 109), (114, 6, 95), (115, 0, 117), (116, 3, 111), (117, 7, 118), (118, 3, 122), (119, 7, 123), (120, 5, 122), (121, 3, 130)];0.114504;601.6868708133698;131;2.1437507908445546;8.72038031894621;8.72038031894621;{'N': 30, 'max_b': 1, 'sum_of_buf': 40, 'obj': 'max_rm'}
Obj. F. analysis Model With Bounded Number of Buffer Times (additional Obj F 2);BBmS;./Data/PrecedenceGraphs/parsedPSPLib/graph_122_1.txt;./Data/Tasks/uniform/tasks_uniform_122_1.txt;uniform;122;8;600;[(0, 2, 0), (1, 7, 1), (2, 0, 1), (3, 4, 1), (4, 1, 7), (5, 5, 7), (6, 6, 9), (7, 1, 18), (8, 3, 15), (9, 5, 23), (10, 5, 16), (11, 6, 30), (12, 5, 28), (13, 4, 15), (14, 3, 23), (15, 1, 28), (16, 1, 34), (17, 2, 29), (18, 6, 15), (19, 5, 38), (20, 3, 67), (21, 0, 33), (22, 0, 26), (23, 3, 52), (24, 0, 7), (25, 0, 49), (26, 7, 44), (27, 0, 16), (28, 3, 7), (29, 2, 16), (30, 1, 43), (31, 4, 26), (32, 4, 34), (33, 2, 23), (34, 3, 44), (35, 7, 56), (36, 4, 83), (37, 7, 29), (38, 2, 42), (39, 3, 60), (40, 7, 51), (41, 1, 23), (42, 6, 47), (43, 2, 52), (44, 5, 68), (45, 0, 117), (46, 4, 45), (47, 6, 55), (48, 3, 104), (49, 4, 88), (50, 5, 60), (51, 7, 89), (52, 4, 62), (53, 6, 61), (54, 6, 20), (55, 2, 90), (56, 0, 59), (57, 6, 104), (58, 0, 65), (59, 4, 73), (60, 6, 69), (61, 7, 9), (62, 5, 47), (63, 2, 67), (64, 6, 75), (65, 4, 103), (66, 3, 33), (67, 0, 39), (68, 6, 40), (69, 2, 62), (70, 2, 76), (71, 2, 36), (72, 1, 74), (73, 3, 84), (74, 2, 103), (75, 7, 70), (76, 0, 84), (77, 5, 83), (78, 7, 80), (79, 1, 65), (80, 5, 93), (81, 7, 20), (82, 7, 35), (83, 4, 52), (84, 5, 54), (85, 0, 97), (86, 1, 84), (87, 1, 89), (88, 2, 84), (89, 3, 74), (90, 7, 65), (91, 2, 98), (92, 3, 89), (93, 1, 54), (94, 0, 92), (95, 5, 76), (96, 5, 114), (97, 5, 109), (98, 7, 107), (99, 6, 89), (100, 1, 103), (101, 6, 114), (102, 6, 98), (103, 0, 74), (104, 5, 99), (105, 6, 82), (106, 4, 94), (107, 1, 96), (108, 3, 96), (109, 0, 106), (110, 1, 112), (111, 4, 112), (112, 2, 110), (113, 0, 111), (114, 7, 98), (115, 7, 117), (116, 3, 111), (117, 2, 118), (118, 3, 122), (119, 1, 123), (120, 4, 122), (121, 6, 130)];0.114504;601.6129350662231;131;1.9869334646778978;9.611614454119549;9.611614454119549;{'N': 30, 'max_b': 1, 'sum_of_buf': 40, 'obj': 'max_max_ovp'}
Sensitivity analysis SAA model (N);STr2;./Data/PrecedenceGraphs/parsedPSPLib/graph_122_1.txt;./Data/Tasks/uniform/tasks_uniform_122_1.txt;uniform;122;8;600;[(0, 1, 0), (1, 7, 1), (2, 5, 1), (3, 2, 1), (4, 4, 6), (5, 5, 6), (6, 7, 9), (7, 4, 16), (8, 5, 15), (9, 4, 21), (10, 0, 14), (11, 5, 37), (12, 4, 26), (13, 7, 15), (14, 1, 21), (15, 2, 23), (16, 2, 35), (17, 3, 29), (18, 6, 15), (19, 4, 36), (20, 4, 77), (21, 5, 47), (22, 0, 25), (23, 2, 50), (24, 0, 6), (25, 3, 35), (26, 6, 37), (27, 2, 14), (28, 3, 6), (29, 1, 14), (30, 6, 44), (31, 7, 25), (32, 7, 53), (33, 5, 31), (34, 0, 31), (35, 0, 45), (36, 7, 48), (37, 6, 54), (38, 7, 39), (39, 5, 64), (40, 7, 63), (41, 0, 20), (42, 3, 45), (43, 4, 52), (44, 0, 53), (45, 0, 111), (46, 2, 44), (47, 3, 52), (48, 4, 45), (49, 0, 61), (50, 5, 80), (51, 3, 79), (52, 2, 58), (53, 3, 57), (54, 3, 20), (55, 7, 85), (56, 4, 71), (57, 4, 99), (58, 1, 58), (59, 1, 76), (60, 3, 65), (61, 3, 11), (62, 0, 39), (63, 6, 70), (64, 7, 78), (65, 4, 90), (66, 6, 60), (67, 1, 30), (68, 5, 53), (69, 5, 59), (70, 3, 71), (71, 2, 29), (72, 1, 49), (73, 1, 85), (74, 7, 32), (75, 4, 61), (76, 6, 89), (77, 0, 73), (78, 2, 68), (79, 1, 67), (80, 6, 97), (81, 6, 20), (82, 5, 22), (83, 5, 70), (84, 0, 67), (85, 5, 97), (86, 0, 82), (87, 7, 93), (88, 6, 78), (89, 0, 87), (90, 6, 84), (91, 2, 83), (92, 2, 77), (93, 1, 39), (94, 1, 90), (95, 4, 84), (96, 4, 109), (97, 1, 104), (98, 6, 102), (99, 6, 29), (100, 2, 98), (101, 1, 109), (102, 3, 95), (103, 7, 68), (104, 2, 88), (105, 3, 88), (106, 5, 88), (107, 7, 99), (108, 0, 97), (109, 3, 101), (110, 2, 107), (111, 3, 107), (112, 0, 105), (113, 7, 106), (114, 1, 95), (115, 7, 112), (116, 5, 106), (117, 5, 113), (118, 3, 117), (119, 4, 118), (120, 6, 117), (121, 4, 125)];0.0793651;600.1165370941162;126;3.5991962300355427;13.26949868637947;13.26949868637947;{'N': 2, 'obj': 'avg_rm'}
Sensitivity analysis SAA model (N);STr10;./Data/PrecedenceGraphs/parsedPSPLib/graph_122_1.txt;./Data/Tasks/uniform/tasks_uniform_122_1.txt;uniform;122;8;600;[(0, 1, 0), (1, 4, 1), (2, 7, 1), (3, 6, 1), (4, 0, 6), (5, 5, 6), (6, 7, 9), (7, 0, 16), (8, 1, 15), (9, 4, 21), (10, 6, 14), (11, 0, 30), (12, 4, 26), (13, 7, 15), (14, 0, 21), (15, 1, 22), (16, 2, 29), (17, 1, 28), (18, 3, 15), (19, 3, 36), (20, 5, 58), (21, 0, 58), (22, 7, 25), (23, 5, 44), (24, 6, 9), (25, 1, 34), (26, 3, 29), (27, 5, 14), (28, 1, 6), (29, 4, 14), (30, 4, 36), (31, 6, 25), (32, 6, 32), (33, 5, 23), (34, 7, 31), (35, 7, 39), (36, 6, 42), (37, 6, 47), (38, 3, 45), (39, 5, 52), (40, 7, 47), (41, 6, 20), (42, 2, 45), (43, 0, 40), (44, 3, 54), (45, 5, 111), (46, 2, 52), (47, 7, 52), (48, 4, 99), (49, 5, 80), (50, 2, 66), (51, 5, 86), (52, 4, 46), (53, 7, 57), (54, 2, 20), (55, 2, 58), (56, 6, 72), (57, 3, 99), (58, 0, 49), (59, 7, 65), (60, 1, 66), (61, 2, 9), (62, 1, 60), (63, 4, 65), (64, 4, 73), (65, 2, 98), (66, 5, 65), (67, 5, 35), (68, 1, 44), (69, 2, 88), (70, 1, 72), (71, 5, 29), (72, 7, 79), (73, 7, 74), (74, 2, 38), (75, 1, 50), (76, 1, 80), (77, 4, 56), (78, 6, 63), (79, 3, 62), (80, 7, 97), (81, 3, 20), (82, 2, 74), (83, 0, 74), (84, 3, 71), (85, 7, 88), (86, 5, 75), (87, 6, 93), (88, 3, 77), (89, 0, 64), (90, 2, 83), (91, 2, 93), (92, 6, 78), (93, 6, 53), (94, 4, 86), (95, 4, 80), (96, 0, 109), (97, 0, 104), (98, 7, 102), (99, 1, 88), (100, 6, 84), (101, 3, 109), (102, 1, 96), (103, 0, 84), (104, 0, 94), (105, 3, 83), (106, 3, 90), (107, 6, 99), (108, 4, 91), (109, 1, 102), (110, 2, 107), (111, 1, 107), (112, 6, 106), (113, 4, 106), (114, 5, 95), (115, 4, 112), (116, 5, 104), (117, 1, 113), (118, 3, 117), (119, 1, 118), (120, 4, 117), (121, 6, 125)];0.0793651;600.746030330658;126;3.6684086211013036;12.652375734996467;12.652375734996467;{'N': 10, 'obj': 'avg_rm'}
Sensitivity analysis SAA model (N);STr30;./Data/PrecedenceGraphs/parsedPSPLib/graph_122_1.txt;./Data/Tasks/uniform/tasks_uniform_122_1.txt;uniform;122;8;600;[(0, 7, 0), (1, 1, 1), (2, 3, 1), (3, 6, 1), (4, 4, 6), (5, 1, 6), (6, 5, 9), (7, 3, 16), (8, 5, 15), (9, 3, 21), (10, 6, 14), (11, 0, 23), (12, 3, 26), (13, 7, 15), (14, 6, 21), (15, 5, 22), (16, 4, 29), (17, 5, 28), (18, 2, 15), (19, 3, 36), (20, 4, 51), (21, 5, 51), (22, 7, 25), (23, 4, 38), (24, 3, 6), (25, 2, 36), (26, 2, 29), (27, 0, 14), (28, 2, 6), (29, 1, 14), (30, 6, 40), (31, 1, 33), (32, 1, 40), (33, 1, 21), (34, 7, 31), (35, 5, 43), (36, 4, 46), (37, 1, 27), (38, 2, 52), (39, 2, 46), (40, 1, 68), (41, 1, 73), (42, 0, 46), (43, 5, 57), (44, 7, 60), (45, 4, 112), (46, 3, 45), (47, 0, 53), (48, 3, 100), (49, 5, 84), (50, 1, 60), (51, 4, 77), (52, 4, 58), (53, 0, 58), (54, 4, 20), (55, 7, 68), (56, 3, 71), (57, 6, 100), (58, 6, 50), (59, 6, 67), (60, 0, 66), (61, 7, 9), (62, 7, 54), (63, 6, 59), (64, 1, 78), (65, 4, 92), (66, 3, 51), (67, 5, 34), (68, 7, 39), (69, 3, 77), (70, 0, 72), (71, 0, 40), (72, 5, 75), (73, 6, 76), (74, 0, 33), (75, 3, 61), (76, 0, 80), (77, 4, 68), (78, 5, 66), (79, 2, 61), (80, 5, 90), (81, 2, 20), (82, 7, 45), (83, 1, 50), (84, 2, 70), (85, 2, 88), (86, 7, 76), (87, 1, 92), (88, 2, 76), (89, 3, 82), (90, 6, 81), (91, 4, 101), (92, 4, 86), (93, 6, 30), (94, 6, 86), (95, 2, 82), (96, 5, 109), (97, 5, 104), (98, 7, 101), (99, 0, 88), (100, 1, 98), (101, 6, 110), (102, 0, 96), (103, 7, 81), (104, 7, 91), (105, 1, 85), (106, 6, 91), (107, 2, 98), (108, 3, 92), (109, 0, 102), (110, 3, 107), (111, 1, 107), (112, 4, 106), (113, 2, 105), (114, 5, 95), (115, 2, 112), (116, 0, 107), (117, 1, 114), (118, 7, 118), (119, 5, 119), (120, 3, 117), (121, 0, 126)];0.0866142;601.3955035209656;127;3.0165240984576887;10.913977264598486;10.913977264598486;{'N': 30, 'obj': 'avg_rm'}
Sensitivity analysis SAA model (N);STr50;./Data/PrecedenceGraphs/parsedPSPLib/graph_122_1.txt;./Data/Tasks/uniform/tasks_uniform_122_1.txt;uniform;122;8;600;[(0, 1, 0), (1, 1, 1), (2, 2, 1), (3, 3, 1), (4, 6, 6), (5, 1, 6), (6, 7, 9), (7, 6, 16), (8, 5, 15), (9, 3, 21), (10, 1, 14), (11, 0, 29), (12, 3, 26), (13, 7, 15), (14, 6, 21), (15, 5, 22), (16, 4, 29), (17, 5, 28), (18, 0, 15), (19, 2, 36), (20, 1, 61), (21, 0, 47), (22, 1, 25), (23, 4, 38), (24, 4, 6), (25, 6, 39), (26, 2, 29), (27, 2, 14), (28, 2, 6), (29, 3, 14), (30, 3, 36), (31, 7, 25), (32, 3, 51), (33, 2, 23), (34, 1, 31), (35, 0, 39), (36, 3, 46), (37, 1, 39), (38, 6, 49), (39, 4, 46), (40, 5, 71), (41, 1, 20), (42, 2, 45), (43, 4, 52), (44, 0, 53), (45, 3, 111), (46, 7, 42), (47, 2, 52), (48, 6, 100), (49, 6, 64), (50, 0, 61), (51, 0, 84), (52, 7, 48), (53, 2, 57), (54, 0, 20), (55, 6, 79), (56, 5, 65), (57, 2, 100), (58, 5, 40), (59, 7, 66), (60, 2, 65), (61, 4, 11), (62, 6, 58), (63, 7, 58), (64, 1, 73), (65, 7, 96), (66, 5, 49), (67, 6, 30), (68, 1, 45), (69, 3, 80), (70, 2, 71), (71, 5, 34), (72, 4, 80), (73, 7, 75), (74, 5, 94), (75, 1, 51), (76, 2, 79), (77, 6, 70), (78, 0, 69), (79, 3, 61), (80, 4, 89), (81, 4, 20), (82, 4, 61), (83, 4, 70), (84, 5, 59), (85, 0, 93), (86, 1, 68), (87, 6, 87), (88, 3, 85), (89, 3, 70), (90, 7, 80), (91, 7, 91), (92, 7, 85), (93, 7, 32), (94, 2, 87), (95, 0, 78), (96, 4, 108), (97, 4, 103), (98, 3, 101), (99, 5, 86), (100, 1, 96), (101, 2, 110), (102, 5, 101), (103, 5, 76), (104, 3, 91), (105, 1, 80), (106, 1, 87), (107, 6, 93), (108, 2, 92), (109, 0, 102), (110, 6, 107), (111, 0, 107), (112, 1, 105), (113, 7, 105), (114, 4, 94), (115, 7, 111), (116, 5, 107), (117, 0, 114), (118, 1, 118), (119, 6, 119), (120, 5, 117), (121, 4, 126)];0.0866142;602.2143261432648;127;3.244109526071201;10.996111790422741;10.996111790422741;{'N': 50, 'obj': 'avg_rm'}
Sensitivity analysis SAA model (N);STr100;./Data/PrecedenceGraphs/parsedPSPLib/graph_122_1.txt;./Data/Tasks/uniform/tasks_uniform_122_1.txt;uniform;122;8;600;[(0, 5, 0), (1, 3, 1), (2, 7, 1), (3, 5, 1), (4, 0, 6), (5, 2, 6), (6, 1, 9), (7, 6, 16), (8, 1, 15), (9, 6, 21), (10, 3, 14), (11, 3, 29), (12, 6, 26), (13, 4, 15), (14, 7, 21), (15, 1, 22), (16, 2, 29), (17, 1, 28), (18, 5, 15), (19, 6, 36), (20, 0, 62), (21, 7, 49), (22, 4, 25), (23, 2, 38), (24, 7, 6), (25, 7, 30), (26, 0, 29), (27, 2, 14), (28, 3, 6), (29, 7, 14), (30, 0, 36), (31, 5, 25), (32, 5, 32), (33, 2, 23), (34, 4, 31), (35, 4, 39), (36, 3, 59), (37, 3, 53), (38, 4, 53), (39, 0, 46), (40, 5, 48), (41, 5, 20), (42, 6, 45), (43, 1, 40), (44, 3, 45), (45, 1, 107), (46, 5, 42), (47, 6, 52), (48, 4, 97), (49, 7, 74), (50, 2, 64), (51, 6, 84), (52, 2, 46), (53, 6, 57), (54, 0, 20), (55, 2, 85), (56, 5, 72), (57, 7, 99), (58, 7, 40), (59, 1, 68), (60, 6, 65), (61, 6, 9), (62, 4, 47), (63, 2, 56), (64, 6, 71), (65, 0, 97), (66, 0, 52), (67, 7, 55), (68, 3, 39), (69, 5, 78), (70, 4, 71), (71, 1, 34), (72, 3, 79), (73, 1, 77), (74, 5, 101), (75, 5, 53), (76, 4, 79), (77, 3, 64), (78, 5, 63), (79, 4, 62), (80, 5, 88), (81, 3, 20), (82, 1, 59), (83, 7, 64), (84, 2, 72), (85, 7, 90), (86, 0, 69), (87, 0, 84), (88, 3, 73), (89, 7, 80), (90, 5, 83), (91, 4, 92), (92, 6, 78), (93, 1, 49), (94, 4, 87), (95, 1, 82), (96, 4, 110), (97, 1, 102), (98, 6, 103), (99, 1, 88), (100, 3, 97), (101, 7, 109), (102, 1, 96), (103, 0, 74), (104, 6, 93), (105, 2, 78), (106, 3, 88), (107, 0, 90), (108, 5, 93), (109, 2, 102), (110, 5, 108), (111, 2, 107), (112, 3, 106), (113, 4, 104), (114, 2, 93), (115, 3, 113), (116, 0, 106), (117, 2, 113), (118, 0, 117), (119, 6, 118), (120, 1, 118), (121, 3, 126)];0.0866142;605.1544406414032;127;3.398423479883373;11.20615339934475;11.20615339934475;{'N': 100, 'obj': 'avg_rm'}
Sensitivity analysis SAA model (N);STr150;./Data/PrecedenceGraphs/parsedPSPLib/graph_122_1.txt;./Data/Tasks/uniform/tasks_uniform_122_1.txt;uniform;122;8;600;[(0, 4, 0), (1, 0, 1), (2, 7, 1), (3, 1, 1), (4, 5, 6), (5, 4, 6), (6, 6, 9), (7, 0, 16), (8, 2, 15), (9, 4, 21), (10, 3, 14), (11, 3, 29), (12, 4, 26), (13, 6, 15), (14, 0, 21), (15, 2, 22), (16, 7, 29), (17, 2, 28), (18, 7, 15), (19, 4, 36), (20, 4, 62), (21, 2, 49), (22, 5, 25), (23, 7, 38), (24, 3, 6), (25, 0, 30), (26, 1, 29), (27, 1, 14), (28, 7, 6), (29, 4, 14), (30, 1, 36), (31, 6, 25), (32, 6, 32), (33, 1, 23), (34, 5, 31), (35, 5, 39), (36, 6, 58), (37, 6, 42), (38, 3, 51), (39, 7, 46), (40, 0, 49), (41, 5, 20), (42, 4, 45), (43, 0, 40), (44, 0, 54), (45, 0, 112), (46, 3, 45), (47, 7, 52), (48, 7, 101), (49, 4, 74), (50, 1, 64), (51, 5, 83), (52, 1, 46), (53, 7, 57), (54, 3, 20), (55, 7, 87), (56, 2, 64), (57, 3, 97), (58, 2, 40), (59, 3, 69), (60, 7, 65), (61, 0, 9), (62, 5, 47), (63, 1, 56), (64, 0, 71), (65, 5, 97), (66, 5, 53), (67, 2, 55), (68, 3, 39), (69, 0, 78), (70, 7, 71), (71, 2, 34), (72, 6, 78), (73, 3, 78), (74, 4, 101), (75, 4, 52), (76, 7, 79), (77, 2, 70), (78, 6, 63), (79, 0, 62), (80, 6, 87), (81, 7, 20), (82, 3, 60), (83, 5, 63), (84, 1, 72), (85, 0, 93), (86, 4, 69), (87, 1, 84), (88, 6, 72), (89, 0, 83), (90, 3, 83), (91, 5, 92), (92, 1, 78), (93, 6, 48), (94, 4, 86), (95, 4, 80), (96, 7, 108), (97, 2, 102), (98, 0, 102), (99, 2, 86), (100, 1, 97), (101, 3, 107), (102, 7, 95), (103, 5, 73), (104, 4, 91), (105, 2, 79), (106, 3, 88), (107, 1, 90), (108, 2, 94), (109, 6, 101), (110, 4, 108), (111, 2, 107), (112, 1, 106), (113, 6, 106), (114, 6, 92), (115, 6, 112), (116, 5, 106), (117, 5, 113), (118, 3, 115), (119, 5, 118), (120, 6, 118), (121, 1, 126)];0.0866142;619.8062560558319;127;3.5877869086119825;11.985309387350009;11.985309387350009;{'N': 150, 'obj': 'avg_rm'}
Sensitivity analysis Model With Bounded Number of Buffer Times (|b_j|);BBr1;./Data/PrecedenceGraphs/parsedPSPLib/graph_122_1.txt;./Data/Tasks/uniform/tasks_uniform_122_1.txt;uniform;122;8;600;[(0, 5, 0), (1, 1, 1), (2, 3, 1), (3, 0, 1), (4, 4, 6), (5, 1, 6), (6, 7, 9), (7, 4, 16), (8, 3, 15), (9, 4, 21), (10, 1, 14), (11, 5, 23), (12, 4, 26), (13, 6, 15), (14, 2, 21), (15, 3, 22), (16, 3, 28), (17, 1, 29), (18, 7, 15), (19, 4, 36), (20, 7, 62), (21, 7, 32), (22, 6, 25), (23, 3, 37), (24, 2, 7), (25, 2, 30), (26, 0, 29), (27, 5, 14), (28, 5, 6), (29, 2, 14), (30, 0, 44), (31, 7, 25), (32, 6, 39), (33, 5, 33), (34, 6, 31), (35, 0, 36), (36, 7, 56), (37, 1, 51), (38, 6, 55), (39, 6, 49), (40, 1, 57), (41, 7, 20), (42, 4, 45), (43, 5, 40), (44, 2, 46), (45, 5, 116), (46, 1, 45), (47, 4, 52), (48, 6, 103), (49, 0, 79), (50, 1, 72), (51, 7, 79), (52, 0, 55), (53, 4, 57), (54, 1, 20), (55, 7, 88), (56, 3, 77), (57, 0, 101), (58, 7, 47), (59, 4, 66), (60, 0, 66), (61, 0, 9), (62, 2, 70), (63, 3, 61), (64, 0, 72), (65, 6, 93), (66, 1, 35), (67, 7, 38), (68, 2, 40), (69, 1, 80), (70, 5, 74), (71, 2, 54), (72, 1, 63), (73, 4, 76), (74, 1, 92), (75, 5, 50), (76, 5, 82), (77, 2, 83), (78, 6, 64), (79, 5, 65), (80, 0, 96), (81, 0, 20), (82, 2, 60), (83, 7, 69), (84, 3, 55), (85, 4, 98), (86, 5, 60), (87, 6, 87), (88, 6, 73), (89, 4, 87), (90, 1, 86), (91, 0, 91), (92, 2, 76), (93, 3, 45), (94, 4, 81), (95, 0, 85), (96, 4, 113), (97, 4, 107), (98, 3, 105), (99, 3, 69), (100, 1, 100), (101, 0, 113), (102, 7, 96), (103, 3, 83), (104, 3, 94), (105, 6, 79), (106, 2, 92), (107, 2, 101), (108, 5, 100), (109, 7, 103), (110, 6, 111), (111, 1, 109), (112, 5, 109), (113, 2, 109), (114, 5, 91), (115, 3, 116), (116, 7, 109), (117, 2, 116), (118, 7, 121), (119, 1, 122), (120, 3, 122), (121, 5, 130)];0.114504;601.4112665653229;131;2.308734716464459;6.905544420047725;6.905544420047725;{'N': 30, 'max_b': 1, 'sum_of_buf': 40, 'obj': 'avg_rm'}
Sensitivity analysis Model With Bounded Number of Buffer Times (|b_j|);BBr2;./Data/PrecedenceGraphs/parsedPSPLib/graph_122_1.txt;./Data/Tasks/uniform/tasks_uniform_122_1.txt;uniform;122;8;600;[(0, 7, 0), (1, 4, 1), (2, 3, 1), (3, 2, 1), (4, 4, 6), (5, 1, 6), (6, 6, 9), (7, 4, 16), (8, 6, 15), (9, 1, 21), (10, 1, 14), (11, 3, 29), (12, 1, 26), (13, 5, 15), (14, 0, 21), (15, 6, 23), (16, 6, 29), (17, 4, 27), (18, 3, 15), (19, 0, 40), (20, 0, 65), (21, 2, 51), (22, 5, 25), (23, 6, 38), (24, 5, 7), (25, 2, 35), (26, 5, 31), (27, 7, 14), (28, 3, 7), (29, 0, 14), (30, 1, 36), (31, 2, 28), (32, 4, 35), (33, 4, 21), (34, 7, 32), (35, 5, 38), (36, 5, 62), (37, 5, 46), (38, 0, 56), (39, 6, 47), (40, 7, 60), (41, 7, 79), (42, 0, 49), (43, 4, 45), (44, 6, 62), (45, 4, 114), (46, 2, 45), (47, 4, 56), (48, 1, 90), (49, 0, 72), (50, 7, 65), (51, 2, 83), (52, 5, 52), (53, 4, 61), (54, 3, 20), (55, 6, 89), (56, 3, 62), (57, 7, 102), (58, 0, 31), (59, 6, 70), (60, 4, 69), (61, 2, 9), (62, 3, 55), (63, 6, 53), (64, 2, 76), (65, 0, 102), (66, 3, 45), (67, 2, 57), (68, 3, 39), (69, 1, 66), (70, 4, 75), (71, 7, 41), (72, 2, 66), (73, 6, 79), (74, 3, 101), (75, 7, 48), (76, 0, 84), (77, 5, 73), (78, 5, 82), (79, 1, 81), (80, 0, 92), (81, 7, 23), (82, 3, 68), (83, 1, 56), (84, 7, 73), (85, 4, 95), (86, 0, 79), (87, 3, 87), (88, 5, 67), (89, 1, 71), (90, 6, 84), (91, 0, 97), (92, 2, 92), (93, 1, 46), (94, 4, 90), (95, 7, 84), (96, 1, 113), (97, 1, 106), (98, 4, 104), (99, 2, 20), (100, 5, 101), (101, 7, 113), (102, 6, 98), (103, 3, 77), (104, 7, 91), (105, 4, 83), (106, 5, 91), (107, 1, 97), (108, 3, 93), (109, 6, 104), (110, 0, 111), (111, 5, 110), (112, 3, 108), (113, 2, 109), (114, 2, 99), (115, 3, 116), (116, 6, 109), (117, 5, 117), (118, 6, 121), (119, 4, 122), (120, 2, 121), (121, 7, 129)];0.107692;601.6671631336212;130;2.5518155028527074;9.414136451368309;9.414136451368309;{'N': 30, 'max_b': 2, 'sum_of_buf': 40, 'obj': 'avg_rm'}
Sensitivity analysis Model With Bounded Number of Buffer Times (|b_j|);BBr3;./Data/PrecedenceGraphs/parsedPSPLib/graph_122_1.txt;./Data/Tasks/uniform/tasks_uniform_122_1.txt;uniform;122;8;600;[(0, 2, 0), (1, 2, 1), (2, 6, 1), (3, 3, 1), (4, 5, 6), (5, 2, 6), (6, 0, 9), (7, 5, 16), (8, 1, 15), (9, 4, 21), (10, 2, 14), (11, 6, 23), (12, 4, 26), (13, 0, 15), (14, 5, 21), (15, 1, 22), (16, 7, 29), (17, 2, 28), (18, 7, 15), (19, 4, 36), (20, 0, 45), (21, 5, 30), (22, 0, 25), (23, 7, 38), (24, 4, 7), (25, 2, 43), (26, 1, 28), (27, 6, 14), (28, 7, 6), (29, 3, 14), (30, 3, 48), (31, 3, 31), (32, 5, 64), (33, 6, 33), (34, 0, 37), (35, 1, 37), (36, 5, 36), (37, 0, 31), (38, 6, 53), (39, 5, 48), (40, 6, 75), (41, 0, 80), (42, 1, 45), (43, 4, 51), (44, 6, 62), (45, 6, 116), (46, 6, 39), (47, 1, 52), (48, 5, 41), (49, 0, 68), (50, 6, 45), (51, 7, 84), (52, 3, 58), (53, 1, 57), (54, 7, 20), (55, 5, 93), (56, 4, 60), (57, 7, 101), (58, 0, 53), (59, 4, 75), (60, 7, 69), (61, 4, 12), (62, 0, 62), (63, 7, 55), (64, 2, 78), (65, 6, 80), (66, 3, 38), (67, 2, 54), (68, 4, 45), (69, 5, 88), (70, 5, 80), (71, 2, 63), (72, 4, 66), (73, 3, 86), (74, 2, 102), (75, 5, 54), (76, 6, 89), (77, 7, 75), (78, 2, 69), (79, 7, 46), (80, 6, 97), (81, 3, 22), (82, 2, 34), (83, 3, 69), (84, 3, 79), (85, 0, 97), (86, 6, 70), (87, 4, 84), (88, 1, 75), (89, 0, 86), (90, 5, 75), (91, 6, 102), (92, 7, 63), (93, 1, 65), (94, 3, 91), (95, 0, 74), (96, 7, 111), (97, 1, 104), (98, 3, 106), (99, 2, 20), (100, 4, 99), (101, 4, 111), (102, 5, 102), (103, 1, 81), (104, 3, 96), (105, 2, 85), (106, 2, 92), (107, 7, 93), (108, 4, 91), (109, 0, 106), (110, 2, 109), (111, 0, 111), (112, 6, 107), (113, 1, 109), (114, 1, 92), (115, 3, 117), (116, 5, 108), (117, 0, 117), (118, 4, 119), (119, 1, 123), (120, 5, 122), (121, 7, 130)];0.114504;601.3939175605774;131;2.610814399094624;7.996554342513541;7.996554342513541;{'N': 30, 'max_b': 3, 'sum_of_buf': 40, 'obj': 'avg_rm'}
Sensitivity analysis Model With Bounded Number of Buffer Times (|b_j|);BBr4;./Data/PrecedenceGraphs/parsedPSPLib/graph_122_1.txt;./Data/Tasks/uniform/tasks_uniform_122_1.txt;uniform;122;8;600;[(0, 1, 0), (1, 5, 1), (2, 2, 1), (3, 3, 1), (4, 7, 6), (5, 5, 6), (6, 2, 9), (7, 1, 16), (8, 3, 15), (9, 1, 21), (10, 6, 14), (11, 2, 25), (12, 1, 26), (13, 2, 15), (14, 4, 21), (15, 3, 22), (16, 3, 28), (17, 0, 29), (18, 0, 15), (19, 1, 36), (20, 4, 72), (21, 0, 35), (22, 5, 25), (23, 3, 37), (24, 6, 6), (25, 4, 30), (26, 6, 29), (27, 5, 14), (28, 0, 6), (29, 4, 14), (30, 2, 44), (31, 7, 25), (32, 5, 37), (33, 6, 36), (34, 6, 42), (35, 4, 40), (36, 6, 78), (37, 5, 63), (38, 1, 57), (39, 4, 56), (40, 5, 47), (41, 7, 20), (42, 1, 45), (43, 6, 50), (44, 4, 48), (45, 0, 116), (46, 0, 41), (47, 1, 52), (48, 0, 75), (49, 7, 87), (50, 7, 79), (51, 5, 88), (52, 2, 62), (53, 3, 60), (54, 0, 20), (55, 2, 72), (56, 2, 56), (57, 7, 100), (58, 7, 54), (59, 6, 69), (60, 3, 68), (61, 1, 9), (62, 7, 48), (63, 1, 66), (64, 3, 75), (65, 2, 97), (66, 0, 47), (67, 2, 35), (68, 7, 42), (69, 4, 86), (70, 5, 75), (71, 5, 31), (72, 1, 74), (73, 5, 83), (74, 5, 103), (75, 5, 52), (76, 6, 83), (77, 1, 83), (78, 0, 66), (79, 3, 51), (80, 6, 100), (81, 0, 57), (82, 7, 33), (83, 6, 59), (84, 3, 45), (85, 6, 91), (86, 7, 63), (87, 4, 80), (88, 2, 80), (89, 7, 68), (90, 2, 87), (91, 2, 92), (92, 5, 69), (93, 4, 62), (94, 3, 89), (95, 0, 92), (96, 1, 110), (97, 3, 94), (98, 6, 107), (99, 6, 20), (100, 1, 101), (101, 7, 110), (102, 5, 97), (103, 0, 82), (104, 0, 98), (105, 3, 82), (106, 1, 92), (107, 7, 93), (108, 3, 101), (109, 4, 103), (110, 5, 111), (111, 4, 111), (112, 3, 109), (113, 0, 108), (114, 4, 91), (115, 6, 117), (116, 2, 109), (117, 2, 117), (118, 3, 118), (119, 2, 122), (120, 6, 122), (121, 4, 130)];0.114504;601.5170595645905;131;2.7746826666676405;8.208487347210623;8.208487347210623;{'N': 30, 'max_b': 4, 'sum_of_buf': 40, 'obj': 'avg_rm'}
Sensitivity analysis Model With Bounded Number of Buffer Times (|b_j|);BBr5;./Data/PrecedenceGraphs/parsedPSPLib/graph_122_1.txt;./Data/Tasks/uniform/tasks_uniform_122_1.txt;uniform;122;8;600;[(0, 3, 0), (1, 0, 1), (2, 3, 1), (3, 2, 1), (4, 5, 6), (5, 1, 6), (6, 4, 9), (7, 2, 16), (8, 0, 15), (9, 3, 26), (10, 5, 16), (11, 7, 29), (12, 3, 31), (13, 4, 15), (14, 2, 21), (15, 0, 22), (16, 0, 28), (17, 2, 36), (18, 7, 15), (19, 1, 44), (20, 2, 60), (21, 3, 41), (22, 4, 25), (23, 0, 37), (24, 3, 9), (25, 1, 34), (26, 6, 29), (27, 3, 14), (28, 7, 6), (29, 1, 14), (30, 5, 45), (31, 1, 27), (32, 6, 36), (33, 1, 21), (34, 4, 31), (35, 5, 37), (36, 7, 55), (37, 6, 56), (38, 2, 51), (39, 0, 45), (40, 3, 55), (41, 1, 75), (42, 1, 53), (43, 4, 45), (44, 3, 47), (45, 7, 116), (46, 7, 49), (47, 3, 60), (48, 6, 101), (49, 1, 69), (50, 0, 69), (51, 7, 81), (52, 5, 55), (53, 3, 65), (54, 6, 20), (55, 0, 77), (56, 4, 64), (57, 1, 101), (58, 2, 42), (59, 5, 74), (60, 3, 73), (61, 6, 9), (62, 2, 30), (63, 0, 51), (64, 3, 79), (65, 2, 98), (66, 6, 46), (67, 4, 54), (68, 4, 39), (69, 2, 83), (70, 4, 80), (71, 5, 31), (72, 6, 77), (73, 5, 84), (74, 7, 100), (75, 0, 59), (76, 1, 88), (77, 5, 65), (78, 1, 60), (79, 6, 62), (80, 1, 96), (81, 7, 20), (82, 5, 22), (83, 7, 60), (84, 2, 77), (85, 5, 94), (86, 7, 70), (87, 1, 81), (88, 6, 71), (89, 2, 67), (90, 0, 91), (91, 7, 91), (92, 0, 85), (93, 7, 39), (94, 5, 89), (95, 7, 75), (96, 2, 112), (97, 2, 107), (98, 0, 104), (99, 6, 86), (100, 3, 93), (101, 1, 112), (102, 6, 94), (103, 4, 70), (104, 2, 88), (105, 3, 86), (106, 4, 88), (107, 3, 102), (108, 0, 96), (109, 5, 103), (110, 6, 108), (111, 5, 111), (112, 7, 107), (113, 3, 110), (114, 4, 97), (115, 3, 116), (116, 4, 107), (117, 4, 117), (118, 0, 120), (119, 5, 122), (120, 6, 121), (121, 0, 129)];0.107692;601.418529510498;130;2.7804061398986275;8.883597567360487;8.883597567360487;{'N': 30, 'max_b': 5, 'sum_of_buf': 40, 'obj': 'avg_rm'}
